ISO-10303-21;
HEADER;
/* Generated by software containing ST-Developer
 * from STEP Tools, Inc. (www.steptools.com) 
 */

FILE_DESCRIPTION(
/* description */ (''),
/* implementation_level */ '2;1');

FILE_NAME(
/* name */ 'rotor.step',
/* time_stamp */ '2023-11-17T17:12:58+01:00',
/* author */ (''),
/* organization */ (''),
/* preprocessor_version */ 'ST-DEVELOPER v20',
/* originating_system */ 'Autodesk Translation Framework v12.9.0.99',
/* authorisation */ '');

FILE_SCHEMA (('AUTOMOTIVE_DESIGN { 1 0 10303 214 3 1 1 }'));
ENDSEC;

DATA;
#10=MECHANICAL_DESIGN_GEOMETRIC_PRESENTATION_REPRESENTATION('',(#13),#15324);
#11=SHAPE_REPRESENTATION_RELATIONSHIP('SRR','None',#15331,#12);
#12=ADVANCED_BREP_SHAPE_REPRESENTATION('',(#14),#15323);
#13=STYLED_ITEM('',(#15340),#14);
#14=MANIFOLD_SOLID_BREP('Body1',#9640);
#15=FACE_BOUND('',#1002,.T.);
#16=FACE_BOUND('',#1003,.T.);
#17=FACE_BOUND('',#1004,.T.);
#18=FACE_BOUND('',#1005,.T.);
#19=FACE_BOUND('',#1493,.T.);
#20=FACE_BOUND('',#1494,.T.);
#21=FACE_BOUND('',#1495,.T.);
#22=FACE_BOUND('',#1496,.T.);
#23=PLANE('',#9705);
#24=PLANE('',#9706);
#25=PLANE('',#9707);
#26=PLANE('',#9708);
#27=PLANE('',#9709);
#28=PLANE('',#9710);
#29=PLANE('',#9711);
#30=PLANE('',#9712);
#31=PLANE('',#9713);
#32=PLANE('',#9714);
#33=PLANE('',#9715);
#34=PLANE('',#9716);
#35=PLANE('',#9717);
#36=PLANE('',#9718);
#37=PLANE('',#9719);
#38=PLANE('',#9720);
#39=PLANE('',#9721);
#40=PLANE('',#9722);
#41=PLANE('',#9723);
#42=PLANE('',#9724);
#43=PLANE('',#9725);
#44=PLANE('',#9726);
#45=PLANE('',#9727);
#46=PLANE('',#9728);
#47=PLANE('',#9729);
#48=PLANE('',#9730);
#49=PLANE('',#9731);
#50=PLANE('',#9732);
#51=PLANE('',#9733);
#52=PLANE('',#9734);
#53=PLANE('',#9735);
#54=PLANE('',#9736);
#55=PLANE('',#9737);
#56=PLANE('',#9738);
#57=PLANE('',#9739);
#58=PLANE('',#9740);
#59=PLANE('',#9741);
#60=PLANE('',#9742);
#61=PLANE('',#9743);
#62=PLANE('',#9744);
#63=PLANE('',#9745);
#64=PLANE('',#9746);
#65=PLANE('',#9747);
#66=PLANE('',#9748);
#67=PLANE('',#9749);
#68=PLANE('',#9750);
#69=PLANE('',#9751);
#70=PLANE('',#9752);
#71=PLANE('',#9753);
#72=PLANE('',#9754);
#73=PLANE('',#9755);
#74=PLANE('',#9756);
#75=PLANE('',#9757);
#76=PLANE('',#9758);
#77=PLANE('',#9759);
#78=PLANE('',#9760);
#79=PLANE('',#9761);
#80=PLANE('',#9762);
#81=PLANE('',#9763);
#82=PLANE('',#9764);
#83=PLANE('',#9765);
#84=PLANE('',#9766);
#85=PLANE('',#9767);
#86=PLANE('',#9768);
#87=PLANE('',#9769);
#88=PLANE('',#9770);
#89=PLANE('',#9771);
#90=PLANE('',#9772);
#91=PLANE('',#9773);
#92=PLANE('',#9774);
#93=PLANE('',#9775);
#94=PLANE('',#9776);
#95=PLANE('',#9777);
#96=PLANE('',#9778);
#97=PLANE('',#9779);
#98=PLANE('',#9780);
#99=PLANE('',#9781);
#100=PLANE('',#9782);
#101=PLANE('',#9783);
#102=PLANE('',#9784);
#103=PLANE('',#9785);
#104=PLANE('',#9786);
#105=PLANE('',#9787);
#106=PLANE('',#9788);
#107=PLANE('',#9789);
#108=PLANE('',#9790);
#109=PLANE('',#9791);
#110=PLANE('',#9792);
#111=PLANE('',#9793);
#112=PLANE('',#9794);
#113=PLANE('',#9795);
#114=PLANE('',#9796);
#115=PLANE('',#9797);
#116=PLANE('',#9798);
#117=PLANE('',#9799);
#118=PLANE('',#9800);
#119=PLANE('',#9801);
#120=PLANE('',#9802);
#121=PLANE('',#9803);
#122=PLANE('',#9804);
#123=PLANE('',#9805);
#124=PLANE('',#9806);
#125=PLANE('',#9807);
#126=PLANE('',#9808);
#127=PLANE('',#9809);
#128=PLANE('',#9810);
#129=PLANE('',#9811);
#130=PLANE('',#9812);
#131=PLANE('',#9813);
#132=PLANE('',#9814);
#133=PLANE('',#9815);
#134=PLANE('',#9816);
#135=PLANE('',#9817);
#136=PLANE('',#9818);
#137=PLANE('',#9819);
#138=PLANE('',#9820);
#139=PLANE('',#9821);
#140=PLANE('',#9822);
#141=PLANE('',#9823);
#142=PLANE('',#9824);
#143=PLANE('',#9825);
#144=PLANE('',#9826);
#145=PLANE('',#9827);
#146=PLANE('',#9828);
#147=PLANE('',#9829);
#148=PLANE('',#9830);
#149=PLANE('',#9831);
#150=PLANE('',#9832);
#151=PLANE('',#9833);
#152=PLANE('',#9834);
#153=PLANE('',#9835);
#154=PLANE('',#9836);
#155=PLANE('',#9837);
#156=PLANE('',#9838);
#157=PLANE('',#9839);
#158=PLANE('',#9840);
#159=PLANE('',#9841);
#160=PLANE('',#9842);
#161=PLANE('',#9843);
#162=PLANE('',#9844);
#163=PLANE('',#9845);
#164=PLANE('',#9846);
#165=PLANE('',#9847);
#166=PLANE('',#9848);
#167=PLANE('',#9849);
#168=PLANE('',#9850);
#169=PLANE('',#9851);
#170=PLANE('',#9852);
#171=PLANE('',#9853);
#172=PLANE('',#9854);
#173=PLANE('',#9855);
#174=PLANE('',#9856);
#175=PLANE('',#9857);
#176=PLANE('',#9858);
#177=PLANE('',#9859);
#178=PLANE('',#9860);
#179=PLANE('',#9861);
#180=PLANE('',#9862);
#181=PLANE('',#9863);
#182=PLANE('',#9864);
#183=PLANE('',#9865);
#184=PLANE('',#9866);
#185=PLANE('',#9867);
#186=PLANE('',#9868);
#187=PLANE('',#9869);
#188=PLANE('',#9870);
#189=PLANE('',#9871);
#190=PLANE('',#9872);
#191=PLANE('',#9873);
#192=PLANE('',#9874);
#193=PLANE('',#9875);
#194=PLANE('',#9876);
#195=PLANE('',#9877);
#196=PLANE('',#9878);
#197=PLANE('',#9879);
#198=PLANE('',#9880);
#199=PLANE('',#9881);
#200=PLANE('',#9882);
#201=PLANE('',#9883);
#202=PLANE('',#9884);
#203=PLANE('',#9885);
#204=PLANE('',#9886);
#205=PLANE('',#9887);
#206=PLANE('',#9888);
#207=PLANE('',#9889);
#208=PLANE('',#9890);
#209=PLANE('',#9891);
#210=PLANE('',#9892);
#211=PLANE('',#9893);
#212=PLANE('',#9894);
#213=PLANE('',#9895);
#214=PLANE('',#9896);
#215=PLANE('',#9897);
#216=PLANE('',#9898);
#217=PLANE('',#9899);
#218=PLANE('',#9900);
#219=PLANE('',#9901);
#220=PLANE('',#9902);
#221=PLANE('',#9903);
#222=PLANE('',#9904);
#223=PLANE('',#9905);
#224=PLANE('',#9906);
#225=PLANE('',#9907);
#226=PLANE('',#9908);
#227=PLANE('',#9909);
#228=PLANE('',#9910);
#229=PLANE('',#9911);
#230=PLANE('',#9912);
#231=PLANE('',#9913);
#232=PLANE('',#9914);
#233=PLANE('',#9915);
#234=PLANE('',#9916);
#235=PLANE('',#9917);
#236=PLANE('',#9918);
#237=PLANE('',#9919);
#238=PLANE('',#9920);
#239=PLANE('',#9921);
#240=PLANE('',#9922);
#241=PLANE('',#9923);
#242=PLANE('',#9924);
#243=PLANE('',#9925);
#244=PLANE('',#9926);
#245=PLANE('',#9927);
#246=PLANE('',#9928);
#247=PLANE('',#9929);
#248=PLANE('',#9930);
#249=PLANE('',#9931);
#250=PLANE('',#9932);
#251=PLANE('',#9933);
#252=PLANE('',#9934);
#253=PLANE('',#9935);
#254=PLANE('',#9936);
#255=PLANE('',#9937);
#256=PLANE('',#9938);
#257=PLANE('',#9939);
#258=PLANE('',#9940);
#259=PLANE('',#9941);
#260=PLANE('',#9942);
#261=PLANE('',#9943);
#262=PLANE('',#9944);
#263=PLANE('',#9945);
#264=PLANE('',#9946);
#265=PLANE('',#9947);
#266=PLANE('',#9948);
#267=PLANE('',#9949);
#268=PLANE('',#9950);
#269=PLANE('',#9951);
#270=PLANE('',#9952);
#271=PLANE('',#9953);
#272=PLANE('',#9954);
#273=PLANE('',#9955);
#274=PLANE('',#9956);
#275=PLANE('',#9957);
#276=PLANE('',#9958);
#277=PLANE('',#9959);
#278=PLANE('',#9960);
#279=PLANE('',#9961);
#280=PLANE('',#9962);
#281=PLANE('',#9963);
#282=PLANE('',#9964);
#283=PLANE('',#9965);
#284=PLANE('',#9966);
#285=PLANE('',#9967);
#286=PLANE('',#9968);
#287=PLANE('',#9969);
#288=PLANE('',#9970);
#289=PLANE('',#9971);
#290=PLANE('',#9972);
#291=PLANE('',#9973);
#292=PLANE('',#9974);
#293=PLANE('',#9975);
#294=PLANE('',#9976);
#295=PLANE('',#9977);
#296=PLANE('',#9978);
#297=PLANE('',#9979);
#298=PLANE('',#9980);
#299=PLANE('',#9981);
#300=PLANE('',#9982);
#301=PLANE('',#9983);
#302=PLANE('',#9984);
#303=PLANE('',#9985);
#304=PLANE('',#9986);
#305=PLANE('',#9987);
#306=PLANE('',#9988);
#307=PLANE('',#9989);
#308=PLANE('',#9990);
#309=PLANE('',#9991);
#310=PLANE('',#9992);
#311=PLANE('',#9993);
#312=PLANE('',#9994);
#313=PLANE('',#9995);
#314=PLANE('',#9996);
#315=PLANE('',#9997);
#316=PLANE('',#9998);
#317=PLANE('',#9999);
#318=PLANE('',#10000);
#319=PLANE('',#10001);
#320=PLANE('',#10002);
#321=PLANE('',#10003);
#322=PLANE('',#10004);
#323=PLANE('',#10005);
#324=PLANE('',#10006);
#325=PLANE('',#10007);
#326=PLANE('',#10008);
#327=PLANE('',#10009);
#328=PLANE('',#10010);
#329=PLANE('',#10011);
#330=PLANE('',#10012);
#331=PLANE('',#10013);
#332=PLANE('',#10014);
#333=PLANE('',#10015);
#334=PLANE('',#10016);
#335=PLANE('',#10017);
#336=PLANE('',#10018);
#337=PLANE('',#10019);
#338=PLANE('',#10020);
#339=PLANE('',#10021);
#340=PLANE('',#10022);
#341=PLANE('',#10023);
#342=PLANE('',#10024);
#343=PLANE('',#10025);
#344=PLANE('',#10026);
#345=PLANE('',#10027);
#346=PLANE('',#10028);
#347=PLANE('',#10029);
#348=PLANE('',#10030);
#349=PLANE('',#10031);
#350=PLANE('',#10032);
#351=PLANE('',#10033);
#352=PLANE('',#10034);
#353=PLANE('',#10035);
#354=PLANE('',#10036);
#355=PLANE('',#10037);
#356=PLANE('',#10038);
#357=PLANE('',#10039);
#358=PLANE('',#10040);
#359=PLANE('',#10041);
#360=PLANE('',#10042);
#361=PLANE('',#10043);
#362=PLANE('',#10044);
#363=PLANE('',#10045);
#364=PLANE('',#10046);
#365=PLANE('',#10047);
#366=PLANE('',#10048);
#367=PLANE('',#10049);
#368=PLANE('',#10050);
#369=PLANE('',#10051);
#370=PLANE('',#10052);
#371=PLANE('',#10053);
#372=PLANE('',#10054);
#373=PLANE('',#10055);
#374=PLANE('',#10056);
#375=PLANE('',#10057);
#376=PLANE('',#10058);
#377=PLANE('',#10059);
#378=PLANE('',#10060);
#379=PLANE('',#10061);
#380=PLANE('',#10062);
#381=PLANE('',#10063);
#382=PLANE('',#10064);
#383=PLANE('',#10065);
#384=PLANE('',#10066);
#385=PLANE('',#10067);
#386=PLANE('',#10068);
#387=PLANE('',#10069);
#388=PLANE('',#10070);
#389=PLANE('',#10071);
#390=PLANE('',#10072);
#391=PLANE('',#10073);
#392=PLANE('',#10074);
#393=PLANE('',#10075);
#394=PLANE('',#10076);
#395=PLANE('',#10077);
#396=PLANE('',#10078);
#397=PLANE('',#10079);
#398=PLANE('',#10080);
#399=PLANE('',#10081);
#400=PLANE('',#10082);
#401=PLANE('',#10083);
#402=PLANE('',#10084);
#403=PLANE('',#10085);
#404=PLANE('',#10086);
#405=PLANE('',#10087);
#406=PLANE('',#10088);
#407=PLANE('',#10089);
#408=PLANE('',#10090);
#409=PLANE('',#10091);
#410=PLANE('',#10092);
#411=PLANE('',#10093);
#412=PLANE('',#10094);
#413=PLANE('',#10095);
#414=PLANE('',#10096);
#415=PLANE('',#10097);
#416=PLANE('',#10098);
#417=PLANE('',#10099);
#418=PLANE('',#10100);
#419=PLANE('',#10101);
#420=PLANE('',#10102);
#421=PLANE('',#10103);
#422=PLANE('',#10104);
#423=PLANE('',#10105);
#424=PLANE('',#10106);
#425=PLANE('',#10107);
#426=PLANE('',#10108);
#427=PLANE('',#10109);
#428=PLANE('',#10110);
#429=PLANE('',#10111);
#430=PLANE('',#10112);
#431=PLANE('',#10113);
#432=PLANE('',#10114);
#433=PLANE('',#10115);
#434=PLANE('',#10116);
#435=PLANE('',#10117);
#436=PLANE('',#10118);
#437=PLANE('',#10119);
#438=PLANE('',#10120);
#439=PLANE('',#10121);
#440=PLANE('',#10122);
#441=PLANE('',#10123);
#442=PLANE('',#10124);
#443=PLANE('',#10125);
#444=PLANE('',#10126);
#445=PLANE('',#10127);
#446=PLANE('',#10128);
#447=PLANE('',#10129);
#448=PLANE('',#10130);
#449=PLANE('',#10131);
#450=PLANE('',#10132);
#451=PLANE('',#10133);
#452=PLANE('',#10134);
#453=PLANE('',#10135);
#454=PLANE('',#10136);
#455=PLANE('',#10137);
#456=PLANE('',#10138);
#457=PLANE('',#10139);
#458=PLANE('',#10140);
#459=PLANE('',#10141);
#460=PLANE('',#10142);
#461=PLANE('',#10143);
#462=PLANE('',#10144);
#463=PLANE('',#10145);
#464=PLANE('',#10146);
#465=PLANE('',#10147);
#466=PLANE('',#10148);
#467=PLANE('',#10149);
#468=PLANE('',#10150);
#469=PLANE('',#10151);
#470=PLANE('',#10152);
#471=PLANE('',#10153);
#472=PLANE('',#10154);
#473=PLANE('',#10155);
#474=PLANE('',#10156);
#475=PLANE('',#10157);
#476=PLANE('',#10158);
#477=PLANE('',#10159);
#478=PLANE('',#10160);
#479=PLANE('',#10161);
#480=PLANE('',#10162);
#481=PLANE('',#10163);
#482=PLANE('',#10164);
#483=PLANE('',#10165);
#484=PLANE('',#10166);
#485=PLANE('',#10167);
#486=PLANE('',#10168);
#487=PLANE('',#10169);
#488=PLANE('',#10170);
#489=PLANE('',#10171);
#490=PLANE('',#10172);
#491=PLANE('',#10173);
#492=PLANE('',#10174);
#493=PLANE('',#10175);
#494=PLANE('',#10176);
#495=PLANE('',#10177);
#496=PLANE('',#10178);
#497=PLANE('',#10179);
#498=PLANE('',#10180);
#499=PLANE('',#10181);
#500=PLANE('',#10182);
#501=PLANE('',#10183);
#502=PLANE('',#10184);
#503=PLANE('',#10185);
#504=PLANE('',#10186);
#505=PLANE('',#10187);
#506=PLANE('',#10188);
#507=PLANE('',#10189);
#508=PLANE('',#10190);
#509=PLANE('',#10191);
#510=PLANE('',#10192);
#511=FACE_OUTER_BOUND('',#1000,.T.);
#512=FACE_OUTER_BOUND('',#1001,.T.);
#513=FACE_OUTER_BOUND('',#1006,.T.);
#514=FACE_OUTER_BOUND('',#1007,.T.);
#515=FACE_OUTER_BOUND('',#1008,.T.);
#516=FACE_OUTER_BOUND('',#1009,.T.);
#517=FACE_OUTER_BOUND('',#1010,.T.);
#518=FACE_OUTER_BOUND('',#1011,.T.);
#519=FACE_OUTER_BOUND('',#1012,.T.);
#520=FACE_OUTER_BOUND('',#1013,.T.);
#521=FACE_OUTER_BOUND('',#1014,.T.);
#522=FACE_OUTER_BOUND('',#1015,.T.);
#523=FACE_OUTER_BOUND('',#1016,.T.);
#524=FACE_OUTER_BOUND('',#1017,.T.);
#525=FACE_OUTER_BOUND('',#1018,.T.);
#526=FACE_OUTER_BOUND('',#1019,.T.);
#527=FACE_OUTER_BOUND('',#1020,.T.);
#528=FACE_OUTER_BOUND('',#1021,.T.);
#529=FACE_OUTER_BOUND('',#1022,.T.);
#530=FACE_OUTER_BOUND('',#1023,.T.);
#531=FACE_OUTER_BOUND('',#1024,.T.);
#532=FACE_OUTER_BOUND('',#1025,.T.);
#533=FACE_OUTER_BOUND('',#1026,.T.);
#534=FACE_OUTER_BOUND('',#1027,.T.);
#535=FACE_OUTER_BOUND('',#1028,.T.);
#536=FACE_OUTER_BOUND('',#1029,.T.);
#537=FACE_OUTER_BOUND('',#1030,.T.);
#538=FACE_OUTER_BOUND('',#1031,.T.);
#539=FACE_OUTER_BOUND('',#1032,.T.);
#540=FACE_OUTER_BOUND('',#1033,.T.);
#541=FACE_OUTER_BOUND('',#1034,.T.);
#542=FACE_OUTER_BOUND('',#1035,.T.);
#543=FACE_OUTER_BOUND('',#1036,.T.);
#544=FACE_OUTER_BOUND('',#1037,.T.);
#545=FACE_OUTER_BOUND('',#1038,.T.);
#546=FACE_OUTER_BOUND('',#1039,.T.);
#547=FACE_OUTER_BOUND('',#1040,.T.);
#548=FACE_OUTER_BOUND('',#1041,.T.);
#549=FACE_OUTER_BOUND('',#1042,.T.);
#550=FACE_OUTER_BOUND('',#1043,.T.);
#551=FACE_OUTER_BOUND('',#1044,.T.);
#552=FACE_OUTER_BOUND('',#1045,.T.);
#553=FACE_OUTER_BOUND('',#1046,.T.);
#554=FACE_OUTER_BOUND('',#1047,.T.);
#555=FACE_OUTER_BOUND('',#1048,.T.);
#556=FACE_OUTER_BOUND('',#1049,.T.);
#557=FACE_OUTER_BOUND('',#1050,.T.);
#558=FACE_OUTER_BOUND('',#1051,.T.);
#559=FACE_OUTER_BOUND('',#1052,.T.);
#560=FACE_OUTER_BOUND('',#1053,.T.);
#561=FACE_OUTER_BOUND('',#1054,.T.);
#562=FACE_OUTER_BOUND('',#1055,.T.);
#563=FACE_OUTER_BOUND('',#1056,.T.);
#564=FACE_OUTER_BOUND('',#1057,.T.);
#565=FACE_OUTER_BOUND('',#1058,.T.);
#566=FACE_OUTER_BOUND('',#1059,.T.);
#567=FACE_OUTER_BOUND('',#1060,.T.);
#568=FACE_OUTER_BOUND('',#1061,.T.);
#569=FACE_OUTER_BOUND('',#1062,.T.);
#570=FACE_OUTER_BOUND('',#1063,.T.);
#571=FACE_OUTER_BOUND('',#1064,.T.);
#572=FACE_OUTER_BOUND('',#1065,.T.);
#573=FACE_OUTER_BOUND('',#1066,.T.);
#574=FACE_OUTER_BOUND('',#1067,.T.);
#575=FACE_OUTER_BOUND('',#1068,.T.);
#576=FACE_OUTER_BOUND('',#1069,.T.);
#577=FACE_OUTER_BOUND('',#1070,.T.);
#578=FACE_OUTER_BOUND('',#1071,.T.);
#579=FACE_OUTER_BOUND('',#1072,.T.);
#580=FACE_OUTER_BOUND('',#1073,.T.);
#581=FACE_OUTER_BOUND('',#1074,.T.);
#582=FACE_OUTER_BOUND('',#1075,.T.);
#583=FACE_OUTER_BOUND('',#1076,.T.);
#584=FACE_OUTER_BOUND('',#1077,.T.);
#585=FACE_OUTER_BOUND('',#1078,.T.);
#586=FACE_OUTER_BOUND('',#1079,.T.);
#587=FACE_OUTER_BOUND('',#1080,.T.);
#588=FACE_OUTER_BOUND('',#1081,.T.);
#589=FACE_OUTER_BOUND('',#1082,.T.);
#590=FACE_OUTER_BOUND('',#1083,.T.);
#591=FACE_OUTER_BOUND('',#1084,.T.);
#592=FACE_OUTER_BOUND('',#1085,.T.);
#593=FACE_OUTER_BOUND('',#1086,.T.);
#594=FACE_OUTER_BOUND('',#1087,.T.);
#595=FACE_OUTER_BOUND('',#1088,.T.);
#596=FACE_OUTER_BOUND('',#1089,.T.);
#597=FACE_OUTER_BOUND('',#1090,.T.);
#598=FACE_OUTER_BOUND('',#1091,.T.);
#599=FACE_OUTER_BOUND('',#1092,.T.);
#600=FACE_OUTER_BOUND('',#1093,.T.);
#601=FACE_OUTER_BOUND('',#1094,.T.);
#602=FACE_OUTER_BOUND('',#1095,.T.);
#603=FACE_OUTER_BOUND('',#1096,.T.);
#604=FACE_OUTER_BOUND('',#1097,.T.);
#605=FACE_OUTER_BOUND('',#1098,.T.);
#606=FACE_OUTER_BOUND('',#1099,.T.);
#607=FACE_OUTER_BOUND('',#1100,.T.);
#608=FACE_OUTER_BOUND('',#1101,.T.);
#609=FACE_OUTER_BOUND('',#1102,.T.);
#610=FACE_OUTER_BOUND('',#1103,.T.);
#611=FACE_OUTER_BOUND('',#1104,.T.);
#612=FACE_OUTER_BOUND('',#1105,.T.);
#613=FACE_OUTER_BOUND('',#1106,.T.);
#614=FACE_OUTER_BOUND('',#1107,.T.);
#615=FACE_OUTER_BOUND('',#1108,.T.);
#616=FACE_OUTER_BOUND('',#1109,.T.);
#617=FACE_OUTER_BOUND('',#1110,.T.);
#618=FACE_OUTER_BOUND('',#1111,.T.);
#619=FACE_OUTER_BOUND('',#1112,.T.);
#620=FACE_OUTER_BOUND('',#1113,.T.);
#621=FACE_OUTER_BOUND('',#1114,.T.);
#622=FACE_OUTER_BOUND('',#1115,.T.);
#623=FACE_OUTER_BOUND('',#1116,.T.);
#624=FACE_OUTER_BOUND('',#1117,.T.);
#625=FACE_OUTER_BOUND('',#1118,.T.);
#626=FACE_OUTER_BOUND('',#1119,.T.);
#627=FACE_OUTER_BOUND('',#1120,.T.);
#628=FACE_OUTER_BOUND('',#1121,.T.);
#629=FACE_OUTER_BOUND('',#1122,.T.);
#630=FACE_OUTER_BOUND('',#1123,.T.);
#631=FACE_OUTER_BOUND('',#1124,.T.);
#632=FACE_OUTER_BOUND('',#1125,.T.);
#633=FACE_OUTER_BOUND('',#1126,.T.);
#634=FACE_OUTER_BOUND('',#1127,.T.);
#635=FACE_OUTER_BOUND('',#1128,.T.);
#636=FACE_OUTER_BOUND('',#1129,.T.);
#637=FACE_OUTER_BOUND('',#1130,.T.);
#638=FACE_OUTER_BOUND('',#1131,.T.);
#639=FACE_OUTER_BOUND('',#1132,.T.);
#640=FACE_OUTER_BOUND('',#1133,.T.);
#641=FACE_OUTER_BOUND('',#1134,.T.);
#642=FACE_OUTER_BOUND('',#1135,.T.);
#643=FACE_OUTER_BOUND('',#1136,.T.);
#644=FACE_OUTER_BOUND('',#1137,.T.);
#645=FACE_OUTER_BOUND('',#1138,.T.);
#646=FACE_OUTER_BOUND('',#1139,.T.);
#647=FACE_OUTER_BOUND('',#1140,.T.);
#648=FACE_OUTER_BOUND('',#1141,.T.);
#649=FACE_OUTER_BOUND('',#1142,.T.);
#650=FACE_OUTER_BOUND('',#1143,.T.);
#651=FACE_OUTER_BOUND('',#1144,.T.);
#652=FACE_OUTER_BOUND('',#1145,.T.);
#653=FACE_OUTER_BOUND('',#1146,.T.);
#654=FACE_OUTER_BOUND('',#1147,.T.);
#655=FACE_OUTER_BOUND('',#1148,.T.);
#656=FACE_OUTER_BOUND('',#1149,.T.);
#657=FACE_OUTER_BOUND('',#1150,.T.);
#658=FACE_OUTER_BOUND('',#1151,.T.);
#659=FACE_OUTER_BOUND('',#1152,.T.);
#660=FACE_OUTER_BOUND('',#1153,.T.);
#661=FACE_OUTER_BOUND('',#1154,.T.);
#662=FACE_OUTER_BOUND('',#1155,.T.);
#663=FACE_OUTER_BOUND('',#1156,.T.);
#664=FACE_OUTER_BOUND('',#1157,.T.);
#665=FACE_OUTER_BOUND('',#1158,.T.);
#666=FACE_OUTER_BOUND('',#1159,.T.);
#667=FACE_OUTER_BOUND('',#1160,.T.);
#668=FACE_OUTER_BOUND('',#1161,.T.);
#669=FACE_OUTER_BOUND('',#1162,.T.);
#670=FACE_OUTER_BOUND('',#1163,.T.);
#671=FACE_OUTER_BOUND('',#1164,.T.);
#672=FACE_OUTER_BOUND('',#1165,.T.);
#673=FACE_OUTER_BOUND('',#1166,.T.);
#674=FACE_OUTER_BOUND('',#1167,.T.);
#675=FACE_OUTER_BOUND('',#1168,.T.);
#676=FACE_OUTER_BOUND('',#1169,.T.);
#677=FACE_OUTER_BOUND('',#1170,.T.);
#678=FACE_OUTER_BOUND('',#1171,.T.);
#679=FACE_OUTER_BOUND('',#1172,.T.);
#680=FACE_OUTER_BOUND('',#1173,.T.);
#681=FACE_OUTER_BOUND('',#1174,.T.);
#682=FACE_OUTER_BOUND('',#1175,.T.);
#683=FACE_OUTER_BOUND('',#1176,.T.);
#684=FACE_OUTER_BOUND('',#1177,.T.);
#685=FACE_OUTER_BOUND('',#1178,.T.);
#686=FACE_OUTER_BOUND('',#1179,.T.);
#687=FACE_OUTER_BOUND('',#1180,.T.);
#688=FACE_OUTER_BOUND('',#1181,.T.);
#689=FACE_OUTER_BOUND('',#1182,.T.);
#690=FACE_OUTER_BOUND('',#1183,.T.);
#691=FACE_OUTER_BOUND('',#1184,.T.);
#692=FACE_OUTER_BOUND('',#1185,.T.);
#693=FACE_OUTER_BOUND('',#1186,.T.);
#694=FACE_OUTER_BOUND('',#1187,.T.);
#695=FACE_OUTER_BOUND('',#1188,.T.);
#696=FACE_OUTER_BOUND('',#1189,.T.);
#697=FACE_OUTER_BOUND('',#1190,.T.);
#698=FACE_OUTER_BOUND('',#1191,.T.);
#699=FACE_OUTER_BOUND('',#1192,.T.);
#700=FACE_OUTER_BOUND('',#1193,.T.);
#701=FACE_OUTER_BOUND('',#1194,.T.);
#702=FACE_OUTER_BOUND('',#1195,.T.);
#703=FACE_OUTER_BOUND('',#1196,.T.);
#704=FACE_OUTER_BOUND('',#1197,.T.);
#705=FACE_OUTER_BOUND('',#1198,.T.);
#706=FACE_OUTER_BOUND('',#1199,.T.);
#707=FACE_OUTER_BOUND('',#1200,.T.);
#708=FACE_OUTER_BOUND('',#1201,.T.);
#709=FACE_OUTER_BOUND('',#1202,.T.);
#710=FACE_OUTER_BOUND('',#1203,.T.);
#711=FACE_OUTER_BOUND('',#1204,.T.);
#712=FACE_OUTER_BOUND('',#1205,.T.);
#713=FACE_OUTER_BOUND('',#1206,.T.);
#714=FACE_OUTER_BOUND('',#1207,.T.);
#715=FACE_OUTER_BOUND('',#1208,.T.);
#716=FACE_OUTER_BOUND('',#1209,.T.);
#717=FACE_OUTER_BOUND('',#1210,.T.);
#718=FACE_OUTER_BOUND('',#1211,.T.);
#719=FACE_OUTER_BOUND('',#1212,.T.);
#720=FACE_OUTER_BOUND('',#1213,.T.);
#721=FACE_OUTER_BOUND('',#1214,.T.);
#722=FACE_OUTER_BOUND('',#1215,.T.);
#723=FACE_OUTER_BOUND('',#1216,.T.);
#724=FACE_OUTER_BOUND('',#1217,.T.);
#725=FACE_OUTER_BOUND('',#1218,.T.);
#726=FACE_OUTER_BOUND('',#1219,.T.);
#727=FACE_OUTER_BOUND('',#1220,.T.);
#728=FACE_OUTER_BOUND('',#1221,.T.);
#729=FACE_OUTER_BOUND('',#1222,.T.);
#730=FACE_OUTER_BOUND('',#1223,.T.);
#731=FACE_OUTER_BOUND('',#1224,.T.);
#732=FACE_OUTER_BOUND('',#1225,.T.);
#733=FACE_OUTER_BOUND('',#1226,.T.);
#734=FACE_OUTER_BOUND('',#1227,.T.);
#735=FACE_OUTER_BOUND('',#1228,.T.);
#736=FACE_OUTER_BOUND('',#1229,.T.);
#737=FACE_OUTER_BOUND('',#1230,.T.);
#738=FACE_OUTER_BOUND('',#1231,.T.);
#739=FACE_OUTER_BOUND('',#1232,.T.);
#740=FACE_OUTER_BOUND('',#1233,.T.);
#741=FACE_OUTER_BOUND('',#1234,.T.);
#742=FACE_OUTER_BOUND('',#1235,.T.);
#743=FACE_OUTER_BOUND('',#1236,.T.);
#744=FACE_OUTER_BOUND('',#1237,.T.);
#745=FACE_OUTER_BOUND('',#1238,.T.);
#746=FACE_OUTER_BOUND('',#1239,.T.);
#747=FACE_OUTER_BOUND('',#1240,.T.);
#748=FACE_OUTER_BOUND('',#1241,.T.);
#749=FACE_OUTER_BOUND('',#1242,.T.);
#750=FACE_OUTER_BOUND('',#1243,.T.);
#751=FACE_OUTER_BOUND('',#1244,.T.);
#752=FACE_OUTER_BOUND('',#1245,.T.);
#753=FACE_OUTER_BOUND('',#1246,.T.);
#754=FACE_OUTER_BOUND('',#1247,.T.);
#755=FACE_OUTER_BOUND('',#1248,.T.);
#756=FACE_OUTER_BOUND('',#1249,.T.);
#757=FACE_OUTER_BOUND('',#1250,.T.);
#758=FACE_OUTER_BOUND('',#1251,.T.);
#759=FACE_OUTER_BOUND('',#1252,.T.);
#760=FACE_OUTER_BOUND('',#1253,.T.);
#761=FACE_OUTER_BOUND('',#1254,.T.);
#762=FACE_OUTER_BOUND('',#1255,.T.);
#763=FACE_OUTER_BOUND('',#1256,.T.);
#764=FACE_OUTER_BOUND('',#1257,.T.);
#765=FACE_OUTER_BOUND('',#1258,.T.);
#766=FACE_OUTER_BOUND('',#1259,.T.);
#767=FACE_OUTER_BOUND('',#1260,.T.);
#768=FACE_OUTER_BOUND('',#1261,.T.);
#769=FACE_OUTER_BOUND('',#1262,.T.);
#770=FACE_OUTER_BOUND('',#1263,.T.);
#771=FACE_OUTER_BOUND('',#1264,.T.);
#772=FACE_OUTER_BOUND('',#1265,.T.);
#773=FACE_OUTER_BOUND('',#1266,.T.);
#774=FACE_OUTER_BOUND('',#1267,.T.);
#775=FACE_OUTER_BOUND('',#1268,.T.);
#776=FACE_OUTER_BOUND('',#1269,.T.);
#777=FACE_OUTER_BOUND('',#1270,.T.);
#778=FACE_OUTER_BOUND('',#1271,.T.);
#779=FACE_OUTER_BOUND('',#1272,.T.);
#780=FACE_OUTER_BOUND('',#1273,.T.);
#781=FACE_OUTER_BOUND('',#1274,.T.);
#782=FACE_OUTER_BOUND('',#1275,.T.);
#783=FACE_OUTER_BOUND('',#1276,.T.);
#784=FACE_OUTER_BOUND('',#1277,.T.);
#785=FACE_OUTER_BOUND('',#1278,.T.);
#786=FACE_OUTER_BOUND('',#1279,.T.);
#787=FACE_OUTER_BOUND('',#1280,.T.);
#788=FACE_OUTER_BOUND('',#1281,.T.);
#789=FACE_OUTER_BOUND('',#1282,.T.);
#790=FACE_OUTER_BOUND('',#1283,.T.);
#791=FACE_OUTER_BOUND('',#1284,.T.);
#792=FACE_OUTER_BOUND('',#1285,.T.);
#793=FACE_OUTER_BOUND('',#1286,.T.);
#794=FACE_OUTER_BOUND('',#1287,.T.);
#795=FACE_OUTER_BOUND('',#1288,.T.);
#796=FACE_OUTER_BOUND('',#1289,.T.);
#797=FACE_OUTER_BOUND('',#1290,.T.);
#798=FACE_OUTER_BOUND('',#1291,.T.);
#799=FACE_OUTER_BOUND('',#1292,.T.);
#800=FACE_OUTER_BOUND('',#1293,.T.);
#801=FACE_OUTER_BOUND('',#1294,.T.);
#802=FACE_OUTER_BOUND('',#1295,.T.);
#803=FACE_OUTER_BOUND('',#1296,.T.);
#804=FACE_OUTER_BOUND('',#1297,.T.);
#805=FACE_OUTER_BOUND('',#1298,.T.);
#806=FACE_OUTER_BOUND('',#1299,.T.);
#807=FACE_OUTER_BOUND('',#1300,.T.);
#808=FACE_OUTER_BOUND('',#1301,.T.);
#809=FACE_OUTER_BOUND('',#1302,.T.);
#810=FACE_OUTER_BOUND('',#1303,.T.);
#811=FACE_OUTER_BOUND('',#1304,.T.);
#812=FACE_OUTER_BOUND('',#1305,.T.);
#813=FACE_OUTER_BOUND('',#1306,.T.);
#814=FACE_OUTER_BOUND('',#1307,.T.);
#815=FACE_OUTER_BOUND('',#1308,.T.);
#816=FACE_OUTER_BOUND('',#1309,.T.);
#817=FACE_OUTER_BOUND('',#1310,.T.);
#818=FACE_OUTER_BOUND('',#1311,.T.);
#819=FACE_OUTER_BOUND('',#1312,.T.);
#820=FACE_OUTER_BOUND('',#1313,.T.);
#821=FACE_OUTER_BOUND('',#1314,.T.);
#822=FACE_OUTER_BOUND('',#1315,.T.);
#823=FACE_OUTER_BOUND('',#1316,.T.);
#824=FACE_OUTER_BOUND('',#1317,.T.);
#825=FACE_OUTER_BOUND('',#1318,.T.);
#826=FACE_OUTER_BOUND('',#1319,.T.);
#827=FACE_OUTER_BOUND('',#1320,.T.);
#828=FACE_OUTER_BOUND('',#1321,.T.);
#829=FACE_OUTER_BOUND('',#1322,.T.);
#830=FACE_OUTER_BOUND('',#1323,.T.);
#831=FACE_OUTER_BOUND('',#1324,.T.);
#832=FACE_OUTER_BOUND('',#1325,.T.);
#833=FACE_OUTER_BOUND('',#1326,.T.);
#834=FACE_OUTER_BOUND('',#1327,.T.);
#835=FACE_OUTER_BOUND('',#1328,.T.);
#836=FACE_OUTER_BOUND('',#1329,.T.);
#837=FACE_OUTER_BOUND('',#1330,.T.);
#838=FACE_OUTER_BOUND('',#1331,.T.);
#839=FACE_OUTER_BOUND('',#1332,.T.);
#840=FACE_OUTER_BOUND('',#1333,.T.);
#841=FACE_OUTER_BOUND('',#1334,.T.);
#842=FACE_OUTER_BOUND('',#1335,.T.);
#843=FACE_OUTER_BOUND('',#1336,.T.);
#844=FACE_OUTER_BOUND('',#1337,.T.);
#845=FACE_OUTER_BOUND('',#1338,.T.);
#846=FACE_OUTER_BOUND('',#1339,.T.);
#847=FACE_OUTER_BOUND('',#1340,.T.);
#848=FACE_OUTER_BOUND('',#1341,.T.);
#849=FACE_OUTER_BOUND('',#1342,.T.);
#850=FACE_OUTER_BOUND('',#1343,.T.);
#851=FACE_OUTER_BOUND('',#1344,.T.);
#852=FACE_OUTER_BOUND('',#1345,.T.);
#853=FACE_OUTER_BOUND('',#1346,.T.);
#854=FACE_OUTER_BOUND('',#1347,.T.);
#855=FACE_OUTER_BOUND('',#1348,.T.);
#856=FACE_OUTER_BOUND('',#1349,.T.);
#857=FACE_OUTER_BOUND('',#1350,.T.);
#858=FACE_OUTER_BOUND('',#1351,.T.);
#859=FACE_OUTER_BOUND('',#1352,.T.);
#860=FACE_OUTER_BOUND('',#1353,.T.);
#861=FACE_OUTER_BOUND('',#1354,.T.);
#862=FACE_OUTER_BOUND('',#1355,.T.);
#863=FACE_OUTER_BOUND('',#1356,.T.);
#864=FACE_OUTER_BOUND('',#1357,.T.);
#865=FACE_OUTER_BOUND('',#1358,.T.);
#866=FACE_OUTER_BOUND('',#1359,.T.);
#867=FACE_OUTER_BOUND('',#1360,.T.);
#868=FACE_OUTER_BOUND('',#1361,.T.);
#869=FACE_OUTER_BOUND('',#1362,.T.);
#870=FACE_OUTER_BOUND('',#1363,.T.);
#871=FACE_OUTER_BOUND('',#1364,.T.);
#872=FACE_OUTER_BOUND('',#1365,.T.);
#873=FACE_OUTER_BOUND('',#1366,.T.);
#874=FACE_OUTER_BOUND('',#1367,.T.);
#875=FACE_OUTER_BOUND('',#1368,.T.);
#876=FACE_OUTER_BOUND('',#1369,.T.);
#877=FACE_OUTER_BOUND('',#1370,.T.);
#878=FACE_OUTER_BOUND('',#1371,.T.);
#879=FACE_OUTER_BOUND('',#1372,.T.);
#880=FACE_OUTER_BOUND('',#1373,.T.);
#881=FACE_OUTER_BOUND('',#1374,.T.);
#882=FACE_OUTER_BOUND('',#1375,.T.);
#883=FACE_OUTER_BOUND('',#1376,.T.);
#884=FACE_OUTER_BOUND('',#1377,.T.);
#885=FACE_OUTER_BOUND('',#1378,.T.);
#886=FACE_OUTER_BOUND('',#1379,.T.);
#887=FACE_OUTER_BOUND('',#1380,.T.);
#888=FACE_OUTER_BOUND('',#1381,.T.);
#889=FACE_OUTER_BOUND('',#1382,.T.);
#890=FACE_OUTER_BOUND('',#1383,.T.);
#891=FACE_OUTER_BOUND('',#1384,.T.);
#892=FACE_OUTER_BOUND('',#1385,.T.);
#893=FACE_OUTER_BOUND('',#1386,.T.);
#894=FACE_OUTER_BOUND('',#1387,.T.);
#895=FACE_OUTER_BOUND('',#1388,.T.);
#896=FACE_OUTER_BOUND('',#1389,.T.);
#897=FACE_OUTER_BOUND('',#1390,.T.);
#898=FACE_OUTER_BOUND('',#1391,.T.);
#899=FACE_OUTER_BOUND('',#1392,.T.);
#900=FACE_OUTER_BOUND('',#1393,.T.);
#901=FACE_OUTER_BOUND('',#1394,.T.);
#902=FACE_OUTER_BOUND('',#1395,.T.);
#903=FACE_OUTER_BOUND('',#1396,.T.);
#904=FACE_OUTER_BOUND('',#1397,.T.);
#905=FACE_OUTER_BOUND('',#1398,.T.);
#906=FACE_OUTER_BOUND('',#1399,.T.);
#907=FACE_OUTER_BOUND('',#1400,.T.);
#908=FACE_OUTER_BOUND('',#1401,.T.);
#909=FACE_OUTER_BOUND('',#1402,.T.);
#910=FACE_OUTER_BOUND('',#1403,.T.);
#911=FACE_OUTER_BOUND('',#1404,.T.);
#912=FACE_OUTER_BOUND('',#1405,.T.);
#913=FACE_OUTER_BOUND('',#1406,.T.);
#914=FACE_OUTER_BOUND('',#1407,.T.);
#915=FACE_OUTER_BOUND('',#1408,.T.);
#916=FACE_OUTER_BOUND('',#1409,.T.);
#917=FACE_OUTER_BOUND('',#1410,.T.);
#918=FACE_OUTER_BOUND('',#1411,.T.);
#919=FACE_OUTER_BOUND('',#1412,.T.);
#920=FACE_OUTER_BOUND('',#1413,.T.);
#921=FACE_OUTER_BOUND('',#1414,.T.);
#922=FACE_OUTER_BOUND('',#1415,.T.);
#923=FACE_OUTER_BOUND('',#1416,.T.);
#924=FACE_OUTER_BOUND('',#1417,.T.);
#925=FACE_OUTER_BOUND('',#1418,.T.);
#926=FACE_OUTER_BOUND('',#1419,.T.);
#927=FACE_OUTER_BOUND('',#1420,.T.);
#928=FACE_OUTER_BOUND('',#1421,.T.);
#929=FACE_OUTER_BOUND('',#1422,.T.);
#930=FACE_OUTER_BOUND('',#1423,.T.);
#931=FACE_OUTER_BOUND('',#1424,.T.);
#932=FACE_OUTER_BOUND('',#1425,.T.);
#933=FACE_OUTER_BOUND('',#1426,.T.);
#934=FACE_OUTER_BOUND('',#1427,.T.);
#935=FACE_OUTER_BOUND('',#1428,.T.);
#936=FACE_OUTER_BOUND('',#1429,.T.);
#937=FACE_OUTER_BOUND('',#1430,.T.);
#938=FACE_OUTER_BOUND('',#1431,.T.);
#939=FACE_OUTER_BOUND('',#1432,.T.);
#940=FACE_OUTER_BOUND('',#1433,.T.);
#941=FACE_OUTER_BOUND('',#1434,.T.);
#942=FACE_OUTER_BOUND('',#1435,.T.);
#943=FACE_OUTER_BOUND('',#1436,.T.);
#944=FACE_OUTER_BOUND('',#1437,.T.);
#945=FACE_OUTER_BOUND('',#1438,.T.);
#946=FACE_OUTER_BOUND('',#1439,.T.);
#947=FACE_OUTER_BOUND('',#1440,.T.);
#948=FACE_OUTER_BOUND('',#1441,.T.);
#949=FACE_OUTER_BOUND('',#1442,.T.);
#950=FACE_OUTER_BOUND('',#1443,.T.);
#951=FACE_OUTER_BOUND('',#1444,.T.);
#952=FACE_OUTER_BOUND('',#1445,.T.);
#953=FACE_OUTER_BOUND('',#1446,.T.);
#954=FACE_OUTER_BOUND('',#1447,.T.);
#955=FACE_OUTER_BOUND('',#1448,.T.);
#956=FACE_OUTER_BOUND('',#1449,.T.);
#957=FACE_OUTER_BOUND('',#1450,.T.);
#958=FACE_OUTER_BOUND('',#1451,.T.);
#959=FACE_OUTER_BOUND('',#1452,.T.);
#960=FACE_OUTER_BOUND('',#1453,.T.);
#961=FACE_OUTER_BOUND('',#1454,.T.);
#962=FACE_OUTER_BOUND('',#1455,.T.);
#963=FACE_OUTER_BOUND('',#1456,.T.);
#964=FACE_OUTER_BOUND('',#1457,.T.);
#965=FACE_OUTER_BOUND('',#1458,.T.);
#966=FACE_OUTER_BOUND('',#1459,.T.);
#967=FACE_OUTER_BOUND('',#1460,.T.);
#968=FACE_OUTER_BOUND('',#1461,.T.);
#969=FACE_OUTER_BOUND('',#1462,.T.);
#970=FACE_OUTER_BOUND('',#1463,.T.);
#971=FACE_OUTER_BOUND('',#1464,.T.);
#972=FACE_OUTER_BOUND('',#1465,.T.);
#973=FACE_OUTER_BOUND('',#1466,.T.);
#974=FACE_OUTER_BOUND('',#1467,.T.);
#975=FACE_OUTER_BOUND('',#1468,.T.);
#976=FACE_OUTER_BOUND('',#1469,.T.);
#977=FACE_OUTER_BOUND('',#1470,.T.);
#978=FACE_OUTER_BOUND('',#1471,.T.);
#979=FACE_OUTER_BOUND('',#1472,.T.);
#980=FACE_OUTER_BOUND('',#1473,.T.);
#981=FACE_OUTER_BOUND('',#1474,.T.);
#982=FACE_OUTER_BOUND('',#1475,.T.);
#983=FACE_OUTER_BOUND('',#1476,.T.);
#984=FACE_OUTER_BOUND('',#1477,.T.);
#985=FACE_OUTER_BOUND('',#1478,.T.);
#986=FACE_OUTER_BOUND('',#1479,.T.);
#987=FACE_OUTER_BOUND('',#1480,.T.);
#988=FACE_OUTER_BOUND('',#1481,.T.);
#989=FACE_OUTER_BOUND('',#1482,.T.);
#990=FACE_OUTER_BOUND('',#1483,.T.);
#991=FACE_OUTER_BOUND('',#1484,.T.);
#992=FACE_OUTER_BOUND('',#1485,.T.);
#993=FACE_OUTER_BOUND('',#1486,.T.);
#994=FACE_OUTER_BOUND('',#1487,.T.);
#995=FACE_OUTER_BOUND('',#1488,.T.);
#996=FACE_OUTER_BOUND('',#1489,.T.);
#997=FACE_OUTER_BOUND('',#1490,.T.);
#998=FACE_OUTER_BOUND('',#1491,.T.);
#999=FACE_OUTER_BOUND('',#1492,.T.);
#1000=EDGE_LOOP('',(#6420,#6421,#6422,#6423,#6424,#6425,#6426,#6427,#6428,
#6429,#6430,#6431,#6432,#6433,#6434,#6435,#6436,#6437,#6438,#6439,#6440,
#6441,#6442,#6443,#6444,#6445,#6446,#6447,#6448,#6449,#6450,#6451,#6452,
#6453,#6454,#6455,#6456,#6457,#6458,#6459,#6460,#6461,#6462,#6463,#6464,
#6465,#6466,#6467,#6468,#6469,#6470,#6471));
#1001=EDGE_LOOP('',(#6472,#6473,#6474,#6475,#6476,#6477,#6478,#6479,#6480,
#6481,#6482,#6483,#6484,#6485,#6486,#6487,#6488,#6489,#6490,#6491,#6492,
#6493,#6494,#6495,#6496,#6497,#6498,#6499,#6500,#6501,#6502,#6503,#6504,
#6505,#6506,#6507,#6508,#6509,#6510,#6511,#6512,#6513,#6514,#6515,#6516,
#6517,#6518,#6519,#6520,#6521,#6522,#6523,#6524,#6525,#6526,#6527,#6528,
#6529,#6530,#6531,#6532,#6533,#6534,#6535,#6536,#6537,#6538,#6539,#6540,
#6541,#6542,#6543,#6544,#6545,#6546,#6547,#6548,#6549,#6550,#6551,#6552,
#6553,#6554,#6555,#6556,#6557,#6558,#6559,#6560,#6561,#6562,#6563,#6564));
#1002=EDGE_LOOP('',(#6565,#6566,#6567,#6568,#6569,#6570,#6571,#6572,#6573,
#6574,#6575,#6576,#6577,#6578,#6579,#6580,#6581,#6582,#6583,#6584,#6585,
#6586,#6587,#6588,#6589,#6590,#6591,#6592,#6593,#6594,#6595,#6596,#6597,
#6598,#6599,#6600,#6601,#6602,#6603,#6604,#6605,#6606,#6607,#6608,#6609,
#6610,#6611,#6612,#6613,#6614,#6615));
#1003=EDGE_LOOP('',(#6616,#6617,#6618,#6619,#6620,#6621,#6622,#6623,#6624,
#6625,#6626,#6627,#6628,#6629,#6630,#6631,#6632,#6633,#6634,#6635,#6636,
#6637,#6638,#6639,#6640,#6641,#6642,#6643,#6644,#6645,#6646,#6647,#6648,
#6649,#6650,#6651,#6652,#6653,#6654,#6655,#6656,#6657,#6658,#6659,#6660,
#6661,#6662,#6663,#6664,#6665,#6666));
#1004=EDGE_LOOP('',(#6667));
#1005=EDGE_LOOP('',(#6668,#6669,#6670,#6671,#6672,#6673,#6674,#6675,#6676,
#6677,#6678,#6679,#6680,#6681,#6682,#6683,#6684,#6685,#6686,#6687,#6688,
#6689,#6690,#6691,#6692,#6693,#6694,#6695,#6696,#6697,#6698,#6699,#6700,
#6701,#6702,#6703,#6704,#6705,#6706,#6707,#6708,#6709,#6710,#6711,#6712,
#6713,#6714,#6715,#6716,#6717,#6718));
#1006=EDGE_LOOP('',(#6719,#6720,#6721,#6722,#6723,#6724,#6725,#6726));
#1007=EDGE_LOOP('',(#6727,#6728));
#1008=EDGE_LOOP('',(#6729,#6730,#6731,#6732,#6733,#6734,#6735,#6736));
#1009=EDGE_LOOP('',(#6737,#6738));
#1010=EDGE_LOOP('',(#6739,#6740,#6741,#6742,#6743,#6744,#6745,#6746));
#1011=EDGE_LOOP('',(#6747,#6748));
#1012=EDGE_LOOP('',(#6749,#6750,#6751,#6752,#6753,#6754,#6755,#6756));
#1013=EDGE_LOOP('',(#6757,#6758));
#1014=EDGE_LOOP('',(#6759,#6760,#6761,#6762,#6763,#6764,#6765,#6766));
#1015=EDGE_LOOP('',(#6767,#6768));
#1016=EDGE_LOOP('',(#6769,#6770,#6771,#6772,#6773,#6774,#6775,#6776));
#1017=EDGE_LOOP('',(#6777,#6778));
#1018=EDGE_LOOP('',(#6779,#6780,#6781,#6782,#6783,#6784,#6785,#6786));
#1019=EDGE_LOOP('',(#6787,#6788));
#1020=EDGE_LOOP('',(#6789,#6790,#6791,#6792,#6793,#6794,#6795,#6796));
#1021=EDGE_LOOP('',(#6797,#6798));
#1022=EDGE_LOOP('',(#6799,#6800,#6801,#6802,#6803,#6804,#6805,#6806));
#1023=EDGE_LOOP('',(#6807,#6808));
#1024=EDGE_LOOP('',(#6809,#6810,#6811,#6812,#6813,#6814,#6815,#6816));
#1025=EDGE_LOOP('',(#6817,#6818));
#1026=EDGE_LOOP('',(#6819,#6820,#6821,#6822,#6823,#6824,#6825,#6826));
#1027=EDGE_LOOP('',(#6827,#6828));
#1028=EDGE_LOOP('',(#6829,#6830,#6831,#6832,#6833,#6834,#6835,#6836));
#1029=EDGE_LOOP('',(#6837,#6838));
#1030=EDGE_LOOP('',(#6839,#6840,#6841,#6842,#6843,#6844,#6845,#6846));
#1031=EDGE_LOOP('',(#6847,#6848));
#1032=EDGE_LOOP('',(#6849,#6850,#6851,#6852,#6853,#6854,#6855,#6856));
#1033=EDGE_LOOP('',(#6857,#6858));
#1034=EDGE_LOOP('',(#6859,#6860,#6861,#6862,#6863,#6864,#6865,#6866));
#1035=EDGE_LOOP('',(#6867,#6868));
#1036=EDGE_LOOP('',(#6869,#6870,#6871,#6872,#6873,#6874,#6875,#6876));
#1037=EDGE_LOOP('',(#6877,#6878));
#1038=EDGE_LOOP('',(#6879,#6880,#6881,#6882,#6883,#6884,#6885,#6886));
#1039=EDGE_LOOP('',(#6887,#6888));
#1040=EDGE_LOOP('',(#6889,#6890,#6891,#6892,#6893,#6894,#6895,#6896));
#1041=EDGE_LOOP('',(#6897,#6898));
#1042=EDGE_LOOP('',(#6899,#6900,#6901,#6902,#6903,#6904,#6905,#6906));
#1043=EDGE_LOOP('',(#6907,#6908));
#1044=EDGE_LOOP('',(#6909,#6910,#6911,#6912,#6913,#6914,#6915,#6916));
#1045=EDGE_LOOP('',(#6917,#6918));
#1046=EDGE_LOOP('',(#6919,#6920,#6921,#6922,#6923,#6924,#6925,#6926));
#1047=EDGE_LOOP('',(#6927,#6928));
#1048=EDGE_LOOP('',(#6929,#6930,#6931,#6932,#6933,#6934,#6935,#6936));
#1049=EDGE_LOOP('',(#6937,#6938));
#1050=EDGE_LOOP('',(#6939,#6940,#6941,#6942,#6943,#6944,#6945,#6946));
#1051=EDGE_LOOP('',(#6947,#6948));
#1052=EDGE_LOOP('',(#6949,#6950,#6951,#6952,#6953,#6954,#6955,#6956));
#1053=EDGE_LOOP('',(#6957,#6958,#6959));
#1054=EDGE_LOOP('',(#6960,#6961,#6962,#6963));
#1055=EDGE_LOOP('',(#6964,#6965,#6966,#6967));
#1056=EDGE_LOOP('',(#6968,#6969,#6970,#6971));
#1057=EDGE_LOOP('',(#6972,#6973,#6974,#6975));
#1058=EDGE_LOOP('',(#6976,#6977,#6978,#6979));
#1059=EDGE_LOOP('',(#6980,#6981,#6982,#6983));
#1060=EDGE_LOOP('',(#6984,#6985,#6986,#6987));
#1061=EDGE_LOOP('',(#6988,#6989,#6990,#6991));
#1062=EDGE_LOOP('',(#6992,#6993,#6994,#6995));
#1063=EDGE_LOOP('',(#6996,#6997,#6998,#6999));
#1064=EDGE_LOOP('',(#7000,#7001,#7002,#7003));
#1065=EDGE_LOOP('',(#7004,#7005,#7006,#7007));
#1066=EDGE_LOOP('',(#7008,#7009,#7010,#7011));
#1067=EDGE_LOOP('',(#7012,#7013,#7014,#7015));
#1068=EDGE_LOOP('',(#7016,#7017,#7018,#7019));
#1069=EDGE_LOOP('',(#7020,#7021,#7022,#7023));
#1070=EDGE_LOOP('',(#7024,#7025,#7026,#7027));
#1071=EDGE_LOOP('',(#7028,#7029,#7030,#7031));
#1072=EDGE_LOOP('',(#7032,#7033,#7034,#7035));
#1073=EDGE_LOOP('',(#7036,#7037,#7038,#7039));
#1074=EDGE_LOOP('',(#7040,#7041,#7042,#7043));
#1075=EDGE_LOOP('',(#7044,#7045,#7046,#7047));
#1076=EDGE_LOOP('',(#7048,#7049,#7050,#7051));
#1077=EDGE_LOOP('',(#7052,#7053,#7054,#7055));
#1078=EDGE_LOOP('',(#7056,#7057,#7058,#7059));
#1079=EDGE_LOOP('',(#7060,#7061,#7062,#7063));
#1080=EDGE_LOOP('',(#7064,#7065,#7066,#7067));
#1081=EDGE_LOOP('',(#7068,#7069,#7070,#7071));
#1082=EDGE_LOOP('',(#7072,#7073,#7074,#7075));
#1083=EDGE_LOOP('',(#7076,#7077,#7078,#7079));
#1084=EDGE_LOOP('',(#7080,#7081,#7082,#7083));
#1085=EDGE_LOOP('',(#7084,#7085,#7086,#7087));
#1086=EDGE_LOOP('',(#7088,#7089,#7090,#7091));
#1087=EDGE_LOOP('',(#7092,#7093,#7094,#7095));
#1088=EDGE_LOOP('',(#7096,#7097,#7098,#7099));
#1089=EDGE_LOOP('',(#7100,#7101,#7102,#7103));
#1090=EDGE_LOOP('',(#7104,#7105,#7106,#7107));
#1091=EDGE_LOOP('',(#7108,#7109,#7110,#7111));
#1092=EDGE_LOOP('',(#7112,#7113,#7114,#7115));
#1093=EDGE_LOOP('',(#7116,#7117,#7118,#7119));
#1094=EDGE_LOOP('',(#7120,#7121,#7122,#7123));
#1095=EDGE_LOOP('',(#7124,#7125,#7126,#7127));
#1096=EDGE_LOOP('',(#7128,#7129,#7130,#7131));
#1097=EDGE_LOOP('',(#7132,#7133,#7134,#7135));
#1098=EDGE_LOOP('',(#7136,#7137,#7138,#7139));
#1099=EDGE_LOOP('',(#7140,#7141,#7142,#7143));
#1100=EDGE_LOOP('',(#7144,#7145,#7146,#7147));
#1101=EDGE_LOOP('',(#7148,#7149,#7150,#7151));
#1102=EDGE_LOOP('',(#7152,#7153,#7154,#7155));
#1103=EDGE_LOOP('',(#7156,#7157,#7158,#7159));
#1104=EDGE_LOOP('',(#7160,#7161,#7162,#7163));
#1105=EDGE_LOOP('',(#7164,#7165,#7166,#7167));
#1106=EDGE_LOOP('',(#7168,#7169,#7170,#7171));
#1107=EDGE_LOOP('',(#7172,#7173,#7174,#7175));
#1108=EDGE_LOOP('',(#7176,#7177,#7178,#7179));
#1109=EDGE_LOOP('',(#7180,#7181,#7182,#7183));
#1110=EDGE_LOOP('',(#7184,#7185,#7186,#7187));
#1111=EDGE_LOOP('',(#7188,#7189,#7190,#7191));
#1112=EDGE_LOOP('',(#7192,#7193,#7194,#7195));
#1113=EDGE_LOOP('',(#7196,#7197,#7198,#7199));
#1114=EDGE_LOOP('',(#7200,#7201,#7202,#7203));
#1115=EDGE_LOOP('',(#7204,#7205,#7206,#7207));
#1116=EDGE_LOOP('',(#7208,#7209,#7210,#7211));
#1117=EDGE_LOOP('',(#7212,#7213,#7214,#7215));
#1118=EDGE_LOOP('',(#7216,#7217,#7218,#7219));
#1119=EDGE_LOOP('',(#7220,#7221,#7222,#7223));
#1120=EDGE_LOOP('',(#7224,#7225,#7226,#7227));
#1121=EDGE_LOOP('',(#7228,#7229,#7230,#7231));
#1122=EDGE_LOOP('',(#7232,#7233,#7234,#7235));
#1123=EDGE_LOOP('',(#7236,#7237,#7238,#7239));
#1124=EDGE_LOOP('',(#7240,#7241,#7242,#7243));
#1125=EDGE_LOOP('',(#7244,#7245,#7246,#7247));
#1126=EDGE_LOOP('',(#7248,#7249,#7250,#7251));
#1127=EDGE_LOOP('',(#7252,#7253,#7254,#7255));
#1128=EDGE_LOOP('',(#7256,#7257,#7258,#7259));
#1129=EDGE_LOOP('',(#7260,#7261,#7262,#7263));
#1130=EDGE_LOOP('',(#7264,#7265,#7266,#7267));
#1131=EDGE_LOOP('',(#7268,#7269,#7270,#7271));
#1132=EDGE_LOOP('',(#7272,#7273,#7274,#7275));
#1133=EDGE_LOOP('',(#7276,#7277,#7278,#7279));
#1134=EDGE_LOOP('',(#7280,#7281,#7282,#7283));
#1135=EDGE_LOOP('',(#7284,#7285,#7286,#7287));
#1136=EDGE_LOOP('',(#7288,#7289,#7290,#7291));
#1137=EDGE_LOOP('',(#7292,#7293,#7294,#7295));
#1138=EDGE_LOOP('',(#7296,#7297,#7298,#7299));
#1139=EDGE_LOOP('',(#7300,#7301,#7302,#7303));
#1140=EDGE_LOOP('',(#7304,#7305,#7306,#7307));
#1141=EDGE_LOOP('',(#7308,#7309,#7310,#7311));
#1142=EDGE_LOOP('',(#7312,#7313,#7314,#7315));
#1143=EDGE_LOOP('',(#7316,#7317,#7318,#7319));
#1144=EDGE_LOOP('',(#7320,#7321,#7322,#7323));
#1145=EDGE_LOOP('',(#7324,#7325,#7326,#7327));
#1146=EDGE_LOOP('',(#7328,#7329,#7330,#7331));
#1147=EDGE_LOOP('',(#7332,#7333,#7334,#7335));
#1148=EDGE_LOOP('',(#7336,#7337,#7338,#7339));
#1149=EDGE_LOOP('',(#7340,#7341,#7342,#7343));
#1150=EDGE_LOOP('',(#7344,#7345,#7346,#7347));
#1151=EDGE_LOOP('',(#7348,#7349,#7350,#7351));
#1152=EDGE_LOOP('',(#7352,#7353,#7354,#7355));
#1153=EDGE_LOOP('',(#7356,#7357,#7358,#7359));
#1154=EDGE_LOOP('',(#7360,#7361,#7362,#7363));
#1155=EDGE_LOOP('',(#7364,#7365,#7366,#7367));
#1156=EDGE_LOOP('',(#7368,#7369,#7370,#7371));
#1157=EDGE_LOOP('',(#7372,#7373,#7374,#7375));
#1158=EDGE_LOOP('',(#7376,#7377,#7378,#7379));
#1159=EDGE_LOOP('',(#7380,#7381,#7382,#7383));
#1160=EDGE_LOOP('',(#7384,#7385,#7386,#7387));
#1161=EDGE_LOOP('',(#7388,#7389,#7390,#7391));
#1162=EDGE_LOOP('',(#7392,#7393,#7394,#7395));
#1163=EDGE_LOOP('',(#7396,#7397,#7398,#7399));
#1164=EDGE_LOOP('',(#7400,#7401,#7402,#7403));
#1165=EDGE_LOOP('',(#7404,#7405,#7406,#7407));
#1166=EDGE_LOOP('',(#7408,#7409,#7410,#7411));
#1167=EDGE_LOOP('',(#7412,#7413,#7414,#7415));
#1168=EDGE_LOOP('',(#7416,#7417,#7418,#7419));
#1169=EDGE_LOOP('',(#7420,#7421,#7422,#7423));
#1170=EDGE_LOOP('',(#7424,#7425,#7426,#7427));
#1171=EDGE_LOOP('',(#7428,#7429,#7430,#7431));
#1172=EDGE_LOOP('',(#7432,#7433,#7434,#7435));
#1173=EDGE_LOOP('',(#7436,#7437,#7438,#7439));
#1174=EDGE_LOOP('',(#7440,#7441,#7442,#7443));
#1175=EDGE_LOOP('',(#7444,#7445,#7446,#7447));
#1176=EDGE_LOOP('',(#7448,#7449,#7450,#7451));
#1177=EDGE_LOOP('',(#7452,#7453,#7454,#7455));
#1178=EDGE_LOOP('',(#7456,#7457,#7458,#7459));
#1179=EDGE_LOOP('',(#7460,#7461,#7462,#7463));
#1180=EDGE_LOOP('',(#7464,#7465,#7466,#7467));
#1181=EDGE_LOOP('',(#7468,#7469,#7470,#7471));
#1182=EDGE_LOOP('',(#7472,#7473,#7474,#7475));
#1183=EDGE_LOOP('',(#7476,#7477,#7478,#7479));
#1184=EDGE_LOOP('',(#7480,#7481,#7482,#7483));
#1185=EDGE_LOOP('',(#7484,#7485,#7486,#7487));
#1186=EDGE_LOOP('',(#7488,#7489,#7490,#7491));
#1187=EDGE_LOOP('',(#7492,#7493,#7494,#7495));
#1188=EDGE_LOOP('',(#7496,#7497,#7498,#7499));
#1189=EDGE_LOOP('',(#7500,#7501,#7502,#7503));
#1190=EDGE_LOOP('',(#7504,#7505,#7506,#7507));
#1191=EDGE_LOOP('',(#7508,#7509,#7510,#7511));
#1192=EDGE_LOOP('',(#7512,#7513,#7514,#7515));
#1193=EDGE_LOOP('',(#7516,#7517,#7518,#7519));
#1194=EDGE_LOOP('',(#7520,#7521,#7522,#7523));
#1195=EDGE_LOOP('',(#7524,#7525,#7526,#7527));
#1196=EDGE_LOOP('',(#7528,#7529,#7530,#7531));
#1197=EDGE_LOOP('',(#7532,#7533,#7534,#7535));
#1198=EDGE_LOOP('',(#7536,#7537,#7538,#7539));
#1199=EDGE_LOOP('',(#7540,#7541,#7542,#7543));
#1200=EDGE_LOOP('',(#7544,#7545,#7546,#7547));
#1201=EDGE_LOOP('',(#7548,#7549,#7550,#7551));
#1202=EDGE_LOOP('',(#7552,#7553,#7554,#7555));
#1203=EDGE_LOOP('',(#7556,#7557,#7558,#7559));
#1204=EDGE_LOOP('',(#7560,#7561,#7562,#7563));
#1205=EDGE_LOOP('',(#7564,#7565,#7566,#7567));
#1206=EDGE_LOOP('',(#7568,#7569,#7570,#7571));
#1207=EDGE_LOOP('',(#7572,#7573,#7574,#7575));
#1208=EDGE_LOOP('',(#7576,#7577,#7578,#7579));
#1209=EDGE_LOOP('',(#7580,#7581,#7582,#7583));
#1210=EDGE_LOOP('',(#7584,#7585,#7586,#7587));
#1211=EDGE_LOOP('',(#7588,#7589,#7590,#7591));
#1212=EDGE_LOOP('',(#7592,#7593,#7594,#7595));
#1213=EDGE_LOOP('',(#7596,#7597,#7598,#7599));
#1214=EDGE_LOOP('',(#7600,#7601,#7602,#7603));
#1215=EDGE_LOOP('',(#7604,#7605,#7606,#7607));
#1216=EDGE_LOOP('',(#7608,#7609,#7610,#7611));
#1217=EDGE_LOOP('',(#7612,#7613,#7614,#7615));
#1218=EDGE_LOOP('',(#7616,#7617,#7618,#7619));
#1219=EDGE_LOOP('',(#7620,#7621,#7622,#7623));
#1220=EDGE_LOOP('',(#7624,#7625,#7626,#7627));
#1221=EDGE_LOOP('',(#7628,#7629,#7630,#7631));
#1222=EDGE_LOOP('',(#7632,#7633,#7634,#7635));
#1223=EDGE_LOOP('',(#7636,#7637,#7638,#7639));
#1224=EDGE_LOOP('',(#7640,#7641,#7642,#7643));
#1225=EDGE_LOOP('',(#7644,#7645,#7646,#7647));
#1226=EDGE_LOOP('',(#7648,#7649,#7650,#7651));
#1227=EDGE_LOOP('',(#7652,#7653,#7654,#7655));
#1228=EDGE_LOOP('',(#7656,#7657,#7658,#7659));
#1229=EDGE_LOOP('',(#7660,#7661,#7662,#7663));
#1230=EDGE_LOOP('',(#7664,#7665,#7666,#7667));
#1231=EDGE_LOOP('',(#7668,#7669,#7670,#7671));
#1232=EDGE_LOOP('',(#7672,#7673,#7674,#7675));
#1233=EDGE_LOOP('',(#7676,#7677,#7678,#7679));
#1234=EDGE_LOOP('',(#7680,#7681,#7682,#7683));
#1235=EDGE_LOOP('',(#7684,#7685,#7686,#7687));
#1236=EDGE_LOOP('',(#7688,#7689,#7690,#7691));
#1237=EDGE_LOOP('',(#7692,#7693,#7694,#7695));
#1238=EDGE_LOOP('',(#7696,#7697,#7698,#7699));
#1239=EDGE_LOOP('',(#7700,#7701,#7702,#7703));
#1240=EDGE_LOOP('',(#7704,#7705,#7706,#7707));
#1241=EDGE_LOOP('',(#7708,#7709,#7710,#7711));
#1242=EDGE_LOOP('',(#7712,#7713,#7714,#7715));
#1243=EDGE_LOOP('',(#7716,#7717,#7718,#7719));
#1244=EDGE_LOOP('',(#7720,#7721,#7722,#7723));
#1245=EDGE_LOOP('',(#7724,#7725,#7726,#7727));
#1246=EDGE_LOOP('',(#7728,#7729,#7730,#7731));
#1247=EDGE_LOOP('',(#7732,#7733,#7734,#7735));
#1248=EDGE_LOOP('',(#7736,#7737,#7738,#7739));
#1249=EDGE_LOOP('',(#7740,#7741,#7742,#7743));
#1250=EDGE_LOOP('',(#7744,#7745,#7746,#7747));
#1251=EDGE_LOOP('',(#7748,#7749,#7750,#7751));
#1252=EDGE_LOOP('',(#7752,#7753,#7754,#7755));
#1253=EDGE_LOOP('',(#7756,#7757,#7758,#7759));
#1254=EDGE_LOOP('',(#7760,#7761,#7762,#7763));
#1255=EDGE_LOOP('',(#7764,#7765,#7766,#7767));
#1256=EDGE_LOOP('',(#7768,#7769,#7770,#7771));
#1257=EDGE_LOOP('',(#7772,#7773,#7774,#7775));
#1258=EDGE_LOOP('',(#7776,#7777,#7778,#7779));
#1259=EDGE_LOOP('',(#7780,#7781,#7782,#7783));
#1260=EDGE_LOOP('',(#7784,#7785,#7786,#7787));
#1261=EDGE_LOOP('',(#7788,#7789,#7790,#7791));
#1262=EDGE_LOOP('',(#7792,#7793,#7794,#7795));
#1263=EDGE_LOOP('',(#7796,#7797,#7798,#7799));
#1264=EDGE_LOOP('',(#7800,#7801,#7802,#7803));
#1265=EDGE_LOOP('',(#7804,#7805,#7806,#7807));
#1266=EDGE_LOOP('',(#7808,#7809,#7810,#7811));
#1267=EDGE_LOOP('',(#7812,#7813,#7814,#7815));
#1268=EDGE_LOOP('',(#7816,#7817,#7818,#7819));
#1269=EDGE_LOOP('',(#7820,#7821,#7822,#7823));
#1270=EDGE_LOOP('',(#7824,#7825,#7826,#7827));
#1271=EDGE_LOOP('',(#7828,#7829,#7830,#7831));
#1272=EDGE_LOOP('',(#7832,#7833,#7834,#7835));
#1273=EDGE_LOOP('',(#7836,#7837,#7838,#7839));
#1274=EDGE_LOOP('',(#7840,#7841,#7842,#7843));
#1275=EDGE_LOOP('',(#7844,#7845,#7846,#7847));
#1276=EDGE_LOOP('',(#7848,#7849,#7850,#7851));
#1277=EDGE_LOOP('',(#7852,#7853,#7854,#7855));
#1278=EDGE_LOOP('',(#7856,#7857,#7858,#7859));
#1279=EDGE_LOOP('',(#7860,#7861,#7862,#7863));
#1280=EDGE_LOOP('',(#7864,#7865,#7866,#7867));
#1281=EDGE_LOOP('',(#7868,#7869,#7870,#7871));
#1282=EDGE_LOOP('',(#7872,#7873,#7874,#7875));
#1283=EDGE_LOOP('',(#7876,#7877,#7878,#7879));
#1284=EDGE_LOOP('',(#7880,#7881,#7882,#7883));
#1285=EDGE_LOOP('',(#7884,#7885,#7886,#7887));
#1286=EDGE_LOOP('',(#7888,#7889,#7890,#7891));
#1287=EDGE_LOOP('',(#7892,#7893,#7894,#7895));
#1288=EDGE_LOOP('',(#7896,#7897,#7898,#7899));
#1289=EDGE_LOOP('',(#7900,#7901,#7902,#7903));
#1290=EDGE_LOOP('',(#7904,#7905,#7906,#7907));
#1291=EDGE_LOOP('',(#7908,#7909,#7910,#7911));
#1292=EDGE_LOOP('',(#7912,#7913,#7914,#7915));
#1293=EDGE_LOOP('',(#7916,#7917,#7918,#7919));
#1294=EDGE_LOOP('',(#7920,#7921,#7922,#7923));
#1295=EDGE_LOOP('',(#7924,#7925,#7926,#7927));
#1296=EDGE_LOOP('',(#7928,#7929,#7930,#7931));
#1297=EDGE_LOOP('',(#7932,#7933,#7934,#7935));
#1298=EDGE_LOOP('',(#7936,#7937,#7938,#7939));
#1299=EDGE_LOOP('',(#7940,#7941,#7942,#7943));
#1300=EDGE_LOOP('',(#7944,#7945,#7946,#7947));
#1301=EDGE_LOOP('',(#7948,#7949,#7950,#7951));
#1302=EDGE_LOOP('',(#7952,#7953,#7954,#7955));
#1303=EDGE_LOOP('',(#7956,#7957,#7958,#7959));
#1304=EDGE_LOOP('',(#7960,#7961,#7962,#7963));
#1305=EDGE_LOOP('',(#7964,#7965,#7966,#7967));
#1306=EDGE_LOOP('',(#7968,#7969,#7970,#7971));
#1307=EDGE_LOOP('',(#7972,#7973,#7974,#7975));
#1308=EDGE_LOOP('',(#7976,#7977,#7978,#7979));
#1309=EDGE_LOOP('',(#7980,#7981,#7982,#7983));
#1310=EDGE_LOOP('',(#7984,#7985,#7986,#7987));
#1311=EDGE_LOOP('',(#7988,#7989,#7990,#7991));
#1312=EDGE_LOOP('',(#7992,#7993,#7994,#7995));
#1313=EDGE_LOOP('',(#7996,#7997,#7998,#7999));
#1314=EDGE_LOOP('',(#8000,#8001,#8002,#8003));
#1315=EDGE_LOOP('',(#8004,#8005,#8006,#8007));
#1316=EDGE_LOOP('',(#8008,#8009,#8010,#8011));
#1317=EDGE_LOOP('',(#8012,#8013,#8014,#8015));
#1318=EDGE_LOOP('',(#8016,#8017,#8018,#8019));
#1319=EDGE_LOOP('',(#8020,#8021,#8022,#8023));
#1320=EDGE_LOOP('',(#8024,#8025,#8026,#8027));
#1321=EDGE_LOOP('',(#8028,#8029,#8030,#8031));
#1322=EDGE_LOOP('',(#8032,#8033,#8034,#8035));
#1323=EDGE_LOOP('',(#8036,#8037,#8038,#8039));
#1324=EDGE_LOOP('',(#8040,#8041,#8042,#8043));
#1325=EDGE_LOOP('',(#8044,#8045,#8046,#8047));
#1326=EDGE_LOOP('',(#8048,#8049,#8050,#8051));
#1327=EDGE_LOOP('',(#8052,#8053,#8054,#8055));
#1328=EDGE_LOOP('',(#8056,#8057,#8058,#8059));
#1329=EDGE_LOOP('',(#8060,#8061,#8062,#8063));
#1330=EDGE_LOOP('',(#8064,#8065,#8066,#8067));
#1331=EDGE_LOOP('',(#8068,#8069,#8070,#8071));
#1332=EDGE_LOOP('',(#8072,#8073,#8074,#8075));
#1333=EDGE_LOOP('',(#8076,#8077,#8078,#8079));
#1334=EDGE_LOOP('',(#8080,#8081,#8082,#8083));
#1335=EDGE_LOOP('',(#8084,#8085,#8086,#8087));
#1336=EDGE_LOOP('',(#8088,#8089,#8090,#8091));
#1337=EDGE_LOOP('',(#8092,#8093,#8094,#8095));
#1338=EDGE_LOOP('',(#8096,#8097,#8098,#8099));
#1339=EDGE_LOOP('',(#8100,#8101,#8102,#8103));
#1340=EDGE_LOOP('',(#8104,#8105,#8106,#8107));
#1341=EDGE_LOOP('',(#8108,#8109,#8110,#8111));
#1342=EDGE_LOOP('',(#8112,#8113,#8114,#8115));
#1343=EDGE_LOOP('',(#8116,#8117,#8118,#8119));
#1344=EDGE_LOOP('',(#8120,#8121,#8122,#8123));
#1345=EDGE_LOOP('',(#8124,#8125,#8126,#8127));
#1346=EDGE_LOOP('',(#8128,#8129,#8130,#8131));
#1347=EDGE_LOOP('',(#8132,#8133,#8134,#8135));
#1348=EDGE_LOOP('',(#8136,#8137,#8138,#8139));
#1349=EDGE_LOOP('',(#8140,#8141,#8142,#8143));
#1350=EDGE_LOOP('',(#8144,#8145,#8146,#8147));
#1351=EDGE_LOOP('',(#8148,#8149,#8150,#8151));
#1352=EDGE_LOOP('',(#8152,#8153,#8154,#8155));
#1353=EDGE_LOOP('',(#8156,#8157,#8158,#8159));
#1354=EDGE_LOOP('',(#8160,#8161,#8162,#8163));
#1355=EDGE_LOOP('',(#8164,#8165,#8166,#8167));
#1356=EDGE_LOOP('',(#8168,#8169,#8170,#8171));
#1357=EDGE_LOOP('',(#8172,#8173,#8174,#8175));
#1358=EDGE_LOOP('',(#8176,#8177,#8178,#8179));
#1359=EDGE_LOOP('',(#8180,#8181,#8182,#8183));
#1360=EDGE_LOOP('',(#8184,#8185,#8186,#8187));
#1361=EDGE_LOOP('',(#8188,#8189,#8190,#8191));
#1362=EDGE_LOOP('',(#8192,#8193,#8194,#8195));
#1363=EDGE_LOOP('',(#8196,#8197,#8198,#8199));
#1364=EDGE_LOOP('',(#8200,#8201,#8202,#8203));
#1365=EDGE_LOOP('',(#8204,#8205,#8206,#8207));
#1366=EDGE_LOOP('',(#8208,#8209,#8210,#8211));
#1367=EDGE_LOOP('',(#8212,#8213,#8214,#8215));
#1368=EDGE_LOOP('',(#8216,#8217,#8218,#8219));
#1369=EDGE_LOOP('',(#8220,#8221,#8222,#8223));
#1370=EDGE_LOOP('',(#8224,#8225,#8226,#8227));
#1371=EDGE_LOOP('',(#8228,#8229,#8230,#8231));
#1372=EDGE_LOOP('',(#8232,#8233,#8234,#8235));
#1373=EDGE_LOOP('',(#8236,#8237,#8238,#8239));
#1374=EDGE_LOOP('',(#8240,#8241,#8242,#8243));
#1375=EDGE_LOOP('',(#8244,#8245,#8246,#8247));
#1376=EDGE_LOOP('',(#8248,#8249,#8250,#8251));
#1377=EDGE_LOOP('',(#8252,#8253,#8254,#8255));
#1378=EDGE_LOOP('',(#8256,#8257,#8258,#8259));
#1379=EDGE_LOOP('',(#8260,#8261,#8262,#8263));
#1380=EDGE_LOOP('',(#8264,#8265,#8266,#8267));
#1381=EDGE_LOOP('',(#8268,#8269,#8270,#8271));
#1382=EDGE_LOOP('',(#8272,#8273,#8274,#8275));
#1383=EDGE_LOOP('',(#8276,#8277,#8278,#8279));
#1384=EDGE_LOOP('',(#8280,#8281,#8282,#8283));
#1385=EDGE_LOOP('',(#8284,#8285,#8286,#8287));
#1386=EDGE_LOOP('',(#8288,#8289,#8290,#8291));
#1387=EDGE_LOOP('',(#8292,#8293,#8294,#8295));
#1388=EDGE_LOOP('',(#8296,#8297,#8298,#8299));
#1389=EDGE_LOOP('',(#8300,#8301,#8302,#8303));
#1390=EDGE_LOOP('',(#8304,#8305,#8306,#8307));
#1391=EDGE_LOOP('',(#8308,#8309,#8310,#8311));
#1392=EDGE_LOOP('',(#8312,#8313,#8314,#8315));
#1393=EDGE_LOOP('',(#8316,#8317,#8318,#8319));
#1394=EDGE_LOOP('',(#8320,#8321,#8322,#8323));
#1395=EDGE_LOOP('',(#8324,#8325,#8326,#8327));
#1396=EDGE_LOOP('',(#8328,#8329,#8330,#8331));
#1397=EDGE_LOOP('',(#8332,#8333,#8334,#8335));
#1398=EDGE_LOOP('',(#8336,#8337,#8338,#8339));
#1399=EDGE_LOOP('',(#8340,#8341,#8342,#8343));
#1400=EDGE_LOOP('',(#8344,#8345,#8346,#8347));
#1401=EDGE_LOOP('',(#8348,#8349,#8350,#8351));
#1402=EDGE_LOOP('',(#8352,#8353,#8354,#8355));
#1403=EDGE_LOOP('',(#8356,#8357,#8358,#8359));
#1404=EDGE_LOOP('',(#8360,#8361,#8362,#8363));
#1405=EDGE_LOOP('',(#8364,#8365,#8366,#8367));
#1406=EDGE_LOOP('',(#8368,#8369,#8370,#8371));
#1407=EDGE_LOOP('',(#8372,#8373,#8374,#8375));
#1408=EDGE_LOOP('',(#8376,#8377,#8378,#8379));
#1409=EDGE_LOOP('',(#8380,#8381,#8382,#8383));
#1410=EDGE_LOOP('',(#8384,#8385,#8386,#8387));
#1411=EDGE_LOOP('',(#8388,#8389,#8390,#8391));
#1412=EDGE_LOOP('',(#8392,#8393,#8394,#8395));
#1413=EDGE_LOOP('',(#8396,#8397,#8398,#8399));
#1414=EDGE_LOOP('',(#8400,#8401,#8402,#8403));
#1415=EDGE_LOOP('',(#8404,#8405,#8406,#8407));
#1416=EDGE_LOOP('',(#8408,#8409,#8410,#8411));
#1417=EDGE_LOOP('',(#8412,#8413,#8414,#8415));
#1418=EDGE_LOOP('',(#8416,#8417,#8418,#8419));
#1419=EDGE_LOOP('',(#8420,#8421,#8422,#8423));
#1420=EDGE_LOOP('',(#8424,#8425,#8426,#8427));
#1421=EDGE_LOOP('',(#8428,#8429,#8430,#8431));
#1422=EDGE_LOOP('',(#8432,#8433,#8434,#8435));
#1423=EDGE_LOOP('',(#8436,#8437,#8438,#8439));
#1424=EDGE_LOOP('',(#8440,#8441,#8442,#8443));
#1425=EDGE_LOOP('',(#8444,#8445,#8446,#8447));
#1426=EDGE_LOOP('',(#8448,#8449,#8450,#8451));
#1427=EDGE_LOOP('',(#8452,#8453,#8454,#8455));
#1428=EDGE_LOOP('',(#8456,#8457,#8458,#8459));
#1429=EDGE_LOOP('',(#8460,#8461,#8462,#8463));
#1430=EDGE_LOOP('',(#8464,#8465,#8466,#8467));
#1431=EDGE_LOOP('',(#8468,#8469,#8470,#8471));
#1432=EDGE_LOOP('',(#8472,#8473,#8474,#8475));
#1433=EDGE_LOOP('',(#8476,#8477,#8478,#8479));
#1434=EDGE_LOOP('',(#8480,#8481,#8482,#8483));
#1435=EDGE_LOOP('',(#8484,#8485,#8486,#8487));
#1436=EDGE_LOOP('',(#8488,#8489,#8490,#8491));
#1437=EDGE_LOOP('',(#8492,#8493,#8494,#8495));
#1438=EDGE_LOOP('',(#8496,#8497,#8498,#8499));
#1439=EDGE_LOOP('',(#8500,#8501,#8502,#8503));
#1440=EDGE_LOOP('',(#8504,#8505,#8506,#8507));
#1441=EDGE_LOOP('',(#8508,#8509,#8510,#8511));
#1442=EDGE_LOOP('',(#8512,#8513,#8514,#8515));
#1443=EDGE_LOOP('',(#8516,#8517,#8518,#8519));
#1444=EDGE_LOOP('',(#8520,#8521,#8522,#8523));
#1445=EDGE_LOOP('',(#8524,#8525,#8526,#8527));
#1446=EDGE_LOOP('',(#8528,#8529,#8530,#8531));
#1447=EDGE_LOOP('',(#8532,#8533,#8534,#8535));
#1448=EDGE_LOOP('',(#8536,#8537,#8538,#8539));
#1449=EDGE_LOOP('',(#8540,#8541,#8542,#8543));
#1450=EDGE_LOOP('',(#8544,#8545,#8546,#8547));
#1451=EDGE_LOOP('',(#8548,#8549,#8550,#8551));
#1452=EDGE_LOOP('',(#8552,#8553,#8554,#8555));
#1453=EDGE_LOOP('',(#8556,#8557,#8558,#8559));
#1454=EDGE_LOOP('',(#8560,#8561,#8562,#8563));
#1455=EDGE_LOOP('',(#8564,#8565,#8566,#8567));
#1456=EDGE_LOOP('',(#8568,#8569,#8570,#8571));
#1457=EDGE_LOOP('',(#8572,#8573,#8574,#8575));
#1458=EDGE_LOOP('',(#8576,#8577,#8578,#8579));
#1459=EDGE_LOOP('',(#8580,#8581,#8582,#8583));
#1460=EDGE_LOOP('',(#8584,#8585,#8586,#8587));
#1461=EDGE_LOOP('',(#8588,#8589,#8590,#8591));
#1462=EDGE_LOOP('',(#8592,#8593,#8594,#8595));
#1463=EDGE_LOOP('',(#8596,#8597,#8598,#8599));
#1464=EDGE_LOOP('',(#8600,#8601,#8602,#8603));
#1465=EDGE_LOOP('',(#8604,#8605,#8606,#8607));
#1466=EDGE_LOOP('',(#8608,#8609,#8610,#8611));
#1467=EDGE_LOOP('',(#8612,#8613,#8614,#8615));
#1468=EDGE_LOOP('',(#8616,#8617,#8618,#8619));
#1469=EDGE_LOOP('',(#8620,#8621,#8622,#8623));
#1470=EDGE_LOOP('',(#8624,#8625,#8626,#8627));
#1471=EDGE_LOOP('',(#8628,#8629,#8630,#8631));
#1472=EDGE_LOOP('',(#8632,#8633,#8634,#8635));
#1473=EDGE_LOOP('',(#8636,#8637,#8638,#8639));
#1474=EDGE_LOOP('',(#8640,#8641,#8642,#8643));
#1475=EDGE_LOOP('',(#8644,#8645,#8646,#8647));
#1476=EDGE_LOOP('',(#8648,#8649,#8650,#8651));
#1477=EDGE_LOOP('',(#8652,#8653,#8654,#8655));
#1478=EDGE_LOOP('',(#8656,#8657,#8658,#8659));
#1479=EDGE_LOOP('',(#8660,#8661,#8662,#8663));
#1480=EDGE_LOOP('',(#8664,#8665,#8666,#8667));
#1481=EDGE_LOOP('',(#8668,#8669,#8670,#8671));
#1482=EDGE_LOOP('',(#8672,#8673,#8674,#8675));
#1483=EDGE_LOOP('',(#8676,#8677,#8678,#8679));
#1484=EDGE_LOOP('',(#8680,#8681,#8682,#8683));
#1485=EDGE_LOOP('',(#8684,#8685,#8686,#8687));
#1486=EDGE_LOOP('',(#8688,#8689,#8690,#8691));
#1487=EDGE_LOOP('',(#8692,#8693,#8694,#8695));
#1488=EDGE_LOOP('',(#8696,#8697,#8698,#8699));
#1489=EDGE_LOOP('',(#8700,#8701,#8702,#8703));
#1490=EDGE_LOOP('',(#8704,#8705,#8706,#8707));
#1491=EDGE_LOOP('',(#8708,#8709,#8710,#8711));
#1492=EDGE_LOOP('',(#8712,#8713,#8714,#8715,#8716,#8717,#8718,#8719,#8720,
#8721,#8722,#8723,#8724,#8725,#8726,#8727,#8728,#8729,#8730,#8731,#8732,
#8733,#8734,#8735,#8736,#8737,#8738,#8739,#8740,#8741,#8742,#8743,#8744,
#8745,#8746,#8747,#8748,#8749,#8750,#8751,#8752,#8753,#8754,#8755,#8756,
#8757,#8758,#8759,#8760,#8761,#8762,#8763,#8764,#8765,#8766,#8767,#8768,
#8769,#8770,#8771,#8772,#8773,#8774,#8775,#8776,#8777,#8778,#8779,#8780,
#8781,#8782,#8783,#8784,#8785,#8786,#8787,#8788,#8789,#8790,#8791,#8792,
#8793,#8794,#8795,#8796,#8797,#8798,#8799,#8800,#8801,#8802,#8803,#8804));
#1493=EDGE_LOOP('',(#8805,#8806,#8807,#8808,#8809,#8810,#8811,#8812,#8813,
#8814,#8815,#8816,#8817,#8818,#8819,#8820,#8821,#8822,#8823,#8824,#8825,
#8826,#8827,#8828,#8829,#8830,#8831,#8832,#8833,#8834,#8835,#8836,#8837,
#8838,#8839,#8840,#8841,#8842,#8843,#8844,#8845,#8846,#8847,#8848,#8849,
#8850,#8851,#8852,#8853,#8854,#8855));
#1494=EDGE_LOOP('',(#8856,#8857,#8858,#8859,#8860,#8861,#8862,#8863,#8864,
#8865,#8866,#8867,#8868,#8869,#8870,#8871,#8872,#8873,#8874,#8875,#8876,
#8877,#8878,#8879,#8880,#8881,#8882,#8883,#8884,#8885,#8886,#8887,#8888,
#8889,#8890,#8891,#8892,#8893,#8894,#8895,#8896,#8897,#8898,#8899,#8900,
#8901,#8902,#8903,#8904,#8905,#8906));
#1495=EDGE_LOOP('',(#8907,#8908,#8909,#8910,#8911,#8912,#8913,#8914,#8915,
#8916,#8917,#8918,#8919,#8920,#8921,#8922,#8923,#8924,#8925,#8926,#8927,
#8928,#8929,#8930,#8931,#8932,#8933,#8934,#8935,#8936,#8937,#8938,#8939,
#8940,#8941,#8942,#8943,#8944,#8945,#8946,#8947,#8948,#8949,#8950,#8951,
#8952,#8953,#8954,#8955,#8956,#8957));
#1496=EDGE_LOOP('',(#8958,#8959,#8960,#8961,#8962,#8963,#8964,#8965,#8966,
#8967,#8968,#8969,#8970,#8971,#8972,#8973,#8974,#8975,#8976,#8977,#8978,
#8979,#8980,#8981,#8982,#8983,#8984,#8985,#8986,#8987,#8988,#8989,#8990,
#8991,#8992,#8993,#8994,#8995,#8996,#8997,#8998,#8999,#9000,#9001,#9002,
#9003,#9004,#9005,#9006,#9007,#9008,#9009,#9010,#9011,#9012,#9013,#9014,
#9015,#9016,#9017,#9018,#9019,#9020,#9021,#9022,#9023,#9024,#9025,#9026,
#9027,#9028,#9029,#9030,#9031,#9032,#9033,#9034,#9035,#9036,#9037,#9038,
#9039,#9040,#9041,#9042,#9043,#9044,#9045,#9046,#9047,#9048,#9049,#9050,
#9051,#9052,#9053,#9054,#9055,#9056,#9057,#9058,#9059,#9060,#9061,#9062,
#9063,#9064,#9065,#9066,#9067,#9068,#9069,#9070,#9071,#9072,#9073,#9074,
#9075,#9076,#9077,#9078,#9079,#9080,#9081,#9082,#9083,#9084,#9085,#9086,
#9087,#9088,#9089,#9090,#9091,#9092,#9093,#9094,#9095,#9096,#9097,#9098,
#9099,#9100,#9101,#9102,#9103,#9104,#9105,#9106,#9107,#9108,#9109,#9110,
#9111,#9112,#9113,#9114,#9115,#9116,#9117,#9118,#9119,#9120,#9121,#9122,
#9123,#9124,#9125,#9126,#9127,#9128,#9129,#9130,#9131,#9132,#9133,#9134,
#9135,#9136,#9137,#9138,#9139,#9140,#9141,#9142,#9143,#9144,#9145,#9146,
#9147,#9148,#9149));
#1497=LINE('',#12593,#2812);
#1498=LINE('',#12694,#2813);
#1499=LINE('',#12696,#2814);
#1500=LINE('',#12698,#2815);
#1501=LINE('',#12700,#2816);
#1502=LINE('',#12702,#2817);
#1503=LINE('',#12704,#2818);
#1504=LINE('',#12706,#2819);
#1505=LINE('',#12708,#2820);
#1506=LINE('',#12710,#2821);
#1507=LINE('',#12712,#2822);
#1508=LINE('',#12714,#2823);
#1509=LINE('',#12716,#2824);
#1510=LINE('',#12718,#2825);
#1511=LINE('',#12720,#2826);
#1512=LINE('',#12722,#2827);
#1513=LINE('',#12724,#2828);
#1514=LINE('',#12726,#2829);
#1515=LINE('',#12728,#2830);
#1516=LINE('',#12730,#2831);
#1517=LINE('',#12732,#2832);
#1518=LINE('',#12734,#2833);
#1519=LINE('',#12736,#2834);
#1520=LINE('',#12738,#2835);
#1521=LINE('',#12740,#2836);
#1522=LINE('',#12742,#2837);
#1523=LINE('',#12744,#2838);
#1524=LINE('',#12746,#2839);
#1525=LINE('',#12748,#2840);
#1526=LINE('',#12750,#2841);
#1527=LINE('',#12752,#2842);
#1528=LINE('',#12754,#2843);
#1529=LINE('',#12756,#2844);
#1530=LINE('',#12758,#2845);
#1531=LINE('',#12760,#2846);
#1532=LINE('',#12762,#2847);
#1533=LINE('',#12764,#2848);
#1534=LINE('',#12766,#2849);
#1535=LINE('',#12768,#2850);
#1536=LINE('',#12770,#2851);
#1537=LINE('',#12772,#2852);
#1538=LINE('',#12774,#2853);
#1539=LINE('',#12776,#2854);
#1540=LINE('',#12778,#2855);
#1541=LINE('',#12780,#2856);
#1542=LINE('',#12782,#2857);
#1543=LINE('',#12784,#2858);
#1544=LINE('',#12786,#2859);
#1545=LINE('',#12788,#2860);
#1546=LINE('',#12790,#2861);
#1547=LINE('',#12792,#2862);
#1548=LINE('',#12794,#2863);
#1549=LINE('',#12796,#2864);
#1550=LINE('',#12798,#2865);
#1551=LINE('',#12800,#2866);
#1552=LINE('',#12802,#2867);
#1553=LINE('',#12804,#2868);
#1554=LINE('',#12806,#2869);
#1555=LINE('',#12808,#2870);
#1556=LINE('',#12810,#2871);
#1557=LINE('',#12812,#2872);
#1558=LINE('',#12814,#2873);
#1559=LINE('',#12816,#2874);
#1560=LINE('',#12818,#2875);
#1561=LINE('',#12820,#2876);
#1562=LINE('',#12822,#2877);
#1563=LINE('',#12824,#2878);
#1564=LINE('',#12826,#2879);
#1565=LINE('',#12828,#2880);
#1566=LINE('',#12830,#2881);
#1567=LINE('',#12832,#2882);
#1568=LINE('',#12834,#2883);
#1569=LINE('',#12836,#2884);
#1570=LINE('',#12838,#2885);
#1571=LINE('',#12840,#2886);
#1572=LINE('',#12842,#2887);
#1573=LINE('',#12844,#2888);
#1574=LINE('',#12846,#2889);
#1575=LINE('',#12848,#2890);
#1576=LINE('',#12850,#2891);
#1577=LINE('',#12852,#2892);
#1578=LINE('',#12854,#2893);
#1579=LINE('',#12856,#2894);
#1580=LINE('',#12858,#2895);
#1581=LINE('',#12860,#2896);
#1582=LINE('',#12862,#2897);
#1583=LINE('',#12864,#2898);
#1584=LINE('',#12866,#2899);
#1585=LINE('',#12868,#2900);
#1586=LINE('',#12870,#2901);
#1587=LINE('',#12872,#2902);
#1588=LINE('',#12874,#2903);
#1589=LINE('',#12876,#2904);
#1590=LINE('',#12877,#2905);
#1591=LINE('',#12880,#2906);
#1592=LINE('',#12882,#2907);
#1593=LINE('',#12884,#2908);
#1594=LINE('',#12886,#2909);
#1595=LINE('',#12888,#2910);
#1596=LINE('',#12890,#2911);
#1597=LINE('',#12892,#2912);
#1598=LINE('',#12894,#2913);
#1599=LINE('',#12896,#2914);
#1600=LINE('',#12898,#2915);
#1601=LINE('',#12900,#2916);
#1602=LINE('',#12902,#2917);
#1603=LINE('',#12904,#2918);
#1604=LINE('',#12906,#2919);
#1605=LINE('',#12908,#2920);
#1606=LINE('',#12910,#2921);
#1607=LINE('',#12912,#2922);
#1608=LINE('',#12914,#2923);
#1609=LINE('',#12916,#2924);
#1610=LINE('',#12918,#2925);
#1611=LINE('',#12920,#2926);
#1612=LINE('',#12922,#2927);
#1613=LINE('',#12924,#2928);
#1614=LINE('',#12926,#2929);
#1615=LINE('',#12928,#2930);
#1616=LINE('',#12930,#2931);
#1617=LINE('',#12932,#2932);
#1618=LINE('',#12934,#2933);
#1619=LINE('',#12936,#2934);
#1620=LINE('',#12938,#2935);
#1621=LINE('',#12940,#2936);
#1622=LINE('',#12942,#2937);
#1623=LINE('',#12944,#2938);
#1624=LINE('',#12946,#2939);
#1625=LINE('',#12948,#2940);
#1626=LINE('',#12950,#2941);
#1627=LINE('',#12952,#2942);
#1628=LINE('',#12954,#2943);
#1629=LINE('',#12956,#2944);
#1630=LINE('',#12958,#2945);
#1631=LINE('',#12960,#2946);
#1632=LINE('',#12962,#2947);
#1633=LINE('',#12964,#2948);
#1634=LINE('',#12966,#2949);
#1635=LINE('',#12968,#2950);
#1636=LINE('',#12970,#2951);
#1637=LINE('',#12972,#2952);
#1638=LINE('',#12974,#2953);
#1639=LINE('',#12976,#2954);
#1640=LINE('',#12978,#2955);
#1641=LINE('',#12979,#2956);
#1642=LINE('',#12982,#2957);
#1643=LINE('',#12984,#2958);
#1644=LINE('',#12986,#2959);
#1645=LINE('',#12988,#2960);
#1646=LINE('',#12990,#2961);
#1647=LINE('',#12992,#2962);
#1648=LINE('',#12994,#2963);
#1649=LINE('',#12996,#2964);
#1650=LINE('',#12998,#2965);
#1651=LINE('',#13000,#2966);
#1652=LINE('',#13002,#2967);
#1653=LINE('',#13004,#2968);
#1654=LINE('',#13006,#2969);
#1655=LINE('',#13008,#2970);
#1656=LINE('',#13010,#2971);
#1657=LINE('',#13012,#2972);
#1658=LINE('',#13014,#2973);
#1659=LINE('',#13016,#2974);
#1660=LINE('',#13018,#2975);
#1661=LINE('',#13020,#2976);
#1662=LINE('',#13022,#2977);
#1663=LINE('',#13024,#2978);
#1664=LINE('',#13026,#2979);
#1665=LINE('',#13028,#2980);
#1666=LINE('',#13030,#2981);
#1667=LINE('',#13032,#2982);
#1668=LINE('',#13034,#2983);
#1669=LINE('',#13036,#2984);
#1670=LINE('',#13038,#2985);
#1671=LINE('',#13040,#2986);
#1672=LINE('',#13042,#2987);
#1673=LINE('',#13044,#2988);
#1674=LINE('',#13046,#2989);
#1675=LINE('',#13048,#2990);
#1676=LINE('',#13050,#2991);
#1677=LINE('',#13052,#2992);
#1678=LINE('',#13054,#2993);
#1679=LINE('',#13056,#2994);
#1680=LINE('',#13058,#2995);
#1681=LINE('',#13060,#2996);
#1682=LINE('',#13062,#2997);
#1683=LINE('',#13064,#2998);
#1684=LINE('',#13066,#2999);
#1685=LINE('',#13068,#3000);
#1686=LINE('',#13070,#3001);
#1687=LINE('',#13072,#3002);
#1688=LINE('',#13074,#3003);
#1689=LINE('',#13076,#3004);
#1690=LINE('',#13078,#3005);
#1691=LINE('',#13080,#3006);
#1692=LINE('',#13081,#3007);
#1693=LINE('',#13084,#3008);
#1694=LINE('',#13086,#3009);
#1695=LINE('',#13088,#3010);
#1696=LINE('',#13090,#3011);
#1697=LINE('',#13092,#3012);
#1698=LINE('',#13094,#3013);
#1699=LINE('',#13096,#3014);
#1700=LINE('',#13098,#3015);
#1701=LINE('',#13100,#3016);
#1702=LINE('',#13102,#3017);
#1703=LINE('',#13104,#3018);
#1704=LINE('',#13106,#3019);
#1705=LINE('',#13108,#3020);
#1706=LINE('',#13110,#3021);
#1707=LINE('',#13112,#3022);
#1708=LINE('',#13114,#3023);
#1709=LINE('',#13116,#3024);
#1710=LINE('',#13118,#3025);
#1711=LINE('',#13120,#3026);
#1712=LINE('',#13122,#3027);
#1713=LINE('',#13124,#3028);
#1714=LINE('',#13126,#3029);
#1715=LINE('',#13128,#3030);
#1716=LINE('',#13130,#3031);
#1717=LINE('',#13132,#3032);
#1718=LINE('',#13134,#3033);
#1719=LINE('',#13136,#3034);
#1720=LINE('',#13138,#3035);
#1721=LINE('',#13140,#3036);
#1722=LINE('',#13142,#3037);
#1723=LINE('',#13144,#3038);
#1724=LINE('',#13146,#3039);
#1725=LINE('',#13148,#3040);
#1726=LINE('',#13150,#3041);
#1727=LINE('',#13152,#3042);
#1728=LINE('',#13154,#3043);
#1729=LINE('',#13156,#3044);
#1730=LINE('',#13158,#3045);
#1731=LINE('',#13160,#3046);
#1732=LINE('',#13162,#3047);
#1733=LINE('',#13164,#3048);
#1734=LINE('',#13166,#3049);
#1735=LINE('',#13168,#3050);
#1736=LINE('',#13170,#3051);
#1737=LINE('',#13172,#3052);
#1738=LINE('',#13174,#3053);
#1739=LINE('',#13176,#3054);
#1740=LINE('',#13178,#3055);
#1741=LINE('',#13180,#3056);
#1742=LINE('',#13182,#3057);
#1743=LINE('',#13183,#3058);
#1744=LINE('',#13186,#3059);
#1745=LINE('',#13188,#3060);
#1746=LINE('',#13190,#3061);
#1747=LINE('',#13192,#3062);
#1748=LINE('',#13194,#3063);
#1749=LINE('',#13196,#3064);
#1750=LINE('',#13197,#3065);
#1751=LINE('',#13199,#3066);
#1752=LINE('',#13202,#3067);
#1753=LINE('',#13204,#3068);
#1754=LINE('',#13206,#3069);
#1755=LINE('',#13208,#3070);
#1756=LINE('',#13210,#3071);
#1757=LINE('',#13212,#3072);
#1758=LINE('',#13213,#3073);
#1759=LINE('',#13215,#3074);
#1760=LINE('',#13218,#3075);
#1761=LINE('',#13220,#3076);
#1762=LINE('',#13222,#3077);
#1763=LINE('',#13224,#3078);
#1764=LINE('',#13226,#3079);
#1765=LINE('',#13228,#3080);
#1766=LINE('',#13229,#3081);
#1767=LINE('',#13231,#3082);
#1768=LINE('',#13234,#3083);
#1769=LINE('',#13236,#3084);
#1770=LINE('',#13238,#3085);
#1771=LINE('',#13240,#3086);
#1772=LINE('',#13242,#3087);
#1773=LINE('',#13244,#3088);
#1774=LINE('',#13245,#3089);
#1775=LINE('',#13247,#3090);
#1776=LINE('',#13250,#3091);
#1777=LINE('',#13252,#3092);
#1778=LINE('',#13254,#3093);
#1779=LINE('',#13256,#3094);
#1780=LINE('',#13258,#3095);
#1781=LINE('',#13260,#3096);
#1782=LINE('',#13261,#3097);
#1783=LINE('',#13263,#3098);
#1784=LINE('',#13266,#3099);
#1785=LINE('',#13268,#3100);
#1786=LINE('',#13270,#3101);
#1787=LINE('',#13272,#3102);
#1788=LINE('',#13274,#3103);
#1789=LINE('',#13276,#3104);
#1790=LINE('',#13277,#3105);
#1791=LINE('',#13279,#3106);
#1792=LINE('',#13282,#3107);
#1793=LINE('',#13284,#3108);
#1794=LINE('',#13286,#3109);
#1795=LINE('',#13288,#3110);
#1796=LINE('',#13290,#3111);
#1797=LINE('',#13292,#3112);
#1798=LINE('',#13293,#3113);
#1799=LINE('',#13295,#3114);
#1800=LINE('',#13298,#3115);
#1801=LINE('',#13300,#3116);
#1802=LINE('',#13302,#3117);
#1803=LINE('',#13304,#3118);
#1804=LINE('',#13306,#3119);
#1805=LINE('',#13308,#3120);
#1806=LINE('',#13309,#3121);
#1807=LINE('',#13311,#3122);
#1808=LINE('',#13314,#3123);
#1809=LINE('',#13316,#3124);
#1810=LINE('',#13318,#3125);
#1811=LINE('',#13320,#3126);
#1812=LINE('',#13322,#3127);
#1813=LINE('',#13324,#3128);
#1814=LINE('',#13325,#3129);
#1815=LINE('',#13327,#3130);
#1816=LINE('',#13330,#3131);
#1817=LINE('',#13332,#3132);
#1818=LINE('',#13334,#3133);
#1819=LINE('',#13336,#3134);
#1820=LINE('',#13338,#3135);
#1821=LINE('',#13340,#3136);
#1822=LINE('',#13341,#3137);
#1823=LINE('',#13343,#3138);
#1824=LINE('',#13346,#3139);
#1825=LINE('',#13348,#3140);
#1826=LINE('',#13350,#3141);
#1827=LINE('',#13352,#3142);
#1828=LINE('',#13354,#3143);
#1829=LINE('',#13356,#3144);
#1830=LINE('',#13357,#3145);
#1831=LINE('',#13359,#3146);
#1832=LINE('',#13362,#3147);
#1833=LINE('',#13364,#3148);
#1834=LINE('',#13366,#3149);
#1835=LINE('',#13368,#3150);
#1836=LINE('',#13370,#3151);
#1837=LINE('',#13372,#3152);
#1838=LINE('',#13373,#3153);
#1839=LINE('',#13375,#3154);
#1840=LINE('',#13378,#3155);
#1841=LINE('',#13380,#3156);
#1842=LINE('',#13382,#3157);
#1843=LINE('',#13384,#3158);
#1844=LINE('',#13386,#3159);
#1845=LINE('',#13388,#3160);
#1846=LINE('',#13389,#3161);
#1847=LINE('',#13391,#3162);
#1848=LINE('',#13394,#3163);
#1849=LINE('',#13396,#3164);
#1850=LINE('',#13398,#3165);
#1851=LINE('',#13400,#3166);
#1852=LINE('',#13402,#3167);
#1853=LINE('',#13404,#3168);
#1854=LINE('',#13405,#3169);
#1855=LINE('',#13407,#3170);
#1856=LINE('',#13410,#3171);
#1857=LINE('',#13412,#3172);
#1858=LINE('',#13414,#3173);
#1859=LINE('',#13416,#3174);
#1860=LINE('',#13418,#3175);
#1861=LINE('',#13420,#3176);
#1862=LINE('',#13421,#3177);
#1863=LINE('',#13423,#3178);
#1864=LINE('',#13426,#3179);
#1865=LINE('',#13428,#3180);
#1866=LINE('',#13430,#3181);
#1867=LINE('',#13432,#3182);
#1868=LINE('',#13434,#3183);
#1869=LINE('',#13436,#3184);
#1870=LINE('',#13437,#3185);
#1871=LINE('',#13439,#3186);
#1872=LINE('',#13442,#3187);
#1873=LINE('',#13444,#3188);
#1874=LINE('',#13446,#3189);
#1875=LINE('',#13448,#3190);
#1876=LINE('',#13450,#3191);
#1877=LINE('',#13452,#3192);
#1878=LINE('',#13453,#3193);
#1879=LINE('',#13455,#3194);
#1880=LINE('',#13458,#3195);
#1881=LINE('',#13460,#3196);
#1882=LINE('',#13462,#3197);
#1883=LINE('',#13464,#3198);
#1884=LINE('',#13466,#3199);
#1885=LINE('',#13468,#3200);
#1886=LINE('',#13469,#3201);
#1887=LINE('',#13471,#3202);
#1888=LINE('',#13474,#3203);
#1889=LINE('',#13476,#3204);
#1890=LINE('',#13478,#3205);
#1891=LINE('',#13480,#3206);
#1892=LINE('',#13482,#3207);
#1893=LINE('',#13484,#3208);
#1894=LINE('',#13485,#3209);
#1895=LINE('',#13487,#3210);
#1896=LINE('',#13490,#3211);
#1897=LINE('',#13492,#3212);
#1898=LINE('',#13494,#3213);
#1899=LINE('',#13496,#3214);
#1900=LINE('',#13498,#3215);
#1901=LINE('',#13500,#3216);
#1902=LINE('',#13501,#3217);
#1903=LINE('',#13503,#3218);
#1904=LINE('',#13506,#3219);
#1905=LINE('',#13508,#3220);
#1906=LINE('',#13510,#3221);
#1907=LINE('',#13512,#3222);
#1908=LINE('',#13514,#3223);
#1909=LINE('',#13516,#3224);
#1910=LINE('',#13517,#3225);
#1911=LINE('',#13519,#3226);
#1912=LINE('',#13522,#3227);
#1913=LINE('',#13524,#3228);
#1914=LINE('',#13526,#3229);
#1915=LINE('',#13528,#3230);
#1916=LINE('',#13530,#3231);
#1917=LINE('',#13532,#3232);
#1918=LINE('',#13533,#3233);
#1919=LINE('',#13535,#3234);
#1920=LINE('',#13538,#3235);
#1921=LINE('',#13540,#3236);
#1922=LINE('',#13542,#3237);
#1923=LINE('',#13544,#3238);
#1924=LINE('',#13546,#3239);
#1925=LINE('',#13548,#3240);
#1926=LINE('',#13549,#3241);
#1927=LINE('',#13551,#3242);
#1928=LINE('',#13554,#3243);
#1929=LINE('',#13556,#3244);
#1930=LINE('',#13558,#3245);
#1931=LINE('',#13560,#3246);
#1932=LINE('',#13562,#3247);
#1933=LINE('',#13564,#3248);
#1934=LINE('',#13565,#3249);
#1935=LINE('',#13567,#3250);
#1936=LINE('',#13571,#3251);
#1937=LINE('',#13572,#3252);
#1938=LINE('',#13573,#3253);
#1939=LINE('',#13576,#3254);
#1940=LINE('',#13577,#3255);
#1941=LINE('',#13580,#3256);
#1942=LINE('',#13581,#3257);
#1943=LINE('',#13584,#3258);
#1944=LINE('',#13585,#3259);
#1945=LINE('',#13588,#3260);
#1946=LINE('',#13589,#3261);
#1947=LINE('',#13592,#3262);
#1948=LINE('',#13593,#3263);
#1949=LINE('',#13596,#3264);
#1950=LINE('',#13597,#3265);
#1951=LINE('',#13600,#3266);
#1952=LINE('',#13601,#3267);
#1953=LINE('',#13604,#3268);
#1954=LINE('',#13605,#3269);
#1955=LINE('',#13608,#3270);
#1956=LINE('',#13609,#3271);
#1957=LINE('',#13612,#3272);
#1958=LINE('',#13613,#3273);
#1959=LINE('',#13616,#3274);
#1960=LINE('',#13617,#3275);
#1961=LINE('',#13620,#3276);
#1962=LINE('',#13621,#3277);
#1963=LINE('',#13624,#3278);
#1964=LINE('',#13625,#3279);
#1965=LINE('',#13628,#3280);
#1966=LINE('',#13629,#3281);
#1967=LINE('',#13632,#3282);
#1968=LINE('',#13633,#3283);
#1969=LINE('',#13636,#3284);
#1970=LINE('',#13637,#3285);
#1971=LINE('',#13640,#3286);
#1972=LINE('',#13641,#3287);
#1973=LINE('',#13644,#3288);
#1974=LINE('',#13645,#3289);
#1975=LINE('',#13648,#3290);
#1976=LINE('',#13649,#3291);
#1977=LINE('',#13652,#3292);
#1978=LINE('',#13653,#3293);
#1979=LINE('',#13656,#3294);
#1980=LINE('',#13657,#3295);
#1981=LINE('',#13660,#3296);
#1982=LINE('',#13661,#3297);
#1983=LINE('',#13664,#3298);
#1984=LINE('',#13665,#3299);
#1985=LINE('',#13668,#3300);
#1986=LINE('',#13669,#3301);
#1987=LINE('',#13672,#3302);
#1988=LINE('',#13673,#3303);
#1989=LINE('',#13676,#3304);
#1990=LINE('',#13677,#3305);
#1991=LINE('',#13680,#3306);
#1992=LINE('',#13681,#3307);
#1993=LINE('',#13684,#3308);
#1994=LINE('',#13685,#3309);
#1995=LINE('',#13688,#3310);
#1996=LINE('',#13689,#3311);
#1997=LINE('',#13692,#3312);
#1998=LINE('',#13693,#3313);
#1999=LINE('',#13696,#3314);
#2000=LINE('',#13697,#3315);
#2001=LINE('',#13700,#3316);
#2002=LINE('',#13701,#3317);
#2003=LINE('',#13704,#3318);
#2004=LINE('',#13705,#3319);
#2005=LINE('',#13708,#3320);
#2006=LINE('',#13709,#3321);
#2007=LINE('',#13712,#3322);
#2008=LINE('',#13713,#3323);
#2009=LINE('',#13716,#3324);
#2010=LINE('',#13717,#3325);
#2011=LINE('',#13720,#3326);
#2012=LINE('',#13721,#3327);
#2013=LINE('',#13724,#3328);
#2014=LINE('',#13725,#3329);
#2015=LINE('',#13728,#3330);
#2016=LINE('',#13729,#3331);
#2017=LINE('',#13732,#3332);
#2018=LINE('',#13733,#3333);
#2019=LINE('',#13736,#3334);
#2020=LINE('',#13737,#3335);
#2021=LINE('',#13740,#3336);
#2022=LINE('',#13741,#3337);
#2023=LINE('',#13744,#3338);
#2024=LINE('',#13745,#3339);
#2025=LINE('',#13748,#3340);
#2026=LINE('',#13749,#3341);
#2027=LINE('',#13752,#3342);
#2028=LINE('',#13753,#3343);
#2029=LINE('',#13756,#3344);
#2030=LINE('',#13757,#3345);
#2031=LINE('',#13760,#3346);
#2032=LINE('',#13761,#3347);
#2033=LINE('',#13764,#3348);
#2034=LINE('',#13765,#3349);
#2035=LINE('',#13768,#3350);
#2036=LINE('',#13769,#3351);
#2037=LINE('',#13772,#3352);
#2038=LINE('',#13773,#3353);
#2039=LINE('',#13776,#3354);
#2040=LINE('',#13777,#3355);
#2041=LINE('',#13780,#3356);
#2042=LINE('',#13781,#3357);
#2043=LINE('',#13784,#3358);
#2044=LINE('',#13785,#3359);
#2045=LINE('',#13788,#3360);
#2046=LINE('',#13789,#3361);
#2047=LINE('',#13792,#3362);
#2048=LINE('',#13793,#3363);
#2049=LINE('',#13796,#3364);
#2050=LINE('',#13797,#3365);
#2051=LINE('',#13800,#3366);
#2052=LINE('',#13801,#3367);
#2053=LINE('',#13804,#3368);
#2054=LINE('',#13805,#3369);
#2055=LINE('',#13808,#3370);
#2056=LINE('',#13809,#3371);
#2057=LINE('',#13812,#3372);
#2058=LINE('',#13813,#3373);
#2059=LINE('',#13816,#3374);
#2060=LINE('',#13817,#3375);
#2061=LINE('',#13820,#3376);
#2062=LINE('',#13821,#3377);
#2063=LINE('',#13824,#3378);
#2064=LINE('',#13825,#3379);
#2065=LINE('',#13828,#3380);
#2066=LINE('',#13829,#3381);
#2067=LINE('',#13832,#3382);
#2068=LINE('',#13833,#3383);
#2069=LINE('',#13836,#3384);
#2070=LINE('',#13837,#3385);
#2071=LINE('',#13840,#3386);
#2072=LINE('',#13841,#3387);
#2073=LINE('',#13844,#3388);
#2074=LINE('',#13845,#3389);
#2075=LINE('',#13848,#3390);
#2076=LINE('',#13849,#3391);
#2077=LINE('',#13852,#3392);
#2078=LINE('',#13853,#3393);
#2079=LINE('',#13856,#3394);
#2080=LINE('',#13857,#3395);
#2081=LINE('',#13860,#3396);
#2082=LINE('',#13861,#3397);
#2083=LINE('',#13864,#3398);
#2084=LINE('',#13865,#3399);
#2085=LINE('',#13868,#3400);
#2086=LINE('',#13869,#3401);
#2087=LINE('',#13872,#3402);
#2088=LINE('',#13873,#3403);
#2089=LINE('',#13876,#3404);
#2090=LINE('',#13877,#3405);
#2091=LINE('',#13880,#3406);
#2092=LINE('',#13881,#3407);
#2093=LINE('',#13884,#3408);
#2094=LINE('',#13885,#3409);
#2095=LINE('',#13888,#3410);
#2096=LINE('',#13889,#3411);
#2097=LINE('',#13892,#3412);
#2098=LINE('',#13893,#3413);
#2099=LINE('',#13896,#3414);
#2100=LINE('',#13897,#3415);
#2101=LINE('',#13900,#3416);
#2102=LINE('',#13901,#3417);
#2103=LINE('',#13904,#3418);
#2104=LINE('',#13905,#3419);
#2105=LINE('',#13908,#3420);
#2106=LINE('',#13909,#3421);
#2107=LINE('',#13912,#3422);
#2108=LINE('',#13913,#3423);
#2109=LINE('',#13916,#3424);
#2110=LINE('',#13917,#3425);
#2111=LINE('',#13920,#3426);
#2112=LINE('',#13921,#3427);
#2113=LINE('',#13924,#3428);
#2114=LINE('',#13925,#3429);
#2115=LINE('',#13928,#3430);
#2116=LINE('',#13929,#3431);
#2117=LINE('',#13932,#3432);
#2118=LINE('',#13933,#3433);
#2119=LINE('',#13936,#3434);
#2120=LINE('',#13937,#3435);
#2121=LINE('',#13940,#3436);
#2122=LINE('',#13941,#3437);
#2123=LINE('',#13944,#3438);
#2124=LINE('',#13945,#3439);
#2125=LINE('',#13948,#3440);
#2126=LINE('',#13949,#3441);
#2127=LINE('',#13952,#3442);
#2128=LINE('',#13953,#3443);
#2129=LINE('',#13956,#3444);
#2130=LINE('',#13957,#3445);
#2131=LINE('',#13960,#3446);
#2132=LINE('',#13961,#3447);
#2133=LINE('',#13964,#3448);
#2134=LINE('',#13965,#3449);
#2135=LINE('',#13968,#3450);
#2136=LINE('',#13969,#3451);
#2137=LINE('',#13972,#3452);
#2138=LINE('',#13973,#3453);
#2139=LINE('',#13976,#3454);
#2140=LINE('',#13977,#3455);
#2141=LINE('',#13980,#3456);
#2142=LINE('',#13981,#3457);
#2143=LINE('',#13984,#3458);
#2144=LINE('',#13985,#3459);
#2145=LINE('',#13988,#3460);
#2146=LINE('',#13989,#3461);
#2147=LINE('',#13992,#3462);
#2148=LINE('',#13993,#3463);
#2149=LINE('',#13996,#3464);
#2150=LINE('',#13997,#3465);
#2151=LINE('',#14000,#3466);
#2152=LINE('',#14001,#3467);
#2153=LINE('',#14004,#3468);
#2154=LINE('',#14005,#3469);
#2155=LINE('',#14008,#3470);
#2156=LINE('',#14009,#3471);
#2157=LINE('',#14012,#3472);
#2158=LINE('',#14013,#3473);
#2159=LINE('',#14016,#3474);
#2160=LINE('',#14017,#3475);
#2161=LINE('',#14020,#3476);
#2162=LINE('',#14021,#3477);
#2163=LINE('',#14024,#3478);
#2164=LINE('',#14025,#3479);
#2165=LINE('',#14028,#3480);
#2166=LINE('',#14029,#3481);
#2167=LINE('',#14032,#3482);
#2168=LINE('',#14033,#3483);
#2169=LINE('',#14036,#3484);
#2170=LINE('',#14037,#3485);
#2171=LINE('',#14040,#3486);
#2172=LINE('',#14041,#3487);
#2173=LINE('',#14044,#3488);
#2174=LINE('',#14045,#3489);
#2175=LINE('',#14048,#3490);
#2176=LINE('',#14049,#3491);
#2177=LINE('',#14052,#3492);
#2178=LINE('',#14053,#3493);
#2179=LINE('',#14056,#3494);
#2180=LINE('',#14057,#3495);
#2181=LINE('',#14060,#3496);
#2182=LINE('',#14061,#3497);
#2183=LINE('',#14064,#3498);
#2184=LINE('',#14065,#3499);
#2185=LINE('',#14068,#3500);
#2186=LINE('',#14069,#3501);
#2187=LINE('',#14072,#3502);
#2188=LINE('',#14073,#3503);
#2189=LINE('',#14076,#3504);
#2190=LINE('',#14077,#3505);
#2191=LINE('',#14080,#3506);
#2192=LINE('',#14081,#3507);
#2193=LINE('',#14084,#3508);
#2194=LINE('',#14085,#3509);
#2195=LINE('',#14088,#3510);
#2196=LINE('',#14089,#3511);
#2197=LINE('',#14092,#3512);
#2198=LINE('',#14093,#3513);
#2199=LINE('',#14096,#3514);
#2200=LINE('',#14097,#3515);
#2201=LINE('',#14100,#3516);
#2202=LINE('',#14101,#3517);
#2203=LINE('',#14104,#3518);
#2204=LINE('',#14105,#3519);
#2205=LINE('',#14108,#3520);
#2206=LINE('',#14109,#3521);
#2207=LINE('',#14112,#3522);
#2208=LINE('',#14113,#3523);
#2209=LINE('',#14116,#3524);
#2210=LINE('',#14117,#3525);
#2211=LINE('',#14120,#3526);
#2212=LINE('',#14121,#3527);
#2213=LINE('',#14124,#3528);
#2214=LINE('',#14125,#3529);
#2215=LINE('',#14128,#3530);
#2216=LINE('',#14129,#3531);
#2217=LINE('',#14132,#3532);
#2218=LINE('',#14133,#3533);
#2219=LINE('',#14136,#3534);
#2220=LINE('',#14137,#3535);
#2221=LINE('',#14140,#3536);
#2222=LINE('',#14141,#3537);
#2223=LINE('',#14144,#3538);
#2224=LINE('',#14145,#3539);
#2225=LINE('',#14148,#3540);
#2226=LINE('',#14149,#3541);
#2227=LINE('',#14152,#3542);
#2228=LINE('',#14153,#3543);
#2229=LINE('',#14156,#3544);
#2230=LINE('',#14157,#3545);
#2231=LINE('',#14160,#3546);
#2232=LINE('',#14161,#3547);
#2233=LINE('',#14164,#3548);
#2234=LINE('',#14165,#3549);
#2235=LINE('',#14168,#3550);
#2236=LINE('',#14169,#3551);
#2237=LINE('',#14172,#3552);
#2238=LINE('',#14173,#3553);
#2239=LINE('',#14176,#3554);
#2240=LINE('',#14177,#3555);
#2241=LINE('',#14180,#3556);
#2242=LINE('',#14181,#3557);
#2243=LINE('',#14184,#3558);
#2244=LINE('',#14185,#3559);
#2245=LINE('',#14188,#3560);
#2246=LINE('',#14189,#3561);
#2247=LINE('',#14192,#3562);
#2248=LINE('',#14193,#3563);
#2249=LINE('',#14196,#3564);
#2250=LINE('',#14197,#3565);
#2251=LINE('',#14200,#3566);
#2252=LINE('',#14201,#3567);
#2253=LINE('',#14204,#3568);
#2254=LINE('',#14205,#3569);
#2255=LINE('',#14208,#3570);
#2256=LINE('',#14209,#3571);
#2257=LINE('',#14212,#3572);
#2258=LINE('',#14213,#3573);
#2259=LINE('',#14216,#3574);
#2260=LINE('',#14217,#3575);
#2261=LINE('',#14220,#3576);
#2262=LINE('',#14221,#3577);
#2263=LINE('',#14224,#3578);
#2264=LINE('',#14225,#3579);
#2265=LINE('',#14228,#3580);
#2266=LINE('',#14229,#3581);
#2267=LINE('',#14232,#3582);
#2268=LINE('',#14233,#3583);
#2269=LINE('',#14236,#3584);
#2270=LINE('',#14237,#3585);
#2271=LINE('',#14240,#3586);
#2272=LINE('',#14241,#3587);
#2273=LINE('',#14244,#3588);
#2274=LINE('',#14245,#3589);
#2275=LINE('',#14248,#3590);
#2276=LINE('',#14249,#3591);
#2277=LINE('',#14252,#3592);
#2278=LINE('',#14253,#3593);
#2279=LINE('',#14256,#3594);
#2280=LINE('',#14257,#3595);
#2281=LINE('',#14260,#3596);
#2282=LINE('',#14261,#3597);
#2283=LINE('',#14264,#3598);
#2284=LINE('',#14265,#3599);
#2285=LINE('',#14268,#3600);
#2286=LINE('',#14269,#3601);
#2287=LINE('',#14272,#3602);
#2288=LINE('',#14273,#3603);
#2289=LINE('',#14276,#3604);
#2290=LINE('',#14277,#3605);
#2291=LINE('',#14280,#3606);
#2292=LINE('',#14281,#3607);
#2293=LINE('',#14284,#3608);
#2294=LINE('',#14285,#3609);
#2295=LINE('',#14288,#3610);
#2296=LINE('',#14289,#3611);
#2297=LINE('',#14292,#3612);
#2298=LINE('',#14293,#3613);
#2299=LINE('',#14296,#3614);
#2300=LINE('',#14297,#3615);
#2301=LINE('',#14300,#3616);
#2302=LINE('',#14301,#3617);
#2303=LINE('',#14304,#3618);
#2304=LINE('',#14305,#3619);
#2305=LINE('',#14308,#3620);
#2306=LINE('',#14309,#3621);
#2307=LINE('',#14312,#3622);
#2308=LINE('',#14313,#3623);
#2309=LINE('',#14316,#3624);
#2310=LINE('',#14317,#3625);
#2311=LINE('',#14320,#3626);
#2312=LINE('',#14321,#3627);
#2313=LINE('',#14324,#3628);
#2314=LINE('',#14325,#3629);
#2315=LINE('',#14328,#3630);
#2316=LINE('',#14329,#3631);
#2317=LINE('',#14332,#3632);
#2318=LINE('',#14333,#3633);
#2319=LINE('',#14335,#3634);
#2320=LINE('',#14339,#3635);
#2321=LINE('',#14340,#3636);
#2322=LINE('',#14341,#3637);
#2323=LINE('',#14344,#3638);
#2324=LINE('',#14345,#3639);
#2325=LINE('',#14348,#3640);
#2326=LINE('',#14349,#3641);
#2327=LINE('',#14352,#3642);
#2328=LINE('',#14353,#3643);
#2329=LINE('',#14356,#3644);
#2330=LINE('',#14357,#3645);
#2331=LINE('',#14360,#3646);
#2332=LINE('',#14361,#3647);
#2333=LINE('',#14364,#3648);
#2334=LINE('',#14365,#3649);
#2335=LINE('',#14368,#3650);
#2336=LINE('',#14369,#3651);
#2337=LINE('',#14372,#3652);
#2338=LINE('',#14373,#3653);
#2339=LINE('',#14376,#3654);
#2340=LINE('',#14377,#3655);
#2341=LINE('',#14380,#3656);
#2342=LINE('',#14381,#3657);
#2343=LINE('',#14384,#3658);
#2344=LINE('',#14385,#3659);
#2345=LINE('',#14388,#3660);
#2346=LINE('',#14389,#3661);
#2347=LINE('',#14392,#3662);
#2348=LINE('',#14393,#3663);
#2349=LINE('',#14396,#3664);
#2350=LINE('',#14397,#3665);
#2351=LINE('',#14400,#3666);
#2352=LINE('',#14401,#3667);
#2353=LINE('',#14404,#3668);
#2354=LINE('',#14405,#3669);
#2355=LINE('',#14408,#3670);
#2356=LINE('',#14409,#3671);
#2357=LINE('',#14412,#3672);
#2358=LINE('',#14413,#3673);
#2359=LINE('',#14416,#3674);
#2360=LINE('',#14417,#3675);
#2361=LINE('',#14420,#3676);
#2362=LINE('',#14421,#3677);
#2363=LINE('',#14424,#3678);
#2364=LINE('',#14425,#3679);
#2365=LINE('',#14428,#3680);
#2366=LINE('',#14429,#3681);
#2367=LINE('',#14432,#3682);
#2368=LINE('',#14433,#3683);
#2369=LINE('',#14436,#3684);
#2370=LINE('',#14437,#3685);
#2371=LINE('',#14440,#3686);
#2372=LINE('',#14441,#3687);
#2373=LINE('',#14444,#3688);
#2374=LINE('',#14445,#3689);
#2375=LINE('',#14448,#3690);
#2376=LINE('',#14449,#3691);
#2377=LINE('',#14452,#3692);
#2378=LINE('',#14453,#3693);
#2379=LINE('',#14456,#3694);
#2380=LINE('',#14457,#3695);
#2381=LINE('',#14460,#3696);
#2382=LINE('',#14461,#3697);
#2383=LINE('',#14464,#3698);
#2384=LINE('',#14465,#3699);
#2385=LINE('',#14468,#3700);
#2386=LINE('',#14469,#3701);
#2387=LINE('',#14472,#3702);
#2388=LINE('',#14473,#3703);
#2389=LINE('',#14476,#3704);
#2390=LINE('',#14477,#3705);
#2391=LINE('',#14480,#3706);
#2392=LINE('',#14481,#3707);
#2393=LINE('',#14484,#3708);
#2394=LINE('',#14485,#3709);
#2395=LINE('',#14488,#3710);
#2396=LINE('',#14489,#3711);
#2397=LINE('',#14492,#3712);
#2398=LINE('',#14493,#3713);
#2399=LINE('',#14496,#3714);
#2400=LINE('',#14497,#3715);
#2401=LINE('',#14500,#3716);
#2402=LINE('',#14501,#3717);
#2403=LINE('',#14504,#3718);
#2404=LINE('',#14505,#3719);
#2405=LINE('',#14508,#3720);
#2406=LINE('',#14509,#3721);
#2407=LINE('',#14512,#3722);
#2408=LINE('',#14513,#3723);
#2409=LINE('',#14516,#3724);
#2410=LINE('',#14517,#3725);
#2411=LINE('',#14520,#3726);
#2412=LINE('',#14521,#3727);
#2413=LINE('',#14524,#3728);
#2414=LINE('',#14525,#3729);
#2415=LINE('',#14528,#3730);
#2416=LINE('',#14529,#3731);
#2417=LINE('',#14532,#3732);
#2418=LINE('',#14533,#3733);
#2419=LINE('',#14536,#3734);
#2420=LINE('',#14537,#3735);
#2421=LINE('',#14539,#3736);
#2422=LINE('',#14543,#3737);
#2423=LINE('',#14544,#3738);
#2424=LINE('',#14545,#3739);
#2425=LINE('',#14548,#3740);
#2426=LINE('',#14549,#3741);
#2427=LINE('',#14552,#3742);
#2428=LINE('',#14553,#3743);
#2429=LINE('',#14556,#3744);
#2430=LINE('',#14557,#3745);
#2431=LINE('',#14560,#3746);
#2432=LINE('',#14561,#3747);
#2433=LINE('',#14564,#3748);
#2434=LINE('',#14565,#3749);
#2435=LINE('',#14568,#3750);
#2436=LINE('',#14569,#3751);
#2437=LINE('',#14572,#3752);
#2438=LINE('',#14573,#3753);
#2439=LINE('',#14576,#3754);
#2440=LINE('',#14577,#3755);
#2441=LINE('',#14580,#3756);
#2442=LINE('',#14581,#3757);
#2443=LINE('',#14584,#3758);
#2444=LINE('',#14585,#3759);
#2445=LINE('',#14588,#3760);
#2446=LINE('',#14589,#3761);
#2447=LINE('',#14592,#3762);
#2448=LINE('',#14593,#3763);
#2449=LINE('',#14596,#3764);
#2450=LINE('',#14597,#3765);
#2451=LINE('',#14600,#3766);
#2452=LINE('',#14601,#3767);
#2453=LINE('',#14604,#3768);
#2454=LINE('',#14605,#3769);
#2455=LINE('',#14608,#3770);
#2456=LINE('',#14609,#3771);
#2457=LINE('',#14612,#3772);
#2458=LINE('',#14613,#3773);
#2459=LINE('',#14616,#3774);
#2460=LINE('',#14617,#3775);
#2461=LINE('',#14620,#3776);
#2462=LINE('',#14621,#3777);
#2463=LINE('',#14624,#3778);
#2464=LINE('',#14625,#3779);
#2465=LINE('',#14628,#3780);
#2466=LINE('',#14629,#3781);
#2467=LINE('',#14632,#3782);
#2468=LINE('',#14633,#3783);
#2469=LINE('',#14636,#3784);
#2470=LINE('',#14637,#3785);
#2471=LINE('',#14640,#3786);
#2472=LINE('',#14641,#3787);
#2473=LINE('',#14644,#3788);
#2474=LINE('',#14645,#3789);
#2475=LINE('',#14648,#3790);
#2476=LINE('',#14649,#3791);
#2477=LINE('',#14652,#3792);
#2478=LINE('',#14653,#3793);
#2479=LINE('',#14656,#3794);
#2480=LINE('',#14657,#3795);
#2481=LINE('',#14660,#3796);
#2482=LINE('',#14661,#3797);
#2483=LINE('',#14664,#3798);
#2484=LINE('',#14665,#3799);
#2485=LINE('',#14668,#3800);
#2486=LINE('',#14669,#3801);
#2487=LINE('',#14672,#3802);
#2488=LINE('',#14673,#3803);
#2489=LINE('',#14676,#3804);
#2490=LINE('',#14677,#3805);
#2491=LINE('',#14680,#3806);
#2492=LINE('',#14681,#3807);
#2493=LINE('',#14684,#3808);
#2494=LINE('',#14685,#3809);
#2495=LINE('',#14688,#3810);
#2496=LINE('',#14689,#3811);
#2497=LINE('',#14692,#3812);
#2498=LINE('',#14693,#3813);
#2499=LINE('',#14696,#3814);
#2500=LINE('',#14697,#3815);
#2501=LINE('',#14700,#3816);
#2502=LINE('',#14701,#3817);
#2503=LINE('',#14704,#3818);
#2504=LINE('',#14705,#3819);
#2505=LINE('',#14708,#3820);
#2506=LINE('',#14709,#3821);
#2507=LINE('',#14712,#3822);
#2508=LINE('',#14713,#3823);
#2509=LINE('',#14716,#3824);
#2510=LINE('',#14717,#3825);
#2511=LINE('',#14720,#3826);
#2512=LINE('',#14721,#3827);
#2513=LINE('',#14724,#3828);
#2514=LINE('',#14725,#3829);
#2515=LINE('',#14728,#3830);
#2516=LINE('',#14729,#3831);
#2517=LINE('',#14732,#3832);
#2518=LINE('',#14733,#3833);
#2519=LINE('',#14736,#3834);
#2520=LINE('',#14737,#3835);
#2521=LINE('',#14740,#3836);
#2522=LINE('',#14741,#3837);
#2523=LINE('',#14743,#3838);
#2524=LINE('',#14747,#3839);
#2525=LINE('',#14748,#3840);
#2526=LINE('',#14749,#3841);
#2527=LINE('',#14752,#3842);
#2528=LINE('',#14753,#3843);
#2529=LINE('',#14756,#3844);
#2530=LINE('',#14757,#3845);
#2531=LINE('',#14760,#3846);
#2532=LINE('',#14761,#3847);
#2533=LINE('',#14764,#3848);
#2534=LINE('',#14765,#3849);
#2535=LINE('',#14768,#3850);
#2536=LINE('',#14769,#3851);
#2537=LINE('',#14772,#3852);
#2538=LINE('',#14773,#3853);
#2539=LINE('',#14776,#3854);
#2540=LINE('',#14777,#3855);
#2541=LINE('',#14780,#3856);
#2542=LINE('',#14781,#3857);
#2543=LINE('',#14784,#3858);
#2544=LINE('',#14785,#3859);
#2545=LINE('',#14788,#3860);
#2546=LINE('',#14789,#3861);
#2547=LINE('',#14792,#3862);
#2548=LINE('',#14793,#3863);
#2549=LINE('',#14796,#3864);
#2550=LINE('',#14797,#3865);
#2551=LINE('',#14800,#3866);
#2552=LINE('',#14801,#3867);
#2553=LINE('',#14804,#3868);
#2554=LINE('',#14805,#3869);
#2555=LINE('',#14808,#3870);
#2556=LINE('',#14809,#3871);
#2557=LINE('',#14812,#3872);
#2558=LINE('',#14813,#3873);
#2559=LINE('',#14816,#3874);
#2560=LINE('',#14817,#3875);
#2561=LINE('',#14820,#3876);
#2562=LINE('',#14821,#3877);
#2563=LINE('',#14824,#3878);
#2564=LINE('',#14825,#3879);
#2565=LINE('',#14828,#3880);
#2566=LINE('',#14829,#3881);
#2567=LINE('',#14832,#3882);
#2568=LINE('',#14833,#3883);
#2569=LINE('',#14836,#3884);
#2570=LINE('',#14837,#3885);
#2571=LINE('',#14840,#3886);
#2572=LINE('',#14841,#3887);
#2573=LINE('',#14844,#3888);
#2574=LINE('',#14845,#3889);
#2575=LINE('',#14848,#3890);
#2576=LINE('',#14849,#3891);
#2577=LINE('',#14852,#3892);
#2578=LINE('',#14853,#3893);
#2579=LINE('',#14856,#3894);
#2580=LINE('',#14857,#3895);
#2581=LINE('',#14860,#3896);
#2582=LINE('',#14861,#3897);
#2583=LINE('',#14864,#3898);
#2584=LINE('',#14865,#3899);
#2585=LINE('',#14868,#3900);
#2586=LINE('',#14869,#3901);
#2587=LINE('',#14872,#3902);
#2588=LINE('',#14873,#3903);
#2589=LINE('',#14876,#3904);
#2590=LINE('',#14877,#3905);
#2591=LINE('',#14880,#3906);
#2592=LINE('',#14881,#3907);
#2593=LINE('',#14884,#3908);
#2594=LINE('',#14885,#3909);
#2595=LINE('',#14888,#3910);
#2596=LINE('',#14889,#3911);
#2597=LINE('',#14892,#3912);
#2598=LINE('',#14893,#3913);
#2599=LINE('',#14896,#3914);
#2600=LINE('',#14897,#3915);
#2601=LINE('',#14900,#3916);
#2602=LINE('',#14901,#3917);
#2603=LINE('',#14904,#3918);
#2604=LINE('',#14905,#3919);
#2605=LINE('',#14908,#3920);
#2606=LINE('',#14909,#3921);
#2607=LINE('',#14912,#3922);
#2608=LINE('',#14913,#3923);
#2609=LINE('',#14916,#3924);
#2610=LINE('',#14917,#3925);
#2611=LINE('',#14920,#3926);
#2612=LINE('',#14921,#3927);
#2613=LINE('',#14924,#3928);
#2614=LINE('',#14925,#3929);
#2615=LINE('',#14928,#3930);
#2616=LINE('',#14929,#3931);
#2617=LINE('',#14932,#3932);
#2618=LINE('',#14933,#3933);
#2619=LINE('',#14936,#3934);
#2620=LINE('',#14937,#3935);
#2621=LINE('',#14940,#3936);
#2622=LINE('',#14941,#3937);
#2623=LINE('',#14944,#3938);
#2624=LINE('',#14945,#3939);
#2625=LINE('',#14947,#3940);
#2626=LINE('',#14951,#3941);
#2627=LINE('',#14952,#3942);
#2628=LINE('',#14953,#3943);
#2629=LINE('',#14956,#3944);
#2630=LINE('',#14957,#3945);
#2631=LINE('',#14960,#3946);
#2632=LINE('',#14961,#3947);
#2633=LINE('',#14964,#3948);
#2634=LINE('',#14965,#3949);
#2635=LINE('',#14968,#3950);
#2636=LINE('',#14969,#3951);
#2637=LINE('',#14972,#3952);
#2638=LINE('',#14973,#3953);
#2639=LINE('',#14976,#3954);
#2640=LINE('',#14977,#3955);
#2641=LINE('',#14980,#3956);
#2642=LINE('',#14981,#3957);
#2643=LINE('',#14984,#3958);
#2644=LINE('',#14985,#3959);
#2645=LINE('',#14988,#3960);
#2646=LINE('',#14989,#3961);
#2647=LINE('',#14992,#3962);
#2648=LINE('',#14993,#3963);
#2649=LINE('',#14996,#3964);
#2650=LINE('',#14997,#3965);
#2651=LINE('',#15000,#3966);
#2652=LINE('',#15001,#3967);
#2653=LINE('',#15004,#3968);
#2654=LINE('',#15005,#3969);
#2655=LINE('',#15008,#3970);
#2656=LINE('',#15009,#3971);
#2657=LINE('',#15012,#3972);
#2658=LINE('',#15013,#3973);
#2659=LINE('',#15016,#3974);
#2660=LINE('',#15017,#3975);
#2661=LINE('',#15020,#3976);
#2662=LINE('',#15021,#3977);
#2663=LINE('',#15024,#3978);
#2664=LINE('',#15025,#3979);
#2665=LINE('',#15028,#3980);
#2666=LINE('',#15029,#3981);
#2667=LINE('',#15032,#3982);
#2668=LINE('',#15033,#3983);
#2669=LINE('',#15036,#3984);
#2670=LINE('',#15037,#3985);
#2671=LINE('',#15040,#3986);
#2672=LINE('',#15041,#3987);
#2673=LINE('',#15044,#3988);
#2674=LINE('',#15045,#3989);
#2675=LINE('',#15048,#3990);
#2676=LINE('',#15049,#3991);
#2677=LINE('',#15052,#3992);
#2678=LINE('',#15053,#3993);
#2679=LINE('',#15056,#3994);
#2680=LINE('',#15057,#3995);
#2681=LINE('',#15060,#3996);
#2682=LINE('',#15061,#3997);
#2683=LINE('',#15064,#3998);
#2684=LINE('',#15065,#3999);
#2685=LINE('',#15068,#4000);
#2686=LINE('',#15069,#4001);
#2687=LINE('',#15072,#4002);
#2688=LINE('',#15073,#4003);
#2689=LINE('',#15076,#4004);
#2690=LINE('',#15077,#4005);
#2691=LINE('',#15080,#4006);
#2692=LINE('',#15081,#4007);
#2693=LINE('',#15084,#4008);
#2694=LINE('',#15085,#4009);
#2695=LINE('',#15088,#4010);
#2696=LINE('',#15089,#4011);
#2697=LINE('',#15092,#4012);
#2698=LINE('',#15093,#4013);
#2699=LINE('',#15096,#4014);
#2700=LINE('',#15097,#4015);
#2701=LINE('',#15100,#4016);
#2702=LINE('',#15101,#4017);
#2703=LINE('',#15104,#4018);
#2704=LINE('',#15105,#4019);
#2705=LINE('',#15108,#4020);
#2706=LINE('',#15109,#4021);
#2707=LINE('',#15112,#4022);
#2708=LINE('',#15113,#4023);
#2709=LINE('',#15116,#4024);
#2710=LINE('',#15117,#4025);
#2711=LINE('',#15120,#4026);
#2712=LINE('',#15121,#4027);
#2713=LINE('',#15124,#4028);
#2714=LINE('',#15125,#4029);
#2715=LINE('',#15128,#4030);
#2716=LINE('',#15129,#4031);
#2717=LINE('',#15132,#4032);
#2718=LINE('',#15133,#4033);
#2719=LINE('',#15136,#4034);
#2720=LINE('',#15137,#4035);
#2721=LINE('',#15140,#4036);
#2722=LINE('',#15141,#4037);
#2723=LINE('',#15144,#4038);
#2724=LINE('',#15145,#4039);
#2725=LINE('',#15148,#4040);
#2726=LINE('',#15149,#4041);
#2727=LINE('',#15152,#4042);
#2728=LINE('',#15153,#4043);
#2729=LINE('',#15156,#4044);
#2730=LINE('',#15157,#4045);
#2731=LINE('',#15160,#4046);
#2732=LINE('',#15161,#4047);
#2733=LINE('',#15164,#4048);
#2734=LINE('',#15165,#4049);
#2735=LINE('',#15168,#4050);
#2736=LINE('',#15169,#4051);
#2737=LINE('',#15172,#4052);
#2738=LINE('',#15173,#4053);
#2739=LINE('',#15176,#4054);
#2740=LINE('',#15177,#4055);
#2741=LINE('',#15180,#4056);
#2742=LINE('',#15181,#4057);
#2743=LINE('',#15184,#4058);
#2744=LINE('',#15185,#4059);
#2745=LINE('',#15188,#4060);
#2746=LINE('',#15189,#4061);
#2747=LINE('',#15192,#4062);
#2748=LINE('',#15193,#4063);
#2749=LINE('',#15196,#4064);
#2750=LINE('',#15197,#4065);
#2751=LINE('',#15200,#4066);
#2752=LINE('',#15201,#4067);
#2753=LINE('',#15204,#4068);
#2754=LINE('',#15205,#4069);
#2755=LINE('',#15208,#4070);
#2756=LINE('',#15209,#4071);
#2757=LINE('',#15212,#4072);
#2758=LINE('',#15213,#4073);
#2759=LINE('',#15216,#4074);
#2760=LINE('',#15217,#4075);
#2761=LINE('',#15220,#4076);
#2762=LINE('',#15221,#4077);
#2763=LINE('',#15224,#4078);
#2764=LINE('',#15225,#4079);
#2765=LINE('',#15228,#4080);
#2766=LINE('',#15229,#4081);
#2767=LINE('',#15232,#4082);
#2768=LINE('',#15233,#4083);
#2769=LINE('',#15236,#4084);
#2770=LINE('',#15237,#4085);
#2771=LINE('',#15240,#4086);
#2772=LINE('',#15241,#4087);
#2773=LINE('',#15244,#4088);
#2774=LINE('',#15245,#4089);
#2775=LINE('',#15248,#4090);
#2776=LINE('',#15249,#4091);
#2777=LINE('',#15252,#4092);
#2778=LINE('',#15253,#4093);
#2779=LINE('',#15256,#4094);
#2780=LINE('',#15257,#4095);
#2781=LINE('',#15260,#4096);
#2782=LINE('',#15261,#4097);
#2783=LINE('',#15264,#4098);
#2784=LINE('',#15265,#4099);
#2785=LINE('',#15268,#4100);
#2786=LINE('',#15269,#4101);
#2787=LINE('',#15272,#4102);
#2788=LINE('',#15273,#4103);
#2789=LINE('',#15276,#4104);
#2790=LINE('',#15277,#4105);
#2791=LINE('',#15280,#4106);
#2792=LINE('',#15281,#4107);
#2793=LINE('',#15284,#4108);
#2794=LINE('',#15285,#4109);
#2795=LINE('',#15288,#4110);
#2796=LINE('',#15289,#4111);
#2797=LINE('',#15292,#4112);
#2798=LINE('',#15293,#4113);
#2799=LINE('',#15296,#4114);
#2800=LINE('',#15297,#4115);
#2801=LINE('',#15300,#4116);
#2802=LINE('',#15301,#4117);
#2803=LINE('',#15304,#4118);
#2804=LINE('',#15305,#4119);
#2805=LINE('',#15308,#4120);
#2806=LINE('',#15309,#4121);
#2807=LINE('',#15312,#4122);
#2808=LINE('',#15313,#4123);
#2809=LINE('',#15316,#4124);
#2810=LINE('',#15317,#4125);
#2811=LINE('',#15319,#4126);
#2812=VECTOR('',#10199,13.2509993581906);
#2813=VECTOR('',#10300,10.);
#2814=VECTOR('',#10301,10.);
#2815=VECTOR('',#10302,10.);
#2816=VECTOR('',#10303,10.);
#2817=VECTOR('',#10304,10.);
#2818=VECTOR('',#10305,10.);
#2819=VECTOR('',#10306,10.);
#2820=VECTOR('',#10307,10.);
#2821=VECTOR('',#10308,10.);
#2822=VECTOR('',#10309,10.);
#2823=VECTOR('',#10310,10.);
#2824=VECTOR('',#10311,10.);
#2825=VECTOR('',#10312,10.);
#2826=VECTOR('',#10313,10.);
#2827=VECTOR('',#10314,10.);
#2828=VECTOR('',#10315,10.);
#2829=VECTOR('',#10316,10.);
#2830=VECTOR('',#10317,10.);
#2831=VECTOR('',#10318,10.);
#2832=VECTOR('',#10319,10.);
#2833=VECTOR('',#10320,10.);
#2834=VECTOR('',#10321,10.);
#2835=VECTOR('',#10322,10.);
#2836=VECTOR('',#10323,10.);
#2837=VECTOR('',#10324,10.);
#2838=VECTOR('',#10325,10.);
#2839=VECTOR('',#10326,10.);
#2840=VECTOR('',#10327,10.);
#2841=VECTOR('',#10328,10.);
#2842=VECTOR('',#10329,10.);
#2843=VECTOR('',#10330,10.);
#2844=VECTOR('',#10331,10.);
#2845=VECTOR('',#10332,10.);
#2846=VECTOR('',#10333,10.);
#2847=VECTOR('',#10334,10.);
#2848=VECTOR('',#10335,10.);
#2849=VECTOR('',#10336,10.);
#2850=VECTOR('',#10337,10.);
#2851=VECTOR('',#10338,10.);
#2852=VECTOR('',#10339,10.);
#2853=VECTOR('',#10340,10.);
#2854=VECTOR('',#10341,10.);
#2855=VECTOR('',#10342,10.);
#2856=VECTOR('',#10343,10.);
#2857=VECTOR('',#10344,10.);
#2858=VECTOR('',#10345,10.);
#2859=VECTOR('',#10346,10.);
#2860=VECTOR('',#10347,10.);
#2861=VECTOR('',#10348,10.);
#2862=VECTOR('',#10349,10.);
#2863=VECTOR('',#10350,10.);
#2864=VECTOR('',#10351,10.);
#2865=VECTOR('',#10352,10.);
#2866=VECTOR('',#10353,10.);
#2867=VECTOR('',#10354,10.);
#2868=VECTOR('',#10355,10.);
#2869=VECTOR('',#10356,10.);
#2870=VECTOR('',#10357,10.);
#2871=VECTOR('',#10358,10.);
#2872=VECTOR('',#10359,10.);
#2873=VECTOR('',#10360,10.);
#2874=VECTOR('',#10361,10.);
#2875=VECTOR('',#10362,10.);
#2876=VECTOR('',#10363,10.);
#2877=VECTOR('',#10364,10.);
#2878=VECTOR('',#10365,10.);
#2879=VECTOR('',#10366,10.);
#2880=VECTOR('',#10367,10.);
#2881=VECTOR('',#10368,10.);
#2882=VECTOR('',#10369,10.);
#2883=VECTOR('',#10370,10.);
#2884=VECTOR('',#10371,10.);
#2885=VECTOR('',#10372,10.);
#2886=VECTOR('',#10373,10.);
#2887=VECTOR('',#10374,10.);
#2888=VECTOR('',#10375,10.);
#2889=VECTOR('',#10376,10.);
#2890=VECTOR('',#10377,10.);
#2891=VECTOR('',#10378,10.);
#2892=VECTOR('',#10379,10.);
#2893=VECTOR('',#10380,10.);
#2894=VECTOR('',#10381,10.);
#2895=VECTOR('',#10382,10.);
#2896=VECTOR('',#10383,10.);
#2897=VECTOR('',#10384,10.);
#2898=VECTOR('',#10385,10.);
#2899=VECTOR('',#10386,10.);
#2900=VECTOR('',#10387,10.);
#2901=VECTOR('',#10388,10.);
#2902=VECTOR('',#10389,10.);
#2903=VECTOR('',#10390,10.);
#2904=VECTOR('',#10391,10.);
#2905=VECTOR('',#10392,10.);
#2906=VECTOR('',#10393,10.);
#2907=VECTOR('',#10394,10.);
#2908=VECTOR('',#10395,10.);
#2909=VECTOR('',#10396,10.);
#2910=VECTOR('',#10397,10.);
#2911=VECTOR('',#10398,10.);
#2912=VECTOR('',#10399,10.);
#2913=VECTOR('',#10400,10.);
#2914=VECTOR('',#10401,10.);
#2915=VECTOR('',#10402,10.);
#2916=VECTOR('',#10403,10.);
#2917=VECTOR('',#10404,10.);
#2918=VECTOR('',#10405,10.);
#2919=VECTOR('',#10406,10.);
#2920=VECTOR('',#10407,10.);
#2921=VECTOR('',#10408,10.);
#2922=VECTOR('',#10409,10.);
#2923=VECTOR('',#10410,10.);
#2924=VECTOR('',#10411,10.);
#2925=VECTOR('',#10412,10.);
#2926=VECTOR('',#10413,10.);
#2927=VECTOR('',#10414,10.);
#2928=VECTOR('',#10415,10.);
#2929=VECTOR('',#10416,10.);
#2930=VECTOR('',#10417,10.);
#2931=VECTOR('',#10418,10.);
#2932=VECTOR('',#10419,10.);
#2933=VECTOR('',#10420,10.);
#2934=VECTOR('',#10421,10.);
#2935=VECTOR('',#10422,10.);
#2936=VECTOR('',#10423,10.);
#2937=VECTOR('',#10424,10.);
#2938=VECTOR('',#10425,10.);
#2939=VECTOR('',#10426,10.);
#2940=VECTOR('',#10427,10.);
#2941=VECTOR('',#10428,10.);
#2942=VECTOR('',#10429,10.);
#2943=VECTOR('',#10430,10.);
#2944=VECTOR('',#10431,10.);
#2945=VECTOR('',#10432,10.);
#2946=VECTOR('',#10433,10.);
#2947=VECTOR('',#10434,10.);
#2948=VECTOR('',#10435,10.);
#2949=VECTOR('',#10436,10.);
#2950=VECTOR('',#10437,10.);
#2951=VECTOR('',#10438,10.);
#2952=VECTOR('',#10439,10.);
#2953=VECTOR('',#10440,10.);
#2954=VECTOR('',#10441,10.);
#2955=VECTOR('',#10442,10.);
#2956=VECTOR('',#10443,10.);
#2957=VECTOR('',#10444,10.);
#2958=VECTOR('',#10445,10.);
#2959=VECTOR('',#10446,10.);
#2960=VECTOR('',#10447,10.);
#2961=VECTOR('',#10448,10.);
#2962=VECTOR('',#10449,10.);
#2963=VECTOR('',#10450,10.);
#2964=VECTOR('',#10451,10.);
#2965=VECTOR('',#10452,10.);
#2966=VECTOR('',#10453,10.);
#2967=VECTOR('',#10454,10.);
#2968=VECTOR('',#10455,10.);
#2969=VECTOR('',#10456,10.);
#2970=VECTOR('',#10457,10.);
#2971=VECTOR('',#10458,10.);
#2972=VECTOR('',#10459,10.);
#2973=VECTOR('',#10460,10.);
#2974=VECTOR('',#10461,10.);
#2975=VECTOR('',#10462,10.);
#2976=VECTOR('',#10463,10.);
#2977=VECTOR('',#10464,10.);
#2978=VECTOR('',#10465,10.);
#2979=VECTOR('',#10466,10.);
#2980=VECTOR('',#10467,10.);
#2981=VECTOR('',#10468,10.);
#2982=VECTOR('',#10469,10.);
#2983=VECTOR('',#10470,10.);
#2984=VECTOR('',#10471,10.);
#2985=VECTOR('',#10472,10.);
#2986=VECTOR('',#10473,10.);
#2987=VECTOR('',#10474,10.);
#2988=VECTOR('',#10475,10.);
#2989=VECTOR('',#10476,10.);
#2990=VECTOR('',#10477,10.);
#2991=VECTOR('',#10478,10.);
#2992=VECTOR('',#10479,10.);
#2993=VECTOR('',#10480,10.);
#2994=VECTOR('',#10481,10.);
#2995=VECTOR('',#10482,10.);
#2996=VECTOR('',#10483,10.);
#2997=VECTOR('',#10484,10.);
#2998=VECTOR('',#10485,10.);
#2999=VECTOR('',#10486,10.);
#3000=VECTOR('',#10487,10.);
#3001=VECTOR('',#10488,10.);
#3002=VECTOR('',#10489,10.);
#3003=VECTOR('',#10490,10.);
#3004=VECTOR('',#10491,10.);
#3005=VECTOR('',#10492,10.);
#3006=VECTOR('',#10493,10.);
#3007=VECTOR('',#10494,10.);
#3008=VECTOR('',#10495,10.);
#3009=VECTOR('',#10496,10.);
#3010=VECTOR('',#10497,10.);
#3011=VECTOR('',#10498,10.);
#3012=VECTOR('',#10499,10.);
#3013=VECTOR('',#10500,10.);
#3014=VECTOR('',#10501,10.);
#3015=VECTOR('',#10502,10.);
#3016=VECTOR('',#10503,10.);
#3017=VECTOR('',#10504,10.);
#3018=VECTOR('',#10505,10.);
#3019=VECTOR('',#10506,10.);
#3020=VECTOR('',#10507,10.);
#3021=VECTOR('',#10508,10.);
#3022=VECTOR('',#10509,10.);
#3023=VECTOR('',#10510,10.);
#3024=VECTOR('',#10511,10.);
#3025=VECTOR('',#10512,10.);
#3026=VECTOR('',#10513,10.);
#3027=VECTOR('',#10514,10.);
#3028=VECTOR('',#10515,10.);
#3029=VECTOR('',#10516,10.);
#3030=VECTOR('',#10517,10.);
#3031=VECTOR('',#10518,10.);
#3032=VECTOR('',#10519,10.);
#3033=VECTOR('',#10520,10.);
#3034=VECTOR('',#10521,10.);
#3035=VECTOR('',#10522,10.);
#3036=VECTOR('',#10523,10.);
#3037=VECTOR('',#10524,10.);
#3038=VECTOR('',#10525,10.);
#3039=VECTOR('',#10526,10.);
#3040=VECTOR('',#10527,10.);
#3041=VECTOR('',#10528,10.);
#3042=VECTOR('',#10529,10.);
#3043=VECTOR('',#10530,10.);
#3044=VECTOR('',#10531,10.);
#3045=VECTOR('',#10532,10.);
#3046=VECTOR('',#10533,10.);
#3047=VECTOR('',#10534,10.);
#3048=VECTOR('',#10535,10.);
#3049=VECTOR('',#10536,10.);
#3050=VECTOR('',#10537,10.);
#3051=VECTOR('',#10538,10.);
#3052=VECTOR('',#10539,10.);
#3053=VECTOR('',#10540,10.);
#3054=VECTOR('',#10541,10.);
#3055=VECTOR('',#10542,10.);
#3056=VECTOR('',#10543,10.);
#3057=VECTOR('',#10544,10.);
#3058=VECTOR('',#10545,10.);
#3059=VECTOR('',#10548,10.);
#3060=VECTOR('',#10549,10.);
#3061=VECTOR('',#10550,10.);
#3062=VECTOR('',#10551,10.);
#3063=VECTOR('',#10552,10.);
#3064=VECTOR('',#10553,10.);
#3065=VECTOR('',#10554,10.);
#3066=VECTOR('',#10557,10.);
#3067=VECTOR('',#10560,10.);
#3068=VECTOR('',#10561,10.);
#3069=VECTOR('',#10562,10.);
#3070=VECTOR('',#10563,10.);
#3071=VECTOR('',#10564,10.);
#3072=VECTOR('',#10565,10.);
#3073=VECTOR('',#10566,10.);
#3074=VECTOR('',#10569,10.);
#3075=VECTOR('',#10572,10.);
#3076=VECTOR('',#10573,10.);
#3077=VECTOR('',#10574,10.);
#3078=VECTOR('',#10575,10.);
#3079=VECTOR('',#10576,10.);
#3080=VECTOR('',#10577,10.);
#3081=VECTOR('',#10578,10.);
#3082=VECTOR('',#10581,10.);
#3083=VECTOR('',#10584,10.);
#3084=VECTOR('',#10585,10.);
#3085=VECTOR('',#10586,10.);
#3086=VECTOR('',#10587,10.);
#3087=VECTOR('',#10588,10.);
#3088=VECTOR('',#10589,10.);
#3089=VECTOR('',#10590,10.);
#3090=VECTOR('',#10593,10.);
#3091=VECTOR('',#10596,10.);
#3092=VECTOR('',#10597,10.);
#3093=VECTOR('',#10598,10.);
#3094=VECTOR('',#10599,10.);
#3095=VECTOR('',#10600,10.);
#3096=VECTOR('',#10601,10.);
#3097=VECTOR('',#10602,10.);
#3098=VECTOR('',#10605,10.);
#3099=VECTOR('',#10608,10.);
#3100=VECTOR('',#10609,10.);
#3101=VECTOR('',#10610,10.);
#3102=VECTOR('',#10611,10.);
#3103=VECTOR('',#10612,10.);
#3104=VECTOR('',#10613,10.);
#3105=VECTOR('',#10614,10.);
#3106=VECTOR('',#10617,10.);
#3107=VECTOR('',#10620,10.);
#3108=VECTOR('',#10621,10.);
#3109=VECTOR('',#10622,10.);
#3110=VECTOR('',#10623,10.);
#3111=VECTOR('',#10624,10.);
#3112=VECTOR('',#10625,10.);
#3113=VECTOR('',#10626,10.);
#3114=VECTOR('',#10629,10.);
#3115=VECTOR('',#10632,10.);
#3116=VECTOR('',#10633,10.);
#3117=VECTOR('',#10634,10.);
#3118=VECTOR('',#10635,10.);
#3119=VECTOR('',#10636,10.);
#3120=VECTOR('',#10637,10.);
#3121=VECTOR('',#10638,10.);
#3122=VECTOR('',#10641,10.);
#3123=VECTOR('',#10644,10.);
#3124=VECTOR('',#10645,10.);
#3125=VECTOR('',#10646,10.);
#3126=VECTOR('',#10647,10.);
#3127=VECTOR('',#10648,10.);
#3128=VECTOR('',#10649,10.);
#3129=VECTOR('',#10650,10.);
#3130=VECTOR('',#10653,10.);
#3131=VECTOR('',#10656,10.);
#3132=VECTOR('',#10657,10.);
#3133=VECTOR('',#10658,10.);
#3134=VECTOR('',#10659,10.);
#3135=VECTOR('',#10660,10.);
#3136=VECTOR('',#10661,10.);
#3137=VECTOR('',#10662,10.);
#3138=VECTOR('',#10665,10.);
#3139=VECTOR('',#10668,10.);
#3140=VECTOR('',#10669,10.);
#3141=VECTOR('',#10670,10.);
#3142=VECTOR('',#10671,10.);
#3143=VECTOR('',#10672,10.);
#3144=VECTOR('',#10673,10.);
#3145=VECTOR('',#10674,10.);
#3146=VECTOR('',#10677,10.);
#3147=VECTOR('',#10680,10.);
#3148=VECTOR('',#10681,10.);
#3149=VECTOR('',#10682,10.);
#3150=VECTOR('',#10683,10.);
#3151=VECTOR('',#10684,10.);
#3152=VECTOR('',#10685,10.);
#3153=VECTOR('',#10686,10.);
#3154=VECTOR('',#10689,10.);
#3155=VECTOR('',#10692,10.);
#3156=VECTOR('',#10693,10.);
#3157=VECTOR('',#10694,10.);
#3158=VECTOR('',#10695,10.);
#3159=VECTOR('',#10696,10.);
#3160=VECTOR('',#10697,10.);
#3161=VECTOR('',#10698,10.);
#3162=VECTOR('',#10701,10.);
#3163=VECTOR('',#10704,10.);
#3164=VECTOR('',#10705,10.);
#3165=VECTOR('',#10706,10.);
#3166=VECTOR('',#10707,10.);
#3167=VECTOR('',#10708,10.);
#3168=VECTOR('',#10709,10.);
#3169=VECTOR('',#10710,10.);
#3170=VECTOR('',#10713,10.);
#3171=VECTOR('',#10716,10.);
#3172=VECTOR('',#10717,10.);
#3173=VECTOR('',#10718,10.);
#3174=VECTOR('',#10719,10.);
#3175=VECTOR('',#10720,10.);
#3176=VECTOR('',#10721,10.);
#3177=VECTOR('',#10722,10.);
#3178=VECTOR('',#10725,10.);
#3179=VECTOR('',#10728,10.);
#3180=VECTOR('',#10729,10.);
#3181=VECTOR('',#10730,10.);
#3182=VECTOR('',#10731,10.);
#3183=VECTOR('',#10732,10.);
#3184=VECTOR('',#10733,10.);
#3185=VECTOR('',#10734,10.);
#3186=VECTOR('',#10737,10.);
#3187=VECTOR('',#10740,10.);
#3188=VECTOR('',#10741,10.);
#3189=VECTOR('',#10742,10.);
#3190=VECTOR('',#10743,10.);
#3191=VECTOR('',#10744,10.);
#3192=VECTOR('',#10745,10.);
#3193=VECTOR('',#10746,10.);
#3194=VECTOR('',#10749,10.);
#3195=VECTOR('',#10752,10.);
#3196=VECTOR('',#10753,10.);
#3197=VECTOR('',#10754,10.);
#3198=VECTOR('',#10755,10.);
#3199=VECTOR('',#10756,10.);
#3200=VECTOR('',#10757,10.);
#3201=VECTOR('',#10758,10.);
#3202=VECTOR('',#10761,10.);
#3203=VECTOR('',#10764,10.);
#3204=VECTOR('',#10765,10.);
#3205=VECTOR('',#10766,10.);
#3206=VECTOR('',#10767,10.);
#3207=VECTOR('',#10768,10.);
#3208=VECTOR('',#10769,10.);
#3209=VECTOR('',#10770,10.);
#3210=VECTOR('',#10773,10.);
#3211=VECTOR('',#10776,10.);
#3212=VECTOR('',#10777,10.);
#3213=VECTOR('',#10778,10.);
#3214=VECTOR('',#10779,10.);
#3215=VECTOR('',#10780,10.);
#3216=VECTOR('',#10781,10.);
#3217=VECTOR('',#10782,10.);
#3218=VECTOR('',#10785,10.);
#3219=VECTOR('',#10788,10.);
#3220=VECTOR('',#10789,10.);
#3221=VECTOR('',#10790,10.);
#3222=VECTOR('',#10791,10.);
#3223=VECTOR('',#10792,10.);
#3224=VECTOR('',#10793,10.);
#3225=VECTOR('',#10794,10.);
#3226=VECTOR('',#10797,10.);
#3227=VECTOR('',#10800,10.);
#3228=VECTOR('',#10801,10.);
#3229=VECTOR('',#10802,10.);
#3230=VECTOR('',#10803,10.);
#3231=VECTOR('',#10804,10.);
#3232=VECTOR('',#10805,10.);
#3233=VECTOR('',#10806,10.);
#3234=VECTOR('',#10809,10.);
#3235=VECTOR('',#10812,10.);
#3236=VECTOR('',#10813,10.);
#3237=VECTOR('',#10814,10.);
#3238=VECTOR('',#10815,10.);
#3239=VECTOR('',#10816,10.);
#3240=VECTOR('',#10817,10.);
#3241=VECTOR('',#10818,10.);
#3242=VECTOR('',#10821,10.);
#3243=VECTOR('',#10824,10.);
#3244=VECTOR('',#10825,10.);
#3245=VECTOR('',#10826,10.);
#3246=VECTOR('',#10827,10.);
#3247=VECTOR('',#10828,10.);
#3248=VECTOR('',#10829,10.);
#3249=VECTOR('',#10830,10.);
#3250=VECTOR('',#10833,10.);
#3251=VECTOR('',#10836,10.);
#3252=VECTOR('',#10837,10.);
#3253=VECTOR('',#10838,10.);
#3254=VECTOR('',#10841,10.);
#3255=VECTOR('',#10842,10.);
#3256=VECTOR('',#10845,10.);
#3257=VECTOR('',#10846,10.);
#3258=VECTOR('',#10849,10.);
#3259=VECTOR('',#10850,10.);
#3260=VECTOR('',#10853,10.);
#3261=VECTOR('',#10854,10.);
#3262=VECTOR('',#10857,10.);
#3263=VECTOR('',#10858,10.);
#3264=VECTOR('',#10861,10.);
#3265=VECTOR('',#10862,10.);
#3266=VECTOR('',#10865,10.);
#3267=VECTOR('',#10866,10.);
#3268=VECTOR('',#10869,10.);
#3269=VECTOR('',#10870,10.);
#3270=VECTOR('',#10873,10.);
#3271=VECTOR('',#10874,10.);
#3272=VECTOR('',#10877,10.);
#3273=VECTOR('',#10878,10.);
#3274=VECTOR('',#10881,10.);
#3275=VECTOR('',#10882,10.);
#3276=VECTOR('',#10885,10.);
#3277=VECTOR('',#10886,10.);
#3278=VECTOR('',#10889,10.);
#3279=VECTOR('',#10890,10.);
#3280=VECTOR('',#10893,10.);
#3281=VECTOR('',#10894,10.);
#3282=VECTOR('',#10897,10.);
#3283=VECTOR('',#10898,10.);
#3284=VECTOR('',#10901,10.);
#3285=VECTOR('',#10902,10.);
#3286=VECTOR('',#10905,10.);
#3287=VECTOR('',#10906,10.);
#3288=VECTOR('',#10909,10.);
#3289=VECTOR('',#10910,10.);
#3290=VECTOR('',#10913,10.);
#3291=VECTOR('',#10914,10.);
#3292=VECTOR('',#10917,10.);
#3293=VECTOR('',#10918,10.);
#3294=VECTOR('',#10921,10.);
#3295=VECTOR('',#10922,10.);
#3296=VECTOR('',#10925,10.);
#3297=VECTOR('',#10926,10.);
#3298=VECTOR('',#10929,10.);
#3299=VECTOR('',#10930,10.);
#3300=VECTOR('',#10933,10.);
#3301=VECTOR('',#10934,10.);
#3302=VECTOR('',#10937,10.);
#3303=VECTOR('',#10938,10.);
#3304=VECTOR('',#10941,10.);
#3305=VECTOR('',#10942,10.);
#3306=VECTOR('',#10945,10.);
#3307=VECTOR('',#10946,10.);
#3308=VECTOR('',#10949,10.);
#3309=VECTOR('',#10950,10.);
#3310=VECTOR('',#10953,10.);
#3311=VECTOR('',#10954,10.);
#3312=VECTOR('',#10957,10.);
#3313=VECTOR('',#10958,10.);
#3314=VECTOR('',#10961,10.);
#3315=VECTOR('',#10962,10.);
#3316=VECTOR('',#10965,10.);
#3317=VECTOR('',#10966,10.);
#3318=VECTOR('',#10969,10.);
#3319=VECTOR('',#10970,10.);
#3320=VECTOR('',#10973,10.);
#3321=VECTOR('',#10974,10.);
#3322=VECTOR('',#10977,10.);
#3323=VECTOR('',#10978,10.);
#3324=VECTOR('',#10981,10.);
#3325=VECTOR('',#10982,10.);
#3326=VECTOR('',#10985,10.);
#3327=VECTOR('',#10986,10.);
#3328=VECTOR('',#10989,10.);
#3329=VECTOR('',#10990,10.);
#3330=VECTOR('',#10993,10.);
#3331=VECTOR('',#10994,10.);
#3332=VECTOR('',#10997,10.);
#3333=VECTOR('',#10998,10.);
#3334=VECTOR('',#11001,10.);
#3335=VECTOR('',#11002,10.);
#3336=VECTOR('',#11005,10.);
#3337=VECTOR('',#11006,10.);
#3338=VECTOR('',#11009,10.);
#3339=VECTOR('',#11010,10.);
#3340=VECTOR('',#11013,10.);
#3341=VECTOR('',#11014,10.);
#3342=VECTOR('',#11017,10.);
#3343=VECTOR('',#11018,10.);
#3344=VECTOR('',#11021,10.);
#3345=VECTOR('',#11022,10.);
#3346=VECTOR('',#11025,10.);
#3347=VECTOR('',#11026,10.);
#3348=VECTOR('',#11029,10.);
#3349=VECTOR('',#11030,10.);
#3350=VECTOR('',#11033,10.);
#3351=VECTOR('',#11034,10.);
#3352=VECTOR('',#11037,10.);
#3353=VECTOR('',#11038,10.);
#3354=VECTOR('',#11041,10.);
#3355=VECTOR('',#11042,10.);
#3356=VECTOR('',#11045,10.);
#3357=VECTOR('',#11046,10.);
#3358=VECTOR('',#11049,10.);
#3359=VECTOR('',#11050,10.);
#3360=VECTOR('',#11053,10.);
#3361=VECTOR('',#11054,10.);
#3362=VECTOR('',#11057,10.);
#3363=VECTOR('',#11058,10.);
#3364=VECTOR('',#11061,10.);
#3365=VECTOR('',#11062,10.);
#3366=VECTOR('',#11065,10.);
#3367=VECTOR('',#11066,10.);
#3368=VECTOR('',#11069,10.);
#3369=VECTOR('',#11070,10.);
#3370=VECTOR('',#11073,10.);
#3371=VECTOR('',#11074,10.);
#3372=VECTOR('',#11077,10.);
#3373=VECTOR('',#11078,10.);
#3374=VECTOR('',#11081,10.);
#3375=VECTOR('',#11082,10.);
#3376=VECTOR('',#11085,10.);
#3377=VECTOR('',#11086,10.);
#3378=VECTOR('',#11089,10.);
#3379=VECTOR('',#11090,10.);
#3380=VECTOR('',#11093,10.);
#3381=VECTOR('',#11094,10.);
#3382=VECTOR('',#11097,10.);
#3383=VECTOR('',#11098,10.);
#3384=VECTOR('',#11101,10.);
#3385=VECTOR('',#11102,10.);
#3386=VECTOR('',#11105,10.);
#3387=VECTOR('',#11106,10.);
#3388=VECTOR('',#11109,10.);
#3389=VECTOR('',#11110,10.);
#3390=VECTOR('',#11113,10.);
#3391=VECTOR('',#11114,10.);
#3392=VECTOR('',#11117,10.);
#3393=VECTOR('',#11118,10.);
#3394=VECTOR('',#11121,10.);
#3395=VECTOR('',#11122,10.);
#3396=VECTOR('',#11125,10.);
#3397=VECTOR('',#11126,10.);
#3398=VECTOR('',#11129,10.);
#3399=VECTOR('',#11130,10.);
#3400=VECTOR('',#11133,10.);
#3401=VECTOR('',#11134,10.);
#3402=VECTOR('',#11137,10.);
#3403=VECTOR('',#11138,10.);
#3404=VECTOR('',#11141,10.);
#3405=VECTOR('',#11142,10.);
#3406=VECTOR('',#11145,10.);
#3407=VECTOR('',#11146,10.);
#3408=VECTOR('',#11149,10.);
#3409=VECTOR('',#11150,10.);
#3410=VECTOR('',#11153,10.);
#3411=VECTOR('',#11154,10.);
#3412=VECTOR('',#11157,10.);
#3413=VECTOR('',#11158,10.);
#3414=VECTOR('',#11161,10.);
#3415=VECTOR('',#11162,10.);
#3416=VECTOR('',#11165,10.);
#3417=VECTOR('',#11166,10.);
#3418=VECTOR('',#11169,10.);
#3419=VECTOR('',#11170,10.);
#3420=VECTOR('',#11173,10.);
#3421=VECTOR('',#11174,10.);
#3422=VECTOR('',#11177,10.);
#3423=VECTOR('',#11178,10.);
#3424=VECTOR('',#11181,10.);
#3425=VECTOR('',#11182,10.);
#3426=VECTOR('',#11185,10.);
#3427=VECTOR('',#11186,10.);
#3428=VECTOR('',#11189,10.);
#3429=VECTOR('',#11190,10.);
#3430=VECTOR('',#11193,10.);
#3431=VECTOR('',#11194,10.);
#3432=VECTOR('',#11197,10.);
#3433=VECTOR('',#11198,10.);
#3434=VECTOR('',#11201,10.);
#3435=VECTOR('',#11202,10.);
#3436=VECTOR('',#11205,10.);
#3437=VECTOR('',#11206,10.);
#3438=VECTOR('',#11209,10.);
#3439=VECTOR('',#11210,10.);
#3440=VECTOR('',#11213,10.);
#3441=VECTOR('',#11214,10.);
#3442=VECTOR('',#11217,10.);
#3443=VECTOR('',#11218,10.);
#3444=VECTOR('',#11221,10.);
#3445=VECTOR('',#11222,10.);
#3446=VECTOR('',#11225,10.);
#3447=VECTOR('',#11226,10.);
#3448=VECTOR('',#11229,10.);
#3449=VECTOR('',#11230,10.);
#3450=VECTOR('',#11233,10.);
#3451=VECTOR('',#11234,10.);
#3452=VECTOR('',#11237,10.);
#3453=VECTOR('',#11238,10.);
#3454=VECTOR('',#11241,10.);
#3455=VECTOR('',#11242,10.);
#3456=VECTOR('',#11245,10.);
#3457=VECTOR('',#11246,10.);
#3458=VECTOR('',#11249,10.);
#3459=VECTOR('',#11250,10.);
#3460=VECTOR('',#11253,10.);
#3461=VECTOR('',#11254,10.);
#3462=VECTOR('',#11257,10.);
#3463=VECTOR('',#11258,10.);
#3464=VECTOR('',#11261,10.);
#3465=VECTOR('',#11262,10.);
#3466=VECTOR('',#11265,10.);
#3467=VECTOR('',#11266,10.);
#3468=VECTOR('',#11269,10.);
#3469=VECTOR('',#11270,10.);
#3470=VECTOR('',#11273,10.);
#3471=VECTOR('',#11274,10.);
#3472=VECTOR('',#11277,10.);
#3473=VECTOR('',#11278,10.);
#3474=VECTOR('',#11281,10.);
#3475=VECTOR('',#11282,10.);
#3476=VECTOR('',#11285,10.);
#3477=VECTOR('',#11286,10.);
#3478=VECTOR('',#11289,10.);
#3479=VECTOR('',#11290,10.);
#3480=VECTOR('',#11293,10.);
#3481=VECTOR('',#11294,10.);
#3482=VECTOR('',#11297,10.);
#3483=VECTOR('',#11298,10.);
#3484=VECTOR('',#11301,10.);
#3485=VECTOR('',#11302,10.);
#3486=VECTOR('',#11305,10.);
#3487=VECTOR('',#11306,10.);
#3488=VECTOR('',#11309,10.);
#3489=VECTOR('',#11310,10.);
#3490=VECTOR('',#11313,10.);
#3491=VECTOR('',#11314,10.);
#3492=VECTOR('',#11317,10.);
#3493=VECTOR('',#11318,10.);
#3494=VECTOR('',#11321,10.);
#3495=VECTOR('',#11322,10.);
#3496=VECTOR('',#11325,10.);
#3497=VECTOR('',#11326,10.);
#3498=VECTOR('',#11329,10.);
#3499=VECTOR('',#11330,10.);
#3500=VECTOR('',#11333,10.);
#3501=VECTOR('',#11334,10.);
#3502=VECTOR('',#11337,10.);
#3503=VECTOR('',#11338,10.);
#3504=VECTOR('',#11341,10.);
#3505=VECTOR('',#11342,10.);
#3506=VECTOR('',#11345,10.);
#3507=VECTOR('',#11346,10.);
#3508=VECTOR('',#11349,10.);
#3509=VECTOR('',#11350,10.);
#3510=VECTOR('',#11353,10.);
#3511=VECTOR('',#11354,10.);
#3512=VECTOR('',#11357,10.);
#3513=VECTOR('',#11358,10.);
#3514=VECTOR('',#11361,10.);
#3515=VECTOR('',#11362,10.);
#3516=VECTOR('',#11365,10.);
#3517=VECTOR('',#11366,10.);
#3518=VECTOR('',#11369,10.);
#3519=VECTOR('',#11370,10.);
#3520=VECTOR('',#11373,10.);
#3521=VECTOR('',#11374,10.);
#3522=VECTOR('',#11377,10.);
#3523=VECTOR('',#11378,10.);
#3524=VECTOR('',#11381,10.);
#3525=VECTOR('',#11382,10.);
#3526=VECTOR('',#11385,10.);
#3527=VECTOR('',#11386,10.);
#3528=VECTOR('',#11389,10.);
#3529=VECTOR('',#11390,10.);
#3530=VECTOR('',#11393,10.);
#3531=VECTOR('',#11394,10.);
#3532=VECTOR('',#11397,10.);
#3533=VECTOR('',#11398,10.);
#3534=VECTOR('',#11401,10.);
#3535=VECTOR('',#11402,10.);
#3536=VECTOR('',#11405,10.);
#3537=VECTOR('',#11406,10.);
#3538=VECTOR('',#11409,10.);
#3539=VECTOR('',#11410,10.);
#3540=VECTOR('',#11413,10.);
#3541=VECTOR('',#11414,10.);
#3542=VECTOR('',#11417,10.);
#3543=VECTOR('',#11418,10.);
#3544=VECTOR('',#11421,10.);
#3545=VECTOR('',#11422,10.);
#3546=VECTOR('',#11425,10.);
#3547=VECTOR('',#11426,10.);
#3548=VECTOR('',#11429,10.);
#3549=VECTOR('',#11430,10.);
#3550=VECTOR('',#11433,10.);
#3551=VECTOR('',#11434,10.);
#3552=VECTOR('',#11437,10.);
#3553=VECTOR('',#11438,10.);
#3554=VECTOR('',#11441,10.);
#3555=VECTOR('',#11442,10.);
#3556=VECTOR('',#11445,10.);
#3557=VECTOR('',#11446,10.);
#3558=VECTOR('',#11449,10.);
#3559=VECTOR('',#11450,10.);
#3560=VECTOR('',#11453,10.);
#3561=VECTOR('',#11454,10.);
#3562=VECTOR('',#11457,10.);
#3563=VECTOR('',#11458,10.);
#3564=VECTOR('',#11461,10.);
#3565=VECTOR('',#11462,10.);
#3566=VECTOR('',#11465,10.);
#3567=VECTOR('',#11466,10.);
#3568=VECTOR('',#11469,10.);
#3569=VECTOR('',#11470,10.);
#3570=VECTOR('',#11473,10.);
#3571=VECTOR('',#11474,10.);
#3572=VECTOR('',#11477,10.);
#3573=VECTOR('',#11478,10.);
#3574=VECTOR('',#11481,10.);
#3575=VECTOR('',#11482,10.);
#3576=VECTOR('',#11485,10.);
#3577=VECTOR('',#11486,10.);
#3578=VECTOR('',#11489,10.);
#3579=VECTOR('',#11490,10.);
#3580=VECTOR('',#11493,10.);
#3581=VECTOR('',#11494,10.);
#3582=VECTOR('',#11497,10.);
#3583=VECTOR('',#11498,10.);
#3584=VECTOR('',#11501,10.);
#3585=VECTOR('',#11502,10.);
#3586=VECTOR('',#11505,10.);
#3587=VECTOR('',#11506,10.);
#3588=VECTOR('',#11509,10.);
#3589=VECTOR('',#11510,10.);
#3590=VECTOR('',#11513,10.);
#3591=VECTOR('',#11514,10.);
#3592=VECTOR('',#11517,10.);
#3593=VECTOR('',#11518,10.);
#3594=VECTOR('',#11521,10.);
#3595=VECTOR('',#11522,10.);
#3596=VECTOR('',#11525,10.);
#3597=VECTOR('',#11526,10.);
#3598=VECTOR('',#11529,10.);
#3599=VECTOR('',#11530,10.);
#3600=VECTOR('',#11533,10.);
#3601=VECTOR('',#11534,10.);
#3602=VECTOR('',#11537,10.);
#3603=VECTOR('',#11538,10.);
#3604=VECTOR('',#11541,10.);
#3605=VECTOR('',#11542,10.);
#3606=VECTOR('',#11545,10.);
#3607=VECTOR('',#11546,10.);
#3608=VECTOR('',#11549,10.);
#3609=VECTOR('',#11550,10.);
#3610=VECTOR('',#11553,10.);
#3611=VECTOR('',#11554,10.);
#3612=VECTOR('',#11557,10.);
#3613=VECTOR('',#11558,10.);
#3614=VECTOR('',#11561,10.);
#3615=VECTOR('',#11562,10.);
#3616=VECTOR('',#11565,10.);
#3617=VECTOR('',#11566,10.);
#3618=VECTOR('',#11569,10.);
#3619=VECTOR('',#11570,10.);
#3620=VECTOR('',#11573,10.);
#3621=VECTOR('',#11574,10.);
#3622=VECTOR('',#11577,10.);
#3623=VECTOR('',#11578,10.);
#3624=VECTOR('',#11581,10.);
#3625=VECTOR('',#11582,10.);
#3626=VECTOR('',#11585,10.);
#3627=VECTOR('',#11586,10.);
#3628=VECTOR('',#11589,10.);
#3629=VECTOR('',#11590,10.);
#3630=VECTOR('',#11593,10.);
#3631=VECTOR('',#11594,10.);
#3632=VECTOR('',#11597,10.);
#3633=VECTOR('',#11598,10.);
#3634=VECTOR('',#11601,10.);
#3635=VECTOR('',#11604,10.);
#3636=VECTOR('',#11605,10.);
#3637=VECTOR('',#11606,10.);
#3638=VECTOR('',#11609,10.);
#3639=VECTOR('',#11610,10.);
#3640=VECTOR('',#11613,10.);
#3641=VECTOR('',#11614,10.);
#3642=VECTOR('',#11617,10.);
#3643=VECTOR('',#11618,10.);
#3644=VECTOR('',#11621,10.);
#3645=VECTOR('',#11622,10.);
#3646=VECTOR('',#11625,10.);
#3647=VECTOR('',#11626,10.);
#3648=VECTOR('',#11629,10.);
#3649=VECTOR('',#11630,10.);
#3650=VECTOR('',#11633,10.);
#3651=VECTOR('',#11634,10.);
#3652=VECTOR('',#11637,10.);
#3653=VECTOR('',#11638,10.);
#3654=VECTOR('',#11641,10.);
#3655=VECTOR('',#11642,10.);
#3656=VECTOR('',#11645,10.);
#3657=VECTOR('',#11646,10.);
#3658=VECTOR('',#11649,10.);
#3659=VECTOR('',#11650,10.);
#3660=VECTOR('',#11653,10.);
#3661=VECTOR('',#11654,10.);
#3662=VECTOR('',#11657,10.);
#3663=VECTOR('',#11658,10.);
#3664=VECTOR('',#11661,10.);
#3665=VECTOR('',#11662,10.);
#3666=VECTOR('',#11665,10.);
#3667=VECTOR('',#11666,10.);
#3668=VECTOR('',#11669,10.);
#3669=VECTOR('',#11670,10.);
#3670=VECTOR('',#11673,10.);
#3671=VECTOR('',#11674,10.);
#3672=VECTOR('',#11677,10.);
#3673=VECTOR('',#11678,10.);
#3674=VECTOR('',#11681,10.);
#3675=VECTOR('',#11682,10.);
#3676=VECTOR('',#11685,10.);
#3677=VECTOR('',#11686,10.);
#3678=VECTOR('',#11689,10.);
#3679=VECTOR('',#11690,10.);
#3680=VECTOR('',#11693,10.);
#3681=VECTOR('',#11694,10.);
#3682=VECTOR('',#11697,10.);
#3683=VECTOR('',#11698,10.);
#3684=VECTOR('',#11701,10.);
#3685=VECTOR('',#11702,10.);
#3686=VECTOR('',#11705,10.);
#3687=VECTOR('',#11706,10.);
#3688=VECTOR('',#11709,10.);
#3689=VECTOR('',#11710,10.);
#3690=VECTOR('',#11713,10.);
#3691=VECTOR('',#11714,10.);
#3692=VECTOR('',#11717,10.);
#3693=VECTOR('',#11718,10.);
#3694=VECTOR('',#11721,10.);
#3695=VECTOR('',#11722,10.);
#3696=VECTOR('',#11725,10.);
#3697=VECTOR('',#11726,10.);
#3698=VECTOR('',#11729,10.);
#3699=VECTOR('',#11730,10.);
#3700=VECTOR('',#11733,10.);
#3701=VECTOR('',#11734,10.);
#3702=VECTOR('',#11737,10.);
#3703=VECTOR('',#11738,10.);
#3704=VECTOR('',#11741,10.);
#3705=VECTOR('',#11742,10.);
#3706=VECTOR('',#11745,10.);
#3707=VECTOR('',#11746,10.);
#3708=VECTOR('',#11749,10.);
#3709=VECTOR('',#11750,10.);
#3710=VECTOR('',#11753,10.);
#3711=VECTOR('',#11754,10.);
#3712=VECTOR('',#11757,10.);
#3713=VECTOR('',#11758,10.);
#3714=VECTOR('',#11761,10.);
#3715=VECTOR('',#11762,10.);
#3716=VECTOR('',#11765,10.);
#3717=VECTOR('',#11766,10.);
#3718=VECTOR('',#11769,10.);
#3719=VECTOR('',#11770,10.);
#3720=VECTOR('',#11773,10.);
#3721=VECTOR('',#11774,10.);
#3722=VECTOR('',#11777,10.);
#3723=VECTOR('',#11778,10.);
#3724=VECTOR('',#11781,10.);
#3725=VECTOR('',#11782,10.);
#3726=VECTOR('',#11785,10.);
#3727=VECTOR('',#11786,10.);
#3728=VECTOR('',#11789,10.);
#3729=VECTOR('',#11790,10.);
#3730=VECTOR('',#11793,10.);
#3731=VECTOR('',#11794,10.);
#3732=VECTOR('',#11797,10.);
#3733=VECTOR('',#11798,10.);
#3734=VECTOR('',#11801,10.);
#3735=VECTOR('',#11802,10.);
#3736=VECTOR('',#11805,10.);
#3737=VECTOR('',#11808,10.);
#3738=VECTOR('',#11809,10.);
#3739=VECTOR('',#11810,10.);
#3740=VECTOR('',#11813,10.);
#3741=VECTOR('',#11814,10.);
#3742=VECTOR('',#11817,10.);
#3743=VECTOR('',#11818,10.);
#3744=VECTOR('',#11821,10.);
#3745=VECTOR('',#11822,10.);
#3746=VECTOR('',#11825,10.);
#3747=VECTOR('',#11826,10.);
#3748=VECTOR('',#11829,10.);
#3749=VECTOR('',#11830,10.);
#3750=VECTOR('',#11833,10.);
#3751=VECTOR('',#11834,10.);
#3752=VECTOR('',#11837,10.);
#3753=VECTOR('',#11838,10.);
#3754=VECTOR('',#11841,10.);
#3755=VECTOR('',#11842,10.);
#3756=VECTOR('',#11845,10.);
#3757=VECTOR('',#11846,10.);
#3758=VECTOR('',#11849,10.);
#3759=VECTOR('',#11850,10.);
#3760=VECTOR('',#11853,10.);
#3761=VECTOR('',#11854,10.);
#3762=VECTOR('',#11857,10.);
#3763=VECTOR('',#11858,10.);
#3764=VECTOR('',#11861,10.);
#3765=VECTOR('',#11862,10.);
#3766=VECTOR('',#11865,10.);
#3767=VECTOR('',#11866,10.);
#3768=VECTOR('',#11869,10.);
#3769=VECTOR('',#11870,10.);
#3770=VECTOR('',#11873,10.);
#3771=VECTOR('',#11874,10.);
#3772=VECTOR('',#11877,10.);
#3773=VECTOR('',#11878,10.);
#3774=VECTOR('',#11881,10.);
#3775=VECTOR('',#11882,10.);
#3776=VECTOR('',#11885,10.);
#3777=VECTOR('',#11886,10.);
#3778=VECTOR('',#11889,10.);
#3779=VECTOR('',#11890,10.);
#3780=VECTOR('',#11893,10.);
#3781=VECTOR('',#11894,10.);
#3782=VECTOR('',#11897,10.);
#3783=VECTOR('',#11898,10.);
#3784=VECTOR('',#11901,10.);
#3785=VECTOR('',#11902,10.);
#3786=VECTOR('',#11905,10.);
#3787=VECTOR('',#11906,10.);
#3788=VECTOR('',#11909,10.);
#3789=VECTOR('',#11910,10.);
#3790=VECTOR('',#11913,10.);
#3791=VECTOR('',#11914,10.);
#3792=VECTOR('',#11917,10.);
#3793=VECTOR('',#11918,10.);
#3794=VECTOR('',#11921,10.);
#3795=VECTOR('',#11922,10.);
#3796=VECTOR('',#11925,10.);
#3797=VECTOR('',#11926,10.);
#3798=VECTOR('',#11929,10.);
#3799=VECTOR('',#11930,10.);
#3800=VECTOR('',#11933,10.);
#3801=VECTOR('',#11934,10.);
#3802=VECTOR('',#11937,10.);
#3803=VECTOR('',#11938,10.);
#3804=VECTOR('',#11941,10.);
#3805=VECTOR('',#11942,10.);
#3806=VECTOR('',#11945,10.);
#3807=VECTOR('',#11946,10.);
#3808=VECTOR('',#11949,10.);
#3809=VECTOR('',#11950,10.);
#3810=VECTOR('',#11953,10.);
#3811=VECTOR('',#11954,10.);
#3812=VECTOR('',#11957,10.);
#3813=VECTOR('',#11958,10.);
#3814=VECTOR('',#11961,10.);
#3815=VECTOR('',#11962,10.);
#3816=VECTOR('',#11965,10.);
#3817=VECTOR('',#11966,10.);
#3818=VECTOR('',#11969,10.);
#3819=VECTOR('',#11970,10.);
#3820=VECTOR('',#11973,10.);
#3821=VECTOR('',#11974,10.);
#3822=VECTOR('',#11977,10.);
#3823=VECTOR('',#11978,10.);
#3824=VECTOR('',#11981,10.);
#3825=VECTOR('',#11982,10.);
#3826=VECTOR('',#11985,10.);
#3827=VECTOR('',#11986,10.);
#3828=VECTOR('',#11989,10.);
#3829=VECTOR('',#11990,10.);
#3830=VECTOR('',#11993,10.);
#3831=VECTOR('',#11994,10.);
#3832=VECTOR('',#11997,10.);
#3833=VECTOR('',#11998,10.);
#3834=VECTOR('',#12001,10.);
#3835=VECTOR('',#12002,10.);
#3836=VECTOR('',#12005,10.);
#3837=VECTOR('',#12006,10.);
#3838=VECTOR('',#12009,10.);
#3839=VECTOR('',#12012,10.);
#3840=VECTOR('',#12013,10.);
#3841=VECTOR('',#12014,10.);
#3842=VECTOR('',#12017,10.);
#3843=VECTOR('',#12018,10.);
#3844=VECTOR('',#12021,10.);
#3845=VECTOR('',#12022,10.);
#3846=VECTOR('',#12025,10.);
#3847=VECTOR('',#12026,10.);
#3848=VECTOR('',#12029,10.);
#3849=VECTOR('',#12030,10.);
#3850=VECTOR('',#12033,10.);
#3851=VECTOR('',#12034,10.);
#3852=VECTOR('',#12037,10.);
#3853=VECTOR('',#12038,10.);
#3854=VECTOR('',#12041,10.);
#3855=VECTOR('',#12042,10.);
#3856=VECTOR('',#12045,10.);
#3857=VECTOR('',#12046,10.);
#3858=VECTOR('',#12049,10.);
#3859=VECTOR('',#12050,10.);
#3860=VECTOR('',#12053,10.);
#3861=VECTOR('',#12054,10.);
#3862=VECTOR('',#12057,10.);
#3863=VECTOR('',#12058,10.);
#3864=VECTOR('',#12061,10.);
#3865=VECTOR('',#12062,10.);
#3866=VECTOR('',#12065,10.);
#3867=VECTOR('',#12066,10.);
#3868=VECTOR('',#12069,10.);
#3869=VECTOR('',#12070,10.);
#3870=VECTOR('',#12073,10.);
#3871=VECTOR('',#12074,10.);
#3872=VECTOR('',#12077,10.);
#3873=VECTOR('',#12078,10.);
#3874=VECTOR('',#12081,10.);
#3875=VECTOR('',#12082,10.);
#3876=VECTOR('',#12085,10.);
#3877=VECTOR('',#12086,10.);
#3878=VECTOR('',#12089,10.);
#3879=VECTOR('',#12090,10.);
#3880=VECTOR('',#12093,10.);
#3881=VECTOR('',#12094,10.);
#3882=VECTOR('',#12097,10.);
#3883=VECTOR('',#12098,10.);
#3884=VECTOR('',#12101,10.);
#3885=VECTOR('',#12102,10.);
#3886=VECTOR('',#12105,10.);
#3887=VECTOR('',#12106,10.);
#3888=VECTOR('',#12109,10.);
#3889=VECTOR('',#12110,10.);
#3890=VECTOR('',#12113,10.);
#3891=VECTOR('',#12114,10.);
#3892=VECTOR('',#12117,10.);
#3893=VECTOR('',#12118,10.);
#3894=VECTOR('',#12121,10.);
#3895=VECTOR('',#12122,10.);
#3896=VECTOR('',#12125,10.);
#3897=VECTOR('',#12126,10.);
#3898=VECTOR('',#12129,10.);
#3899=VECTOR('',#12130,10.);
#3900=VECTOR('',#12133,10.);
#3901=VECTOR('',#12134,10.);
#3902=VECTOR('',#12137,10.);
#3903=VECTOR('',#12138,10.);
#3904=VECTOR('',#12141,10.);
#3905=VECTOR('',#12142,10.);
#3906=VECTOR('',#12145,10.);
#3907=VECTOR('',#12146,10.);
#3908=VECTOR('',#12149,10.);
#3909=VECTOR('',#12150,10.);
#3910=VECTOR('',#12153,10.);
#3911=VECTOR('',#12154,10.);
#3912=VECTOR('',#12157,10.);
#3913=VECTOR('',#12158,10.);
#3914=VECTOR('',#12161,10.);
#3915=VECTOR('',#12162,10.);
#3916=VECTOR('',#12165,10.);
#3917=VECTOR('',#12166,10.);
#3918=VECTOR('',#12169,10.);
#3919=VECTOR('',#12170,10.);
#3920=VECTOR('',#12173,10.);
#3921=VECTOR('',#12174,10.);
#3922=VECTOR('',#12177,10.);
#3923=VECTOR('',#12178,10.);
#3924=VECTOR('',#12181,10.);
#3925=VECTOR('',#12182,10.);
#3926=VECTOR('',#12185,10.);
#3927=VECTOR('',#12186,10.);
#3928=VECTOR('',#12189,10.);
#3929=VECTOR('',#12190,10.);
#3930=VECTOR('',#12193,10.);
#3931=VECTOR('',#12194,10.);
#3932=VECTOR('',#12197,10.);
#3933=VECTOR('',#12198,10.);
#3934=VECTOR('',#12201,10.);
#3935=VECTOR('',#12202,10.);
#3936=VECTOR('',#12205,10.);
#3937=VECTOR('',#12206,10.);
#3938=VECTOR('',#12209,10.);
#3939=VECTOR('',#12210,10.);
#3940=VECTOR('',#12213,10.);
#3941=VECTOR('',#12216,10.);
#3942=VECTOR('',#12217,10.);
#3943=VECTOR('',#12218,10.);
#3944=VECTOR('',#12221,10.);
#3945=VECTOR('',#12222,10.);
#3946=VECTOR('',#12225,10.);
#3947=VECTOR('',#12226,10.);
#3948=VECTOR('',#12229,10.);
#3949=VECTOR('',#12230,10.);
#3950=VECTOR('',#12233,10.);
#3951=VECTOR('',#12234,10.);
#3952=VECTOR('',#12237,10.);
#3953=VECTOR('',#12238,10.);
#3954=VECTOR('',#12241,10.);
#3955=VECTOR('',#12242,10.);
#3956=VECTOR('',#12245,10.);
#3957=VECTOR('',#12246,10.);
#3958=VECTOR('',#12249,10.);
#3959=VECTOR('',#12250,10.);
#3960=VECTOR('',#12253,10.);
#3961=VECTOR('',#12254,10.);
#3962=VECTOR('',#12257,10.);
#3963=VECTOR('',#12258,10.);
#3964=VECTOR('',#12261,10.);
#3965=VECTOR('',#12262,10.);
#3966=VECTOR('',#12265,10.);
#3967=VECTOR('',#12266,10.);
#3968=VECTOR('',#12269,10.);
#3969=VECTOR('',#12270,10.);
#3970=VECTOR('',#12273,10.);
#3971=VECTOR('',#12274,10.);
#3972=VECTOR('',#12277,10.);
#3973=VECTOR('',#12278,10.);
#3974=VECTOR('',#12281,10.);
#3975=VECTOR('',#12282,10.);
#3976=VECTOR('',#12285,10.);
#3977=VECTOR('',#12286,10.);
#3978=VECTOR('',#12289,10.);
#3979=VECTOR('',#12290,10.);
#3980=VECTOR('',#12293,10.);
#3981=VECTOR('',#12294,10.);
#3982=VECTOR('',#12297,10.);
#3983=VECTOR('',#12298,10.);
#3984=VECTOR('',#12301,10.);
#3985=VECTOR('',#12302,10.);
#3986=VECTOR('',#12305,10.);
#3987=VECTOR('',#12306,10.);
#3988=VECTOR('',#12309,10.);
#3989=VECTOR('',#12310,10.);
#3990=VECTOR('',#12313,10.);
#3991=VECTOR('',#12314,10.);
#3992=VECTOR('',#12317,10.);
#3993=VECTOR('',#12318,10.);
#3994=VECTOR('',#12321,10.);
#3995=VECTOR('',#12322,10.);
#3996=VECTOR('',#12325,10.);
#3997=VECTOR('',#12326,10.);
#3998=VECTOR('',#12329,10.);
#3999=VECTOR('',#12330,10.);
#4000=VECTOR('',#12333,10.);
#4001=VECTOR('',#12334,10.);
#4002=VECTOR('',#12337,10.);
#4003=VECTOR('',#12338,10.);
#4004=VECTOR('',#12341,10.);
#4005=VECTOR('',#12342,10.);
#4006=VECTOR('',#12345,10.);
#4007=VECTOR('',#12346,10.);
#4008=VECTOR('',#12349,10.);
#4009=VECTOR('',#12350,10.);
#4010=VECTOR('',#12353,10.);
#4011=VECTOR('',#12354,10.);
#4012=VECTOR('',#12357,10.);
#4013=VECTOR('',#12358,10.);
#4014=VECTOR('',#12361,10.);
#4015=VECTOR('',#12362,10.);
#4016=VECTOR('',#12365,10.);
#4017=VECTOR('',#12366,10.);
#4018=VECTOR('',#12369,10.);
#4019=VECTOR('',#12370,10.);
#4020=VECTOR('',#12373,10.);
#4021=VECTOR('',#12374,10.);
#4022=VECTOR('',#12377,10.);
#4023=VECTOR('',#12378,10.);
#4024=VECTOR('',#12381,10.);
#4025=VECTOR('',#12382,10.);
#4026=VECTOR('',#12385,10.);
#4027=VECTOR('',#12386,10.);
#4028=VECTOR('',#12389,10.);
#4029=VECTOR('',#12390,10.);
#4030=VECTOR('',#12393,10.);
#4031=VECTOR('',#12394,10.);
#4032=VECTOR('',#12397,10.);
#4033=VECTOR('',#12398,10.);
#4034=VECTOR('',#12401,10.);
#4035=VECTOR('',#12402,10.);
#4036=VECTOR('',#12405,10.);
#4037=VECTOR('',#12406,10.);
#4038=VECTOR('',#12409,10.);
#4039=VECTOR('',#12410,10.);
#4040=VECTOR('',#12413,10.);
#4041=VECTOR('',#12414,10.);
#4042=VECTOR('',#12417,10.);
#4043=VECTOR('',#12418,10.);
#4044=VECTOR('',#12421,10.);
#4045=VECTOR('',#12422,10.);
#4046=VECTOR('',#12425,10.);
#4047=VECTOR('',#12426,10.);
#4048=VECTOR('',#12429,10.);
#4049=VECTOR('',#12430,10.);
#4050=VECTOR('',#12433,10.);
#4051=VECTOR('',#12434,10.);
#4052=VECTOR('',#12437,10.);
#4053=VECTOR('',#12438,10.);
#4054=VECTOR('',#12441,10.);
#4055=VECTOR('',#12442,10.);
#4056=VECTOR('',#12445,10.);
#4057=VECTOR('',#12446,10.);
#4058=VECTOR('',#12449,10.);
#4059=VECTOR('',#12450,10.);
#4060=VECTOR('',#12453,10.);
#4061=VECTOR('',#12454,10.);
#4062=VECTOR('',#12457,10.);
#4063=VECTOR('',#12458,10.);
#4064=VECTOR('',#12461,10.);
#4065=VECTOR('',#12462,10.);
#4066=VECTOR('',#12465,10.);
#4067=VECTOR('',#12466,10.);
#4068=VECTOR('',#12469,10.);
#4069=VECTOR('',#12470,10.);
#4070=VECTOR('',#12473,10.);
#4071=VECTOR('',#12474,10.);
#4072=VECTOR('',#12477,10.);
#4073=VECTOR('',#12478,10.);
#4074=VECTOR('',#12481,10.);
#4075=VECTOR('',#12482,10.);
#4076=VECTOR('',#12485,10.);
#4077=VECTOR('',#12486,10.);
#4078=VECTOR('',#12489,10.);
#4079=VECTOR('',#12490,10.);
#4080=VECTOR('',#12493,10.);
#4081=VECTOR('',#12494,10.);
#4082=VECTOR('',#12497,10.);
#4083=VECTOR('',#12498,10.);
#4084=VECTOR('',#12501,10.);
#4085=VECTOR('',#12502,10.);
#4086=VECTOR('',#12505,10.);
#4087=VECTOR('',#12506,10.);
#4088=VECTOR('',#12509,10.);
#4089=VECTOR('',#12510,10.);
#4090=VECTOR('',#12513,10.);
#4091=VECTOR('',#12514,10.);
#4092=VECTOR('',#12517,10.);
#4093=VECTOR('',#12518,10.);
#4094=VECTOR('',#12521,10.);
#4095=VECTOR('',#12522,10.);
#4096=VECTOR('',#12525,10.);
#4097=VECTOR('',#12526,10.);
#4098=VECTOR('',#12529,10.);
#4099=VECTOR('',#12530,10.);
#4100=VECTOR('',#12533,10.);
#4101=VECTOR('',#12534,10.);
#4102=VECTOR('',#12537,10.);
#4103=VECTOR('',#12538,10.);
#4104=VECTOR('',#12541,10.);
#4105=VECTOR('',#12542,10.);
#4106=VECTOR('',#12545,10.);
#4107=VECTOR('',#12546,10.);
#4108=VECTOR('',#12549,10.);
#4109=VECTOR('',#12550,10.);
#4110=VECTOR('',#12553,10.);
#4111=VECTOR('',#12554,10.);
#4112=VECTOR('',#12557,10.);
#4113=VECTOR('',#12558,10.);
#4114=VECTOR('',#12561,10.);
#4115=VECTOR('',#12562,10.);
#4116=VECTOR('',#12565,10.);
#4117=VECTOR('',#12566,10.);
#4118=VECTOR('',#12569,10.);
#4119=VECTOR('',#12570,10.);
#4120=VECTOR('',#12573,10.);
#4121=VECTOR('',#12574,10.);
#4122=VECTOR('',#12577,10.);
#4123=VECTOR('',#12578,10.);
#4124=VECTOR('',#12581,10.);
#4125=VECTOR('',#12582,10.);
#4126=VECTOR('',#12585,10.);
#4127=CIRCLE('',#9655,13.2509993581906);
#4128=CIRCLE('',#9656,13.2509993581906);
#4129=CIRCLE('',#9657,13.2509993581906);
#4130=CIRCLE('',#9658,13.2509993581906);
#4131=CIRCLE('',#9659,13.2509993581906);
#4132=CIRCLE('',#9660,13.2509993581906);
#4133=CIRCLE('',#9661,13.2509993581906);
#4134=CIRCLE('',#9662,13.2509993581906);
#4135=CIRCLE('',#9663,13.2509993581906);
#4136=CIRCLE('',#9664,13.2509993581906);
#4137=CIRCLE('',#9665,13.2509993581906);
#4138=CIRCLE('',#9666,13.2509993581906);
#4139=CIRCLE('',#9667,13.2509993581906);
#4140=CIRCLE('',#9668,13.2509993581906);
#4141=CIRCLE('',#9669,13.2509993581906);
#4142=CIRCLE('',#9670,13.2509993581906);
#4143=CIRCLE('',#9671,13.2509993581906);
#4144=CIRCLE('',#9672,13.2509993581906);
#4145=CIRCLE('',#9673,13.2509993581906);
#4146=CIRCLE('',#9674,13.2509993581906);
#4147=CIRCLE('',#9675,13.2509993581906);
#4148=CIRCLE('',#9676,13.2509993581906);
#4149=CIRCLE('',#9677,13.2509993581906);
#4150=CIRCLE('',#9678,13.2509993581906);
#4151=CIRCLE('',#9679,13.2509993581906);
#4152=CIRCLE('',#9680,13.2509993581906);
#4153=CIRCLE('',#9681,13.2509993581906);
#4154=CIRCLE('',#9682,13.2509993581906);
#4155=CIRCLE('',#9683,13.2509993581906);
#4156=CIRCLE('',#9684,13.2509993581906);
#4157=CIRCLE('',#9685,13.2509993581906);
#4158=CIRCLE('',#9686,13.2509993581906);
#4159=CIRCLE('',#9687,13.2509993581906);
#4160=CIRCLE('',#9688,13.2509993581906);
#4161=CIRCLE('',#9689,13.2509993581906);
#4162=CIRCLE('',#9690,13.2509993581906);
#4163=CIRCLE('',#9691,13.2509993581906);
#4164=CIRCLE('',#9692,13.2509993581906);
#4165=CIRCLE('',#9693,13.2509993581906);
#4166=CIRCLE('',#9694,13.2509993581906);
#4167=CIRCLE('',#9695,13.2509993581906);
#4168=CIRCLE('',#9696,13.2509993581906);
#4169=CIRCLE('',#9697,13.2509993581906);
#4170=CIRCLE('',#9698,13.2509993581906);
#4171=CIRCLE('',#9699,13.2509993581906);
#4172=CIRCLE('',#9700,13.2509993581906);
#4173=CIRCLE('',#9701,13.2509993581906);
#4174=CIRCLE('',#9702,13.2509993581906);
#4175=CIRCLE('',#9703,13.2509993581906);
#4176=CIRCLE('',#9704,13.2509993581906);
#4177=VERTEX_POINT('',#12590);
#4178=VERTEX_POINT('',#12592);
#4179=VERTEX_POINT('',#12594);
#4180=VERTEX_POINT('',#12596);
#4181=VERTEX_POINT('',#12598);
#4182=VERTEX_POINT('',#12600);
#4183=VERTEX_POINT('',#12602);
#4184=VERTEX_POINT('',#12604);
#4185=VERTEX_POINT('',#12606);
#4186=VERTEX_POINT('',#12608);
#4187=VERTEX_POINT('',#12610);
#4188=VERTEX_POINT('',#12612);
#4189=VERTEX_POINT('',#12614);
#4190=VERTEX_POINT('',#12616);
#4191=VERTEX_POINT('',#12618);
#4192=VERTEX_POINT('',#12620);
#4193=VERTEX_POINT('',#12622);
#4194=VERTEX_POINT('',#12624);
#4195=VERTEX_POINT('',#12626);
#4196=VERTEX_POINT('',#12628);
#4197=VERTEX_POINT('',#12630);
#4198=VERTEX_POINT('',#12632);
#4199=VERTEX_POINT('',#12634);
#4200=VERTEX_POINT('',#12636);
#4201=VERTEX_POINT('',#12638);
#4202=VERTEX_POINT('',#12640);
#4203=VERTEX_POINT('',#12642);
#4204=VERTEX_POINT('',#12644);
#4205=VERTEX_POINT('',#12646);
#4206=VERTEX_POINT('',#12648);
#4207=VERTEX_POINT('',#12650);
#4208=VERTEX_POINT('',#12652);
#4209=VERTEX_POINT('',#12654);
#4210=VERTEX_POINT('',#12656);
#4211=VERTEX_POINT('',#12658);
#4212=VERTEX_POINT('',#12660);
#4213=VERTEX_POINT('',#12662);
#4214=VERTEX_POINT('',#12664);
#4215=VERTEX_POINT('',#12666);
#4216=VERTEX_POINT('',#12668);
#4217=VERTEX_POINT('',#12670);
#4218=VERTEX_POINT('',#12672);
#4219=VERTEX_POINT('',#12674);
#4220=VERTEX_POINT('',#12676);
#4221=VERTEX_POINT('',#12678);
#4222=VERTEX_POINT('',#12680);
#4223=VERTEX_POINT('',#12682);
#4224=VERTEX_POINT('',#12684);
#4225=VERTEX_POINT('',#12686);
#4226=VERTEX_POINT('',#12688);
#4227=VERTEX_POINT('',#12692);
#4228=VERTEX_POINT('',#12693);
#4229=VERTEX_POINT('',#12695);
#4230=VERTEX_POINT('',#12697);
#4231=VERTEX_POINT('',#12699);
#4232=VERTEX_POINT('',#12701);
#4233=VERTEX_POINT('',#12703);
#4234=VERTEX_POINT('',#12705);
#4235=VERTEX_POINT('',#12707);
#4236=VERTEX_POINT('',#12709);
#4237=VERTEX_POINT('',#12711);
#4238=VERTEX_POINT('',#12713);
#4239=VERTEX_POINT('',#12715);
#4240=VERTEX_POINT('',#12717);
#4241=VERTEX_POINT('',#12719);
#4242=VERTEX_POINT('',#12721);
#4243=VERTEX_POINT('',#12723);
#4244=VERTEX_POINT('',#12725);
#4245=VERTEX_POINT('',#12727);
#4246=VERTEX_POINT('',#12729);
#4247=VERTEX_POINT('',#12731);
#4248=VERTEX_POINT('',#12733);
#4249=VERTEX_POINT('',#12735);
#4250=VERTEX_POINT('',#12737);
#4251=VERTEX_POINT('',#12739);
#4252=VERTEX_POINT('',#12741);
#4253=VERTEX_POINT('',#12743);
#4254=VERTEX_POINT('',#12745);
#4255=VERTEX_POINT('',#12747);
#4256=VERTEX_POINT('',#12749);
#4257=VERTEX_POINT('',#12751);
#4258=VERTEX_POINT('',#12753);
#4259=VERTEX_POINT('',#12755);
#4260=VERTEX_POINT('',#12757);
#4261=VERTEX_POINT('',#12759);
#4262=VERTEX_POINT('',#12761);
#4263=VERTEX_POINT('',#12763);
#4264=VERTEX_POINT('',#12765);
#4265=VERTEX_POINT('',#12767);
#4266=VERTEX_POINT('',#12769);
#4267=VERTEX_POINT('',#12771);
#4268=VERTEX_POINT('',#12773);
#4269=VERTEX_POINT('',#12775);
#4270=VERTEX_POINT('',#12777);
#4271=VERTEX_POINT('',#12779);
#4272=VERTEX_POINT('',#12781);
#4273=VERTEX_POINT('',#12783);
#4274=VERTEX_POINT('',#12785);
#4275=VERTEX_POINT('',#12787);
#4276=VERTEX_POINT('',#12789);
#4277=VERTEX_POINT('',#12791);
#4278=VERTEX_POINT('',#12793);
#4279=VERTEX_POINT('',#12795);
#4280=VERTEX_POINT('',#12797);
#4281=VERTEX_POINT('',#12799);
#4282=VERTEX_POINT('',#12801);
#4283=VERTEX_POINT('',#12803);
#4284=VERTEX_POINT('',#12805);
#4285=VERTEX_POINT('',#12807);
#4286=VERTEX_POINT('',#12809);
#4287=VERTEX_POINT('',#12811);
#4288=VERTEX_POINT('',#12813);
#4289=VERTEX_POINT('',#12815);
#4290=VERTEX_POINT('',#12817);
#4291=VERTEX_POINT('',#12819);
#4292=VERTEX_POINT('',#12821);
#4293=VERTEX_POINT('',#12823);
#4294=VERTEX_POINT('',#12825);
#4295=VERTEX_POINT('',#12827);
#4296=VERTEX_POINT('',#12829);
#4297=VERTEX_POINT('',#12831);
#4298=VERTEX_POINT('',#12833);
#4299=VERTEX_POINT('',#12835);
#4300=VERTEX_POINT('',#12837);
#4301=VERTEX_POINT('',#12839);
#4302=VERTEX_POINT('',#12841);
#4303=VERTEX_POINT('',#12843);
#4304=VERTEX_POINT('',#12845);
#4305=VERTEX_POINT('',#12847);
#4306=VERTEX_POINT('',#12849);
#4307=VERTEX_POINT('',#12851);
#4308=VERTEX_POINT('',#12853);
#4309=VERTEX_POINT('',#12855);
#4310=VERTEX_POINT('',#12857);
#4311=VERTEX_POINT('',#12859);
#4312=VERTEX_POINT('',#12861);
#4313=VERTEX_POINT('',#12863);
#4314=VERTEX_POINT('',#12865);
#4315=VERTEX_POINT('',#12867);
#4316=VERTEX_POINT('',#12869);
#4317=VERTEX_POINT('',#12871);
#4318=VERTEX_POINT('',#12873);
#4319=VERTEX_POINT('',#12875);
#4320=VERTEX_POINT('',#12878);
#4321=VERTEX_POINT('',#12879);
#4322=VERTEX_POINT('',#12881);
#4323=VERTEX_POINT('',#12883);
#4324=VERTEX_POINT('',#12885);
#4325=VERTEX_POINT('',#12887);
#4326=VERTEX_POINT('',#12889);
#4327=VERTEX_POINT('',#12891);
#4328=VERTEX_POINT('',#12893);
#4329=VERTEX_POINT('',#12895);
#4330=VERTEX_POINT('',#12897);
#4331=VERTEX_POINT('',#12899);
#4332=VERTEX_POINT('',#12901);
#4333=VERTEX_POINT('',#12903);
#4334=VERTEX_POINT('',#12905);
#4335=VERTEX_POINT('',#12907);
#4336=VERTEX_POINT('',#12909);
#4337=VERTEX_POINT('',#12911);
#4338=VERTEX_POINT('',#12913);
#4339=VERTEX_POINT('',#12915);
#4340=VERTEX_POINT('',#12917);
#4341=VERTEX_POINT('',#12919);
#4342=VERTEX_POINT('',#12921);
#4343=VERTEX_POINT('',#12923);
#4344=VERTEX_POINT('',#12925);
#4345=VERTEX_POINT('',#12927);
#4346=VERTEX_POINT('',#12929);
#4347=VERTEX_POINT('',#12931);
#4348=VERTEX_POINT('',#12933);
#4349=VERTEX_POINT('',#12935);
#4350=VERTEX_POINT('',#12937);
#4351=VERTEX_POINT('',#12939);
#4352=VERTEX_POINT('',#12941);
#4353=VERTEX_POINT('',#12943);
#4354=VERTEX_POINT('',#12945);
#4355=VERTEX_POINT('',#12947);
#4356=VERTEX_POINT('',#12949);
#4357=VERTEX_POINT('',#12951);
#4358=VERTEX_POINT('',#12953);
#4359=VERTEX_POINT('',#12955);
#4360=VERTEX_POINT('',#12957);
#4361=VERTEX_POINT('',#12959);
#4362=VERTEX_POINT('',#12961);
#4363=VERTEX_POINT('',#12963);
#4364=VERTEX_POINT('',#12965);
#4365=VERTEX_POINT('',#12967);
#4366=VERTEX_POINT('',#12969);
#4367=VERTEX_POINT('',#12971);
#4368=VERTEX_POINT('',#12973);
#4369=VERTEX_POINT('',#12975);
#4370=VERTEX_POINT('',#12977);
#4371=VERTEX_POINT('',#12980);
#4372=VERTEX_POINT('',#12981);
#4373=VERTEX_POINT('',#12983);
#4374=VERTEX_POINT('',#12985);
#4375=VERTEX_POINT('',#12987);
#4376=VERTEX_POINT('',#12989);
#4377=VERTEX_POINT('',#12991);
#4378=VERTEX_POINT('',#12993);
#4379=VERTEX_POINT('',#12995);
#4380=VERTEX_POINT('',#12997);
#4381=VERTEX_POINT('',#12999);
#4382=VERTEX_POINT('',#13001);
#4383=VERTEX_POINT('',#13003);
#4384=VERTEX_POINT('',#13005);
#4385=VERTEX_POINT('',#13007);
#4386=VERTEX_POINT('',#13009);
#4387=VERTEX_POINT('',#13011);
#4388=VERTEX_POINT('',#13013);
#4389=VERTEX_POINT('',#13015);
#4390=VERTEX_POINT('',#13017);
#4391=VERTEX_POINT('',#13019);
#4392=VERTEX_POINT('',#13021);
#4393=VERTEX_POINT('',#13023);
#4394=VERTEX_POINT('',#13025);
#4395=VERTEX_POINT('',#13027);
#4396=VERTEX_POINT('',#13029);
#4397=VERTEX_POINT('',#13031);
#4398=VERTEX_POINT('',#13033);
#4399=VERTEX_POINT('',#13035);
#4400=VERTEX_POINT('',#13037);
#4401=VERTEX_POINT('',#13039);
#4402=VERTEX_POINT('',#13041);
#4403=VERTEX_POINT('',#13043);
#4404=VERTEX_POINT('',#13045);
#4405=VERTEX_POINT('',#13047);
#4406=VERTEX_POINT('',#13049);
#4407=VERTEX_POINT('',#13051);
#4408=VERTEX_POINT('',#13053);
#4409=VERTEX_POINT('',#13055);
#4410=VERTEX_POINT('',#13057);
#4411=VERTEX_POINT('',#13059);
#4412=VERTEX_POINT('',#13061);
#4413=VERTEX_POINT('',#13063);
#4414=VERTEX_POINT('',#13065);
#4415=VERTEX_POINT('',#13067);
#4416=VERTEX_POINT('',#13069);
#4417=VERTEX_POINT('',#13071);
#4418=VERTEX_POINT('',#13073);
#4419=VERTEX_POINT('',#13075);
#4420=VERTEX_POINT('',#13077);
#4421=VERTEX_POINT('',#13079);
#4422=VERTEX_POINT('',#13082);
#4423=VERTEX_POINT('',#13083);
#4424=VERTEX_POINT('',#13085);
#4425=VERTEX_POINT('',#13087);
#4426=VERTEX_POINT('',#13089);
#4427=VERTEX_POINT('',#13091);
#4428=VERTEX_POINT('',#13093);
#4429=VERTEX_POINT('',#13095);
#4430=VERTEX_POINT('',#13097);
#4431=VERTEX_POINT('',#13099);
#4432=VERTEX_POINT('',#13101);
#4433=VERTEX_POINT('',#13103);
#4434=VERTEX_POINT('',#13105);
#4435=VERTEX_POINT('',#13107);
#4436=VERTEX_POINT('',#13109);
#4437=VERTEX_POINT('',#13111);
#4438=VERTEX_POINT('',#13113);
#4439=VERTEX_POINT('',#13115);
#4440=VERTEX_POINT('',#13117);
#4441=VERTEX_POINT('',#13119);
#4442=VERTEX_POINT('',#13121);
#4443=VERTEX_POINT('',#13123);
#4444=VERTEX_POINT('',#13125);
#4445=VERTEX_POINT('',#13127);
#4446=VERTEX_POINT('',#13129);
#4447=VERTEX_POINT('',#13131);
#4448=VERTEX_POINT('',#13133);
#4449=VERTEX_POINT('',#13135);
#4450=VERTEX_POINT('',#13137);
#4451=VERTEX_POINT('',#13139);
#4452=VERTEX_POINT('',#13141);
#4453=VERTEX_POINT('',#13143);
#4454=VERTEX_POINT('',#13145);
#4455=VERTEX_POINT('',#13147);
#4456=VERTEX_POINT('',#13149);
#4457=VERTEX_POINT('',#13151);
#4458=VERTEX_POINT('',#13153);
#4459=VERTEX_POINT('',#13155);
#4460=VERTEX_POINT('',#13157);
#4461=VERTEX_POINT('',#13159);
#4462=VERTEX_POINT('',#13161);
#4463=VERTEX_POINT('',#13163);
#4464=VERTEX_POINT('',#13165);
#4465=VERTEX_POINT('',#13167);
#4466=VERTEX_POINT('',#13169);
#4467=VERTEX_POINT('',#13171);
#4468=VERTEX_POINT('',#13173);
#4469=VERTEX_POINT('',#13175);
#4470=VERTEX_POINT('',#13177);
#4471=VERTEX_POINT('',#13179);
#4472=VERTEX_POINT('',#13181);
#4473=VERTEX_POINT('',#13185);
#4474=VERTEX_POINT('',#13187);
#4475=VERTEX_POINT('',#13189);
#4476=VERTEX_POINT('',#13191);
#4477=VERTEX_POINT('',#13193);
#4478=VERTEX_POINT('',#13195);
#4479=VERTEX_POINT('',#13201);
#4480=VERTEX_POINT('',#13203);
#4481=VERTEX_POINT('',#13205);
#4482=VERTEX_POINT('',#13207);
#4483=VERTEX_POINT('',#13209);
#4484=VERTEX_POINT('',#13211);
#4485=VERTEX_POINT('',#13217);
#4486=VERTEX_POINT('',#13219);
#4487=VERTEX_POINT('',#13221);
#4488=VERTEX_POINT('',#13223);
#4489=VERTEX_POINT('',#13225);
#4490=VERTEX_POINT('',#13227);
#4491=VERTEX_POINT('',#13233);
#4492=VERTEX_POINT('',#13235);
#4493=VERTEX_POINT('',#13237);
#4494=VERTEX_POINT('',#13239);
#4495=VERTEX_POINT('',#13241);
#4496=VERTEX_POINT('',#13243);
#4497=VERTEX_POINT('',#13249);
#4498=VERTEX_POINT('',#13251);
#4499=VERTEX_POINT('',#13253);
#4500=VERTEX_POINT('',#13255);
#4501=VERTEX_POINT('',#13257);
#4502=VERTEX_POINT('',#13259);
#4503=VERTEX_POINT('',#13265);
#4504=VERTEX_POINT('',#13267);
#4505=VERTEX_POINT('',#13269);
#4506=VERTEX_POINT('',#13271);
#4507=VERTEX_POINT('',#13273);
#4508=VERTEX_POINT('',#13275);
#4509=VERTEX_POINT('',#13281);
#4510=VERTEX_POINT('',#13283);
#4511=VERTEX_POINT('',#13285);
#4512=VERTEX_POINT('',#13287);
#4513=VERTEX_POINT('',#13289);
#4514=VERTEX_POINT('',#13291);
#4515=VERTEX_POINT('',#13297);
#4516=VERTEX_POINT('',#13299);
#4517=VERTEX_POINT('',#13301);
#4518=VERTEX_POINT('',#13303);
#4519=VERTEX_POINT('',#13305);
#4520=VERTEX_POINT('',#13307);
#4521=VERTEX_POINT('',#13313);
#4522=VERTEX_POINT('',#13315);
#4523=VERTEX_POINT('',#13317);
#4524=VERTEX_POINT('',#13319);
#4525=VERTEX_POINT('',#13321);
#4526=VERTEX_POINT('',#13323);
#4527=VERTEX_POINT('',#13329);
#4528=VERTEX_POINT('',#13331);
#4529=VERTEX_POINT('',#13333);
#4530=VERTEX_POINT('',#13335);
#4531=VERTEX_POINT('',#13337);
#4532=VERTEX_POINT('',#13339);
#4533=VERTEX_POINT('',#13345);
#4534=VERTEX_POINT('',#13347);
#4535=VERTEX_POINT('',#13349);
#4536=VERTEX_POINT('',#13351);
#4537=VERTEX_POINT('',#13353);
#4538=VERTEX_POINT('',#13355);
#4539=VERTEX_POINT('',#13361);
#4540=VERTEX_POINT('',#13363);
#4541=VERTEX_POINT('',#13365);
#4542=VERTEX_POINT('',#13367);
#4543=VERTEX_POINT('',#13369);
#4544=VERTEX_POINT('',#13371);
#4545=VERTEX_POINT('',#13377);
#4546=VERTEX_POINT('',#13379);
#4547=VERTEX_POINT('',#13381);
#4548=VERTEX_POINT('',#13383);
#4549=VERTEX_POINT('',#13385);
#4550=VERTEX_POINT('',#13387);
#4551=VERTEX_POINT('',#13393);
#4552=VERTEX_POINT('',#13395);
#4553=VERTEX_POINT('',#13397);
#4554=VERTEX_POINT('',#13399);
#4555=VERTEX_POINT('',#13401);
#4556=VERTEX_POINT('',#13403);
#4557=VERTEX_POINT('',#13409);
#4558=VERTEX_POINT('',#13411);
#4559=VERTEX_POINT('',#13413);
#4560=VERTEX_POINT('',#13415);
#4561=VERTEX_POINT('',#13417);
#4562=VERTEX_POINT('',#13419);
#4563=VERTEX_POINT('',#13425);
#4564=VERTEX_POINT('',#13427);
#4565=VERTEX_POINT('',#13429);
#4566=VERTEX_POINT('',#13431);
#4567=VERTEX_POINT('',#13433);
#4568=VERTEX_POINT('',#13435);
#4569=VERTEX_POINT('',#13441);
#4570=VERTEX_POINT('',#13443);
#4571=VERTEX_POINT('',#13445);
#4572=VERTEX_POINT('',#13447);
#4573=VERTEX_POINT('',#13449);
#4574=VERTEX_POINT('',#13451);
#4575=VERTEX_POINT('',#13457);
#4576=VERTEX_POINT('',#13459);
#4577=VERTEX_POINT('',#13461);
#4578=VERTEX_POINT('',#13463);
#4579=VERTEX_POINT('',#13465);
#4580=VERTEX_POINT('',#13467);
#4581=VERTEX_POINT('',#13473);
#4582=VERTEX_POINT('',#13475);
#4583=VERTEX_POINT('',#13477);
#4584=VERTEX_POINT('',#13479);
#4585=VERTEX_POINT('',#13481);
#4586=VERTEX_POINT('',#13483);
#4587=VERTEX_POINT('',#13489);
#4588=VERTEX_POINT('',#13491);
#4589=VERTEX_POINT('',#13493);
#4590=VERTEX_POINT('',#13495);
#4591=VERTEX_POINT('',#13497);
#4592=VERTEX_POINT('',#13499);
#4593=VERTEX_POINT('',#13505);
#4594=VERTEX_POINT('',#13507);
#4595=VERTEX_POINT('',#13509);
#4596=VERTEX_POINT('',#13511);
#4597=VERTEX_POINT('',#13513);
#4598=VERTEX_POINT('',#13515);
#4599=VERTEX_POINT('',#13521);
#4600=VERTEX_POINT('',#13523);
#4601=VERTEX_POINT('',#13525);
#4602=VERTEX_POINT('',#13527);
#4603=VERTEX_POINT('',#13529);
#4604=VERTEX_POINT('',#13531);
#4605=VERTEX_POINT('',#13537);
#4606=VERTEX_POINT('',#13539);
#4607=VERTEX_POINT('',#13541);
#4608=VERTEX_POINT('',#13543);
#4609=VERTEX_POINT('',#13545);
#4610=VERTEX_POINT('',#13547);
#4611=VERTEX_POINT('',#13553);
#4612=VERTEX_POINT('',#13555);
#4613=VERTEX_POINT('',#13557);
#4614=VERTEX_POINT('',#13559);
#4615=VERTEX_POINT('',#13561);
#4616=VERTEX_POINT('',#13563);
#4617=VERTEX_POINT('',#13569);
#4618=VERTEX_POINT('',#13570);
#4619=VERTEX_POINT('',#13575);
#4620=VERTEX_POINT('',#13579);
#4621=VERTEX_POINT('',#13583);
#4622=VERTEX_POINT('',#13587);
#4623=VERTEX_POINT('',#13591);
#4624=VERTEX_POINT('',#13595);
#4625=VERTEX_POINT('',#13599);
#4626=VERTEX_POINT('',#13603);
#4627=VERTEX_POINT('',#13607);
#4628=VERTEX_POINT('',#13611);
#4629=VERTEX_POINT('',#13615);
#4630=VERTEX_POINT('',#13619);
#4631=VERTEX_POINT('',#13623);
#4632=VERTEX_POINT('',#13627);
#4633=VERTEX_POINT('',#13631);
#4634=VERTEX_POINT('',#13635);
#4635=VERTEX_POINT('',#13639);
#4636=VERTEX_POINT('',#13643);
#4637=VERTEX_POINT('',#13647);
#4638=VERTEX_POINT('',#13651);
#4639=VERTEX_POINT('',#13655);
#4640=VERTEX_POINT('',#13659);
#4641=VERTEX_POINT('',#13663);
#4642=VERTEX_POINT('',#13667);
#4643=VERTEX_POINT('',#13671);
#4644=VERTEX_POINT('',#13675);
#4645=VERTEX_POINT('',#13679);
#4646=VERTEX_POINT('',#13683);
#4647=VERTEX_POINT('',#13687);
#4648=VERTEX_POINT('',#13691);
#4649=VERTEX_POINT('',#13695);
#4650=VERTEX_POINT('',#13699);
#4651=VERTEX_POINT('',#13703);
#4652=VERTEX_POINT('',#13707);
#4653=VERTEX_POINT('',#13711);
#4654=VERTEX_POINT('',#13715);
#4655=VERTEX_POINT('',#13719);
#4656=VERTEX_POINT('',#13723);
#4657=VERTEX_POINT('',#13727);
#4658=VERTEX_POINT('',#13731);
#4659=VERTEX_POINT('',#13735);
#4660=VERTEX_POINT('',#13739);
#4661=VERTEX_POINT('',#13743);
#4662=VERTEX_POINT('',#13747);
#4663=VERTEX_POINT('',#13751);
#4664=VERTEX_POINT('',#13755);
#4665=VERTEX_POINT('',#13759);
#4666=VERTEX_POINT('',#13763);
#4667=VERTEX_POINT('',#13767);
#4668=VERTEX_POINT('',#13771);
#4669=VERTEX_POINT('',#13775);
#4670=VERTEX_POINT('',#13779);
#4671=VERTEX_POINT('',#13783);
#4672=VERTEX_POINT('',#13787);
#4673=VERTEX_POINT('',#13791);
#4674=VERTEX_POINT('',#13795);
#4675=VERTEX_POINT('',#13799);
#4676=VERTEX_POINT('',#13803);
#4677=VERTEX_POINT('',#13807);
#4678=VERTEX_POINT('',#13811);
#4679=VERTEX_POINT('',#13815);
#4680=VERTEX_POINT('',#13819);
#4681=VERTEX_POINT('',#13823);
#4682=VERTEX_POINT('',#13827);
#4683=VERTEX_POINT('',#13831);
#4684=VERTEX_POINT('',#13835);
#4685=VERTEX_POINT('',#13839);
#4686=VERTEX_POINT('',#13843);
#4687=VERTEX_POINT('',#13847);
#4688=VERTEX_POINT('',#13851);
#4689=VERTEX_POINT('',#13855);
#4690=VERTEX_POINT('',#13859);
#4691=VERTEX_POINT('',#13863);
#4692=VERTEX_POINT('',#13867);
#4693=VERTEX_POINT('',#13871);
#4694=VERTEX_POINT('',#13875);
#4695=VERTEX_POINT('',#13879);
#4696=VERTEX_POINT('',#13883);
#4697=VERTEX_POINT('',#13887);
#4698=VERTEX_POINT('',#13891);
#4699=VERTEX_POINT('',#13895);
#4700=VERTEX_POINT('',#13899);
#4701=VERTEX_POINT('',#13903);
#4702=VERTEX_POINT('',#13907);
#4703=VERTEX_POINT('',#13911);
#4704=VERTEX_POINT('',#13915);
#4705=VERTEX_POINT('',#13919);
#4706=VERTEX_POINT('',#13923);
#4707=VERTEX_POINT('',#13927);
#4708=VERTEX_POINT('',#13931);
#4709=VERTEX_POINT('',#13935);
#4710=VERTEX_POINT('',#13939);
#4711=VERTEX_POINT('',#13943);
#4712=VERTEX_POINT('',#13947);
#4713=VERTEX_POINT('',#13951);
#4714=VERTEX_POINT('',#13955);
#4715=VERTEX_POINT('',#13959);
#4716=VERTEX_POINT('',#13963);
#4717=VERTEX_POINT('',#13967);
#4718=VERTEX_POINT('',#13971);
#4719=VERTEX_POINT('',#13975);
#4720=VERTEX_POINT('',#13979);
#4721=VERTEX_POINT('',#13983);
#4722=VERTEX_POINT('',#13987);
#4723=VERTEX_POINT('',#13991);
#4724=VERTEX_POINT('',#13995);
#4725=VERTEX_POINT('',#13999);
#4726=VERTEX_POINT('',#14003);
#4727=VERTEX_POINT('',#14007);
#4728=VERTEX_POINT('',#14011);
#4729=VERTEX_POINT('',#14015);
#4730=VERTEX_POINT('',#14019);
#4731=VERTEX_POINT('',#14023);
#4732=VERTEX_POINT('',#14027);
#4733=VERTEX_POINT('',#14031);
#4734=VERTEX_POINT('',#14035);
#4735=VERTEX_POINT('',#14039);
#4736=VERTEX_POINT('',#14043);
#4737=VERTEX_POINT('',#14047);
#4738=VERTEX_POINT('',#14051);
#4739=VERTEX_POINT('',#14055);
#4740=VERTEX_POINT('',#14059);
#4741=VERTEX_POINT('',#14063);
#4742=VERTEX_POINT('',#14067);
#4743=VERTEX_POINT('',#14071);
#4744=VERTEX_POINT('',#14075);
#4745=VERTEX_POINT('',#14079);
#4746=VERTEX_POINT('',#14083);
#4747=VERTEX_POINT('',#14087);
#4748=VERTEX_POINT('',#14091);
#4749=VERTEX_POINT('',#14095);
#4750=VERTEX_POINT('',#14099);
#4751=VERTEX_POINT('',#14103);
#4752=VERTEX_POINT('',#14107);
#4753=VERTEX_POINT('',#14111);
#4754=VERTEX_POINT('',#14115);
#4755=VERTEX_POINT('',#14119);
#4756=VERTEX_POINT('',#14123);
#4757=VERTEX_POINT('',#14127);
#4758=VERTEX_POINT('',#14131);
#4759=VERTEX_POINT('',#14135);
#4760=VERTEX_POINT('',#14139);
#4761=VERTEX_POINT('',#14143);
#4762=VERTEX_POINT('',#14147);
#4763=VERTEX_POINT('',#14151);
#4764=VERTEX_POINT('',#14155);
#4765=VERTEX_POINT('',#14159);
#4766=VERTEX_POINT('',#14163);
#4767=VERTEX_POINT('',#14167);
#4768=VERTEX_POINT('',#14171);
#4769=VERTEX_POINT('',#14175);
#4770=VERTEX_POINT('',#14179);
#4771=VERTEX_POINT('',#14183);
#4772=VERTEX_POINT('',#14187);
#4773=VERTEX_POINT('',#14191);
#4774=VERTEX_POINT('',#14195);
#4775=VERTEX_POINT('',#14199);
#4776=VERTEX_POINT('',#14203);
#4777=VERTEX_POINT('',#14207);
#4778=VERTEX_POINT('',#14211);
#4779=VERTEX_POINT('',#14215);
#4780=VERTEX_POINT('',#14219);
#4781=VERTEX_POINT('',#14223);
#4782=VERTEX_POINT('',#14227);
#4783=VERTEX_POINT('',#14231);
#4784=VERTEX_POINT('',#14235);
#4785=VERTEX_POINT('',#14239);
#4786=VERTEX_POINT('',#14243);
#4787=VERTEX_POINT('',#14247);
#4788=VERTEX_POINT('',#14251);
#4789=VERTEX_POINT('',#14255);
#4790=VERTEX_POINT('',#14259);
#4791=VERTEX_POINT('',#14263);
#4792=VERTEX_POINT('',#14267);
#4793=VERTEX_POINT('',#14271);
#4794=VERTEX_POINT('',#14275);
#4795=VERTEX_POINT('',#14279);
#4796=VERTEX_POINT('',#14283);
#4797=VERTEX_POINT('',#14287);
#4798=VERTEX_POINT('',#14291);
#4799=VERTEX_POINT('',#14295);
#4800=VERTEX_POINT('',#14299);
#4801=VERTEX_POINT('',#14303);
#4802=VERTEX_POINT('',#14307);
#4803=VERTEX_POINT('',#14311);
#4804=VERTEX_POINT('',#14315);
#4805=VERTEX_POINT('',#14319);
#4806=VERTEX_POINT('',#14323);
#4807=VERTEX_POINT('',#14327);
#4808=VERTEX_POINT('',#14331);
#4809=VERTEX_POINT('',#14337);
#4810=VERTEX_POINT('',#14338);
#4811=VERTEX_POINT('',#14343);
#4812=VERTEX_POINT('',#14347);
#4813=VERTEX_POINT('',#14351);
#4814=VERTEX_POINT('',#14355);
#4815=VERTEX_POINT('',#14359);
#4816=VERTEX_POINT('',#14363);
#4817=VERTEX_POINT('',#14367);
#4818=VERTEX_POINT('',#14371);
#4819=VERTEX_POINT('',#14375);
#4820=VERTEX_POINT('',#14379);
#4821=VERTEX_POINT('',#14383);
#4822=VERTEX_POINT('',#14387);
#4823=VERTEX_POINT('',#14391);
#4824=VERTEX_POINT('',#14395);
#4825=VERTEX_POINT('',#14399);
#4826=VERTEX_POINT('',#14403);
#4827=VERTEX_POINT('',#14407);
#4828=VERTEX_POINT('',#14411);
#4829=VERTEX_POINT('',#14415);
#4830=VERTEX_POINT('',#14419);
#4831=VERTEX_POINT('',#14423);
#4832=VERTEX_POINT('',#14427);
#4833=VERTEX_POINT('',#14431);
#4834=VERTEX_POINT('',#14435);
#4835=VERTEX_POINT('',#14439);
#4836=VERTEX_POINT('',#14443);
#4837=VERTEX_POINT('',#14447);
#4838=VERTEX_POINT('',#14451);
#4839=VERTEX_POINT('',#14455);
#4840=VERTEX_POINT('',#14459);
#4841=VERTEX_POINT('',#14463);
#4842=VERTEX_POINT('',#14467);
#4843=VERTEX_POINT('',#14471);
#4844=VERTEX_POINT('',#14475);
#4845=VERTEX_POINT('',#14479);
#4846=VERTEX_POINT('',#14483);
#4847=VERTEX_POINT('',#14487);
#4848=VERTEX_POINT('',#14491);
#4849=VERTEX_POINT('',#14495);
#4850=VERTEX_POINT('',#14499);
#4851=VERTEX_POINT('',#14503);
#4852=VERTEX_POINT('',#14507);
#4853=VERTEX_POINT('',#14511);
#4854=VERTEX_POINT('',#14515);
#4855=VERTEX_POINT('',#14519);
#4856=VERTEX_POINT('',#14523);
#4857=VERTEX_POINT('',#14527);
#4858=VERTEX_POINT('',#14531);
#4859=VERTEX_POINT('',#14535);
#4860=VERTEX_POINT('',#14541);
#4861=VERTEX_POINT('',#14542);
#4862=VERTEX_POINT('',#14547);
#4863=VERTEX_POINT('',#14551);
#4864=VERTEX_POINT('',#14555);
#4865=VERTEX_POINT('',#14559);
#4866=VERTEX_POINT('',#14563);
#4867=VERTEX_POINT('',#14567);
#4868=VERTEX_POINT('',#14571);
#4869=VERTEX_POINT('',#14575);
#4870=VERTEX_POINT('',#14579);
#4871=VERTEX_POINT('',#14583);
#4872=VERTEX_POINT('',#14587);
#4873=VERTEX_POINT('',#14591);
#4874=VERTEX_POINT('',#14595);
#4875=VERTEX_POINT('',#14599);
#4876=VERTEX_POINT('',#14603);
#4877=VERTEX_POINT('',#14607);
#4878=VERTEX_POINT('',#14611);
#4879=VERTEX_POINT('',#14615);
#4880=VERTEX_POINT('',#14619);
#4881=VERTEX_POINT('',#14623);
#4882=VERTEX_POINT('',#14627);
#4883=VERTEX_POINT('',#14631);
#4884=VERTEX_POINT('',#14635);
#4885=VERTEX_POINT('',#14639);
#4886=VERTEX_POINT('',#14643);
#4887=VERTEX_POINT('',#14647);
#4888=VERTEX_POINT('',#14651);
#4889=VERTEX_POINT('',#14655);
#4890=VERTEX_POINT('',#14659);
#4891=VERTEX_POINT('',#14663);
#4892=VERTEX_POINT('',#14667);
#4893=VERTEX_POINT('',#14671);
#4894=VERTEX_POINT('',#14675);
#4895=VERTEX_POINT('',#14679);
#4896=VERTEX_POINT('',#14683);
#4897=VERTEX_POINT('',#14687);
#4898=VERTEX_POINT('',#14691);
#4899=VERTEX_POINT('',#14695);
#4900=VERTEX_POINT('',#14699);
#4901=VERTEX_POINT('',#14703);
#4902=VERTEX_POINT('',#14707);
#4903=VERTEX_POINT('',#14711);
#4904=VERTEX_POINT('',#14715);
#4905=VERTEX_POINT('',#14719);
#4906=VERTEX_POINT('',#14723);
#4907=VERTEX_POINT('',#14727);
#4908=VERTEX_POINT('',#14731);
#4909=VERTEX_POINT('',#14735);
#4910=VERTEX_POINT('',#14739);
#4911=VERTEX_POINT('',#14745);
#4912=VERTEX_POINT('',#14746);
#4913=VERTEX_POINT('',#14751);
#4914=VERTEX_POINT('',#14755);
#4915=VERTEX_POINT('',#14759);
#4916=VERTEX_POINT('',#14763);
#4917=VERTEX_POINT('',#14767);
#4918=VERTEX_POINT('',#14771);
#4919=VERTEX_POINT('',#14775);
#4920=VERTEX_POINT('',#14779);
#4921=VERTEX_POINT('',#14783);
#4922=VERTEX_POINT('',#14787);
#4923=VERTEX_POINT('',#14791);
#4924=VERTEX_POINT('',#14795);
#4925=VERTEX_POINT('',#14799);
#4926=VERTEX_POINT('',#14803);
#4927=VERTEX_POINT('',#14807);
#4928=VERTEX_POINT('',#14811);
#4929=VERTEX_POINT('',#14815);
#4930=VERTEX_POINT('',#14819);
#4931=VERTEX_POINT('',#14823);
#4932=VERTEX_POINT('',#14827);
#4933=VERTEX_POINT('',#14831);
#4934=VERTEX_POINT('',#14835);
#4935=VERTEX_POINT('',#14839);
#4936=VERTEX_POINT('',#14843);
#4937=VERTEX_POINT('',#14847);
#4938=VERTEX_POINT('',#14851);
#4939=VERTEX_POINT('',#14855);
#4940=VERTEX_POINT('',#14859);
#4941=VERTEX_POINT('',#14863);
#4942=VERTEX_POINT('',#14867);
#4943=VERTEX_POINT('',#14871);
#4944=VERTEX_POINT('',#14875);
#4945=VERTEX_POINT('',#14879);
#4946=VERTEX_POINT('',#14883);
#4947=VERTEX_POINT('',#14887);
#4948=VERTEX_POINT('',#14891);
#4949=VERTEX_POINT('',#14895);
#4950=VERTEX_POINT('',#14899);
#4951=VERTEX_POINT('',#14903);
#4952=VERTEX_POINT('',#14907);
#4953=VERTEX_POINT('',#14911);
#4954=VERTEX_POINT('',#14915);
#4955=VERTEX_POINT('',#14919);
#4956=VERTEX_POINT('',#14923);
#4957=VERTEX_POINT('',#14927);
#4958=VERTEX_POINT('',#14931);
#4959=VERTEX_POINT('',#14935);
#4960=VERTEX_POINT('',#14939);
#4961=VERTEX_POINT('',#14943);
#4962=VERTEX_POINT('',#14949);
#4963=VERTEX_POINT('',#14950);
#4964=VERTEX_POINT('',#14955);
#4965=VERTEX_POINT('',#14959);
#4966=VERTEX_POINT('',#14963);
#4967=VERTEX_POINT('',#14967);
#4968=VERTEX_POINT('',#14971);
#4969=VERTEX_POINT('',#14975);
#4970=VERTEX_POINT('',#14979);
#4971=VERTEX_POINT('',#14983);
#4972=VERTEX_POINT('',#14987);
#4973=VERTEX_POINT('',#14991);
#4974=VERTEX_POINT('',#14995);
#4975=VERTEX_POINT('',#14999);
#4976=VERTEX_POINT('',#15003);
#4977=VERTEX_POINT('',#15007);
#4978=VERTEX_POINT('',#15011);
#4979=VERTEX_POINT('',#15015);
#4980=VERTEX_POINT('',#15019);
#4981=VERTEX_POINT('',#15023);
#4982=VERTEX_POINT('',#15027);
#4983=VERTEX_POINT('',#15031);
#4984=VERTEX_POINT('',#15035);
#4985=VERTEX_POINT('',#15039);
#4986=VERTEX_POINT('',#15043);
#4987=VERTEX_POINT('',#15047);
#4988=VERTEX_POINT('',#15051);
#4989=VERTEX_POINT('',#15055);
#4990=VERTEX_POINT('',#15059);
#4991=VERTEX_POINT('',#15063);
#4992=VERTEX_POINT('',#15067);
#4993=VERTEX_POINT('',#15071);
#4994=VERTEX_POINT('',#15075);
#4995=VERTEX_POINT('',#15079);
#4996=VERTEX_POINT('',#15083);
#4997=VERTEX_POINT('',#15087);
#4998=VERTEX_POINT('',#15091);
#4999=VERTEX_POINT('',#15095);
#5000=VERTEX_POINT('',#15099);
#5001=VERTEX_POINT('',#15103);
#5002=VERTEX_POINT('',#15107);
#5003=VERTEX_POINT('',#15111);
#5004=VERTEX_POINT('',#15115);
#5005=VERTEX_POINT('',#15119);
#5006=VERTEX_POINT('',#15123);
#5007=VERTEX_POINT('',#15127);
#5008=VERTEX_POINT('',#15131);
#5009=VERTEX_POINT('',#15135);
#5010=VERTEX_POINT('',#15139);
#5011=VERTEX_POINT('',#15143);
#5012=VERTEX_POINT('',#15147);
#5013=VERTEX_POINT('',#15151);
#5014=VERTEX_POINT('',#15155);
#5015=VERTEX_POINT('',#15159);
#5016=VERTEX_POINT('',#15163);
#5017=VERTEX_POINT('',#15167);
#5018=VERTEX_POINT('',#15171);
#5019=VERTEX_POINT('',#15175);
#5020=VERTEX_POINT('',#15179);
#5021=VERTEX_POINT('',#15183);
#5022=VERTEX_POINT('',#15187);
#5023=VERTEX_POINT('',#15191);
#5024=VERTEX_POINT('',#15195);
#5025=VERTEX_POINT('',#15199);
#5026=VERTEX_POINT('',#15203);
#5027=VERTEX_POINT('',#15207);
#5028=VERTEX_POINT('',#15211);
#5029=VERTEX_POINT('',#15215);
#5030=VERTEX_POINT('',#15219);
#5031=VERTEX_POINT('',#15223);
#5032=VERTEX_POINT('',#15227);
#5033=VERTEX_POINT('',#15231);
#5034=VERTEX_POINT('',#15235);
#5035=VERTEX_POINT('',#15239);
#5036=VERTEX_POINT('',#15243);
#5037=VERTEX_POINT('',#15247);
#5038=VERTEX_POINT('',#15251);
#5039=VERTEX_POINT('',#15255);
#5040=VERTEX_POINT('',#15259);
#5041=VERTEX_POINT('',#15263);
#5042=VERTEX_POINT('',#15267);
#5043=VERTEX_POINT('',#15271);
#5044=VERTEX_POINT('',#15275);
#5045=VERTEX_POINT('',#15279);
#5046=VERTEX_POINT('',#15283);
#5047=VERTEX_POINT('',#15287);
#5048=VERTEX_POINT('',#15291);
#5049=VERTEX_POINT('',#15295);
#5050=VERTEX_POINT('',#15299);
#5051=VERTEX_POINT('',#15303);
#5052=VERTEX_POINT('',#15307);
#5053=VERTEX_POINT('',#15311);
#5054=VERTEX_POINT('',#15315);
#5055=EDGE_CURVE('',#4177,#4177,#4127,.T.);
#5056=EDGE_CURVE('',#4177,#4178,#1497,.T.);
#5057=EDGE_CURVE('',#4179,#4178,#4128,.T.);
#5058=EDGE_CURVE('',#4180,#4179,#4129,.T.);
#5059=EDGE_CURVE('',#4181,#4180,#4130,.T.);
#5060=EDGE_CURVE('',#4182,#4181,#4131,.T.);
#5061=EDGE_CURVE('',#4183,#4182,#4132,.T.);
#5062=EDGE_CURVE('',#4184,#4183,#4133,.T.);
#5063=EDGE_CURVE('',#4185,#4184,#4134,.T.);
#5064=EDGE_CURVE('',#4186,#4185,#4135,.T.);
#5065=EDGE_CURVE('',#4187,#4186,#4136,.T.);
#5066=EDGE_CURVE('',#4188,#4187,#4137,.T.);
#5067=EDGE_CURVE('',#4189,#4188,#4138,.T.);
#5068=EDGE_CURVE('',#4190,#4189,#4139,.T.);
#5069=EDGE_CURVE('',#4191,#4190,#4140,.T.);
#5070=EDGE_CURVE('',#4192,#4191,#4141,.T.);
#5071=EDGE_CURVE('',#4193,#4192,#4142,.T.);
#5072=EDGE_CURVE('',#4194,#4193,#4143,.T.);
#5073=EDGE_CURVE('',#4195,#4194,#4144,.T.);
#5074=EDGE_CURVE('',#4196,#4195,#4145,.T.);
#5075=EDGE_CURVE('',#4197,#4196,#4146,.T.);
#5076=EDGE_CURVE('',#4198,#4197,#4147,.T.);
#5077=EDGE_CURVE('',#4199,#4198,#4148,.T.);
#5078=EDGE_CURVE('',#4200,#4199,#4149,.T.);
#5079=EDGE_CURVE('',#4201,#4200,#4150,.T.);
#5080=EDGE_CURVE('',#4202,#4201,#4151,.T.);
#5081=EDGE_CURVE('',#4203,#4202,#4152,.T.);
#5082=EDGE_CURVE('',#4204,#4203,#4153,.T.);
#5083=EDGE_CURVE('',#4205,#4204,#4154,.T.);
#5084=EDGE_CURVE('',#4206,#4205,#4155,.T.);
#5085=EDGE_CURVE('',#4207,#4206,#4156,.T.);
#5086=EDGE_CURVE('',#4208,#4207,#4157,.T.);
#5087=EDGE_CURVE('',#4209,#4208,#4158,.T.);
#5088=EDGE_CURVE('',#4210,#4209,#4159,.T.);
#5089=EDGE_CURVE('',#4211,#4210,#4160,.T.);
#5090=EDGE_CURVE('',#4212,#4211,#4161,.T.);
#5091=EDGE_CURVE('',#4213,#4212,#4162,.T.);
#5092=EDGE_CURVE('',#4214,#4213,#4163,.T.);
#5093=EDGE_CURVE('',#4215,#4214,#4164,.T.);
#5094=EDGE_CURVE('',#4216,#4215,#4165,.T.);
#5095=EDGE_CURVE('',#4217,#4216,#4166,.T.);
#5096=EDGE_CURVE('',#4218,#4217,#4167,.T.);
#5097=EDGE_CURVE('',#4219,#4218,#4168,.T.);
#5098=EDGE_CURVE('',#4220,#4219,#4169,.T.);
#5099=EDGE_CURVE('',#4221,#4220,#4170,.T.);
#5100=EDGE_CURVE('',#4222,#4221,#4171,.T.);
#5101=EDGE_CURVE('',#4223,#4222,#4172,.T.);
#5102=EDGE_CURVE('',#4224,#4223,#4173,.T.);
#5103=EDGE_CURVE('',#4225,#4224,#4174,.T.);
#5104=EDGE_CURVE('',#4226,#4225,#4175,.T.);
#5105=EDGE_CURVE('',#4178,#4226,#4176,.T.);
#5106=EDGE_CURVE('',#4227,#4228,#1498,.T.);
#5107=EDGE_CURVE('',#4228,#4229,#1499,.T.);
#5108=EDGE_CURVE('',#4229,#4230,#1500,.T.);
#5109=EDGE_CURVE('',#4230,#4231,#1501,.T.);
#5110=EDGE_CURVE('',#4231,#4232,#1502,.T.);
#5111=EDGE_CURVE('',#4232,#4233,#1503,.T.);
#5112=EDGE_CURVE('',#4233,#4234,#1504,.T.);
#5113=EDGE_CURVE('',#4234,#4235,#1505,.T.);
#5114=EDGE_CURVE('',#4235,#4236,#1506,.T.);
#5115=EDGE_CURVE('',#4236,#4237,#1507,.T.);
#5116=EDGE_CURVE('',#4237,#4238,#1508,.T.);
#5117=EDGE_CURVE('',#4238,#4239,#1509,.T.);
#5118=EDGE_CURVE('',#4239,#4240,#1510,.T.);
#5119=EDGE_CURVE('',#4240,#4241,#1511,.T.);
#5120=EDGE_CURVE('',#4241,#4242,#1512,.T.);
#5121=EDGE_CURVE('',#4242,#4243,#1513,.T.);
#5122=EDGE_CURVE('',#4243,#4244,#1514,.T.);
#5123=EDGE_CURVE('',#4244,#4245,#1515,.T.);
#5124=EDGE_CURVE('',#4245,#4246,#1516,.T.);
#5125=EDGE_CURVE('',#4246,#4247,#1517,.T.);
#5126=EDGE_CURVE('',#4247,#4248,#1518,.T.);
#5127=EDGE_CURVE('',#4248,#4249,#1519,.T.);
#5128=EDGE_CURVE('',#4249,#4250,#1520,.T.);
#5129=EDGE_CURVE('',#4250,#4251,#1521,.T.);
#5130=EDGE_CURVE('',#4251,#4252,#1522,.T.);
#5131=EDGE_CURVE('',#4252,#4253,#1523,.T.);
#5132=EDGE_CURVE('',#4253,#4254,#1524,.T.);
#5133=EDGE_CURVE('',#4254,#4255,#1525,.T.);
#5134=EDGE_CURVE('',#4255,#4256,#1526,.T.);
#5135=EDGE_CURVE('',#4256,#4257,#1527,.T.);
#5136=EDGE_CURVE('',#4257,#4258,#1528,.T.);
#5137=EDGE_CURVE('',#4258,#4259,#1529,.T.);
#5138=EDGE_CURVE('',#4259,#4260,#1530,.T.);
#5139=EDGE_CURVE('',#4260,#4261,#1531,.T.);
#5140=EDGE_CURVE('',#4261,#4262,#1532,.T.);
#5141=EDGE_CURVE('',#4262,#4263,#1533,.T.);
#5142=EDGE_CURVE('',#4263,#4264,#1534,.T.);
#5143=EDGE_CURVE('',#4264,#4265,#1535,.T.);
#5144=EDGE_CURVE('',#4265,#4266,#1536,.T.);
#5145=EDGE_CURVE('',#4266,#4267,#1537,.T.);
#5146=EDGE_CURVE('',#4267,#4268,#1538,.T.);
#5147=EDGE_CURVE('',#4268,#4269,#1539,.T.);
#5148=EDGE_CURVE('',#4269,#4270,#1540,.T.);
#5149=EDGE_CURVE('',#4270,#4271,#1541,.T.);
#5150=EDGE_CURVE('',#4271,#4272,#1542,.T.);
#5151=EDGE_CURVE('',#4272,#4273,#1543,.T.);
#5152=EDGE_CURVE('',#4273,#4274,#1544,.T.);
#5153=EDGE_CURVE('',#4274,#4275,#1545,.T.);
#5154=EDGE_CURVE('',#4275,#4276,#1546,.T.);
#5155=EDGE_CURVE('',#4276,#4277,#1547,.T.);
#5156=EDGE_CURVE('',#4277,#4278,#1548,.T.);
#5157=EDGE_CURVE('',#4278,#4279,#1549,.T.);
#5158=EDGE_CURVE('',#4279,#4280,#1550,.T.);
#5159=EDGE_CURVE('',#4280,#4281,#1551,.T.);
#5160=EDGE_CURVE('',#4281,#4282,#1552,.T.);
#5161=EDGE_CURVE('',#4282,#4283,#1553,.T.);
#5162=EDGE_CURVE('',#4283,#4284,#1554,.T.);
#5163=EDGE_CURVE('',#4284,#4285,#1555,.T.);
#5164=EDGE_CURVE('',#4285,#4286,#1556,.T.);
#5165=EDGE_CURVE('',#4286,#4287,#1557,.T.);
#5166=EDGE_CURVE('',#4287,#4288,#1558,.T.);
#5167=EDGE_CURVE('',#4288,#4289,#1559,.T.);
#5168=EDGE_CURVE('',#4289,#4290,#1560,.T.);
#5169=EDGE_CURVE('',#4290,#4291,#1561,.T.);
#5170=EDGE_CURVE('',#4291,#4292,#1562,.T.);
#5171=EDGE_CURVE('',#4292,#4293,#1563,.T.);
#5172=EDGE_CURVE('',#4293,#4294,#1564,.T.);
#5173=EDGE_CURVE('',#4294,#4295,#1565,.T.);
#5174=EDGE_CURVE('',#4295,#4296,#1566,.T.);
#5175=EDGE_CURVE('',#4296,#4297,#1567,.T.);
#5176=EDGE_CURVE('',#4297,#4298,#1568,.T.);
#5177=EDGE_CURVE('',#4298,#4299,#1569,.T.);
#5178=EDGE_CURVE('',#4299,#4300,#1570,.T.);
#5179=EDGE_CURVE('',#4300,#4301,#1571,.T.);
#5180=EDGE_CURVE('',#4301,#4302,#1572,.T.);
#5181=EDGE_CURVE('',#4302,#4303,#1573,.T.);
#5182=EDGE_CURVE('',#4303,#4304,#1574,.T.);
#5183=EDGE_CURVE('',#4304,#4305,#1575,.T.);
#5184=EDGE_CURVE('',#4305,#4306,#1576,.T.);
#5185=EDGE_CURVE('',#4306,#4307,#1577,.T.);
#5186=EDGE_CURVE('',#4307,#4308,#1578,.T.);
#5187=EDGE_CURVE('',#4308,#4309,#1579,.T.);
#5188=EDGE_CURVE('',#4309,#4310,#1580,.T.);
#5189=EDGE_CURVE('',#4310,#4311,#1581,.T.);
#5190=EDGE_CURVE('',#4311,#4312,#1582,.T.);
#5191=EDGE_CURVE('',#4312,#4313,#1583,.T.);
#5192=EDGE_CURVE('',#4313,#4314,#1584,.T.);
#5193=EDGE_CURVE('',#4314,#4315,#1585,.T.);
#5194=EDGE_CURVE('',#4315,#4316,#1586,.T.);
#5195=EDGE_CURVE('',#4316,#4317,#1587,.T.);
#5196=EDGE_CURVE('',#4317,#4318,#1588,.T.);
#5197=EDGE_CURVE('',#4318,#4319,#1589,.T.);
#5198=EDGE_CURVE('',#4319,#4227,#1590,.T.);
#5199=EDGE_CURVE('',#4320,#4321,#1591,.T.);
#5200=EDGE_CURVE('',#4321,#4322,#1592,.T.);
#5201=EDGE_CURVE('',#4322,#4323,#1593,.T.);
#5202=EDGE_CURVE('',#4323,#4324,#1594,.T.);
#5203=EDGE_CURVE('',#4324,#4325,#1595,.T.);
#5204=EDGE_CURVE('',#4325,#4326,#1596,.T.);
#5205=EDGE_CURVE('',#4326,#4327,#1597,.T.);
#5206=EDGE_CURVE('',#4327,#4328,#1598,.T.);
#5207=EDGE_CURVE('',#4328,#4329,#1599,.T.);
#5208=EDGE_CURVE('',#4329,#4330,#1600,.T.);
#5209=EDGE_CURVE('',#4330,#4331,#1601,.T.);
#5210=EDGE_CURVE('',#4331,#4332,#1602,.T.);
#5211=EDGE_CURVE('',#4332,#4333,#1603,.T.);
#5212=EDGE_CURVE('',#4333,#4334,#1604,.T.);
#5213=EDGE_CURVE('',#4334,#4335,#1605,.T.);
#5214=EDGE_CURVE('',#4335,#4336,#1606,.T.);
#5215=EDGE_CURVE('',#4336,#4337,#1607,.T.);
#5216=EDGE_CURVE('',#4337,#4338,#1608,.T.);
#5217=EDGE_CURVE('',#4338,#4339,#1609,.T.);
#5218=EDGE_CURVE('',#4339,#4340,#1610,.T.);
#5219=EDGE_CURVE('',#4340,#4341,#1611,.T.);
#5220=EDGE_CURVE('',#4341,#4342,#1612,.T.);
#5221=EDGE_CURVE('',#4342,#4343,#1613,.T.);
#5222=EDGE_CURVE('',#4343,#4344,#1614,.T.);
#5223=EDGE_CURVE('',#4344,#4345,#1615,.T.);
#5224=EDGE_CURVE('',#4345,#4346,#1616,.T.);
#5225=EDGE_CURVE('',#4346,#4347,#1617,.T.);
#5226=EDGE_CURVE('',#4347,#4348,#1618,.T.);
#5227=EDGE_CURVE('',#4348,#4349,#1619,.T.);
#5228=EDGE_CURVE('',#4349,#4350,#1620,.T.);
#5229=EDGE_CURVE('',#4350,#4351,#1621,.T.);
#5230=EDGE_CURVE('',#4351,#4352,#1622,.T.);
#5231=EDGE_CURVE('',#4352,#4353,#1623,.T.);
#5232=EDGE_CURVE('',#4353,#4354,#1624,.T.);
#5233=EDGE_CURVE('',#4354,#4355,#1625,.T.);
#5234=EDGE_CURVE('',#4355,#4356,#1626,.T.);
#5235=EDGE_CURVE('',#4356,#4357,#1627,.T.);
#5236=EDGE_CURVE('',#4357,#4358,#1628,.T.);
#5237=EDGE_CURVE('',#4358,#4359,#1629,.T.);
#5238=EDGE_CURVE('',#4359,#4360,#1630,.T.);
#5239=EDGE_CURVE('',#4360,#4361,#1631,.T.);
#5240=EDGE_CURVE('',#4361,#4362,#1632,.T.);
#5241=EDGE_CURVE('',#4362,#4363,#1633,.T.);
#5242=EDGE_CURVE('',#4363,#4364,#1634,.T.);
#5243=EDGE_CURVE('',#4364,#4365,#1635,.T.);
#5244=EDGE_CURVE('',#4365,#4366,#1636,.T.);
#5245=EDGE_CURVE('',#4366,#4367,#1637,.T.);
#5246=EDGE_CURVE('',#4367,#4368,#1638,.T.);
#5247=EDGE_CURVE('',#4368,#4369,#1639,.T.);
#5248=EDGE_CURVE('',#4369,#4370,#1640,.T.);
#5249=EDGE_CURVE('',#4370,#4320,#1641,.T.);
#5250=EDGE_CURVE('',#4371,#4372,#1642,.T.);
#5251=EDGE_CURVE('',#4372,#4373,#1643,.T.);
#5252=EDGE_CURVE('',#4373,#4374,#1644,.T.);
#5253=EDGE_CURVE('',#4374,#4375,#1645,.T.);
#5254=EDGE_CURVE('',#4375,#4376,#1646,.T.);
#5255=EDGE_CURVE('',#4376,#4377,#1647,.T.);
#5256=EDGE_CURVE('',#4377,#4378,#1648,.T.);
#5257=EDGE_CURVE('',#4378,#4379,#1649,.T.);
#5258=EDGE_CURVE('',#4379,#4380,#1650,.T.);
#5259=EDGE_CURVE('',#4380,#4381,#1651,.T.);
#5260=EDGE_CURVE('',#4381,#4382,#1652,.T.);
#5261=EDGE_CURVE('',#4382,#4383,#1653,.T.);
#5262=EDGE_CURVE('',#4383,#4384,#1654,.T.);
#5263=EDGE_CURVE('',#4384,#4385,#1655,.T.);
#5264=EDGE_CURVE('',#4385,#4386,#1656,.T.);
#5265=EDGE_CURVE('',#4386,#4387,#1657,.T.);
#5266=EDGE_CURVE('',#4387,#4388,#1658,.T.);
#5267=EDGE_CURVE('',#4388,#4389,#1659,.T.);
#5268=EDGE_CURVE('',#4389,#4390,#1660,.T.);
#5269=EDGE_CURVE('',#4390,#4391,#1661,.T.);
#5270=EDGE_CURVE('',#4391,#4392,#1662,.T.);
#5271=EDGE_CURVE('',#4392,#4393,#1663,.T.);
#5272=EDGE_CURVE('',#4393,#4394,#1664,.T.);
#5273=EDGE_CURVE('',#4394,#4395,#1665,.T.);
#5274=EDGE_CURVE('',#4395,#4396,#1666,.T.);
#5275=EDGE_CURVE('',#4396,#4397,#1667,.T.);
#5276=EDGE_CURVE('',#4397,#4398,#1668,.T.);
#5277=EDGE_CURVE('',#4398,#4399,#1669,.T.);
#5278=EDGE_CURVE('',#4399,#4400,#1670,.T.);
#5279=EDGE_CURVE('',#4400,#4401,#1671,.T.);
#5280=EDGE_CURVE('',#4401,#4402,#1672,.T.);
#5281=EDGE_CURVE('',#4402,#4403,#1673,.T.);
#5282=EDGE_CURVE('',#4403,#4404,#1674,.T.);
#5283=EDGE_CURVE('',#4404,#4405,#1675,.T.);
#5284=EDGE_CURVE('',#4405,#4406,#1676,.T.);
#5285=EDGE_CURVE('',#4406,#4407,#1677,.T.);
#5286=EDGE_CURVE('',#4407,#4408,#1678,.T.);
#5287=EDGE_CURVE('',#4408,#4409,#1679,.T.);
#5288=EDGE_CURVE('',#4409,#4410,#1680,.T.);
#5289=EDGE_CURVE('',#4410,#4411,#1681,.T.);
#5290=EDGE_CURVE('',#4411,#4412,#1682,.T.);
#5291=EDGE_CURVE('',#4412,#4413,#1683,.T.);
#5292=EDGE_CURVE('',#4413,#4414,#1684,.T.);
#5293=EDGE_CURVE('',#4414,#4415,#1685,.T.);
#5294=EDGE_CURVE('',#4415,#4416,#1686,.T.);
#5295=EDGE_CURVE('',#4416,#4417,#1687,.T.);
#5296=EDGE_CURVE('',#4417,#4418,#1688,.T.);
#5297=EDGE_CURVE('',#4418,#4419,#1689,.T.);
#5298=EDGE_CURVE('',#4419,#4420,#1690,.T.);
#5299=EDGE_CURVE('',#4420,#4421,#1691,.T.);
#5300=EDGE_CURVE('',#4421,#4371,#1692,.T.);
#5301=EDGE_CURVE('',#4422,#4423,#1693,.T.);
#5302=EDGE_CURVE('',#4423,#4424,#1694,.T.);
#5303=EDGE_CURVE('',#4424,#4425,#1695,.T.);
#5304=EDGE_CURVE('',#4425,#4426,#1696,.T.);
#5305=EDGE_CURVE('',#4426,#4427,#1697,.T.);
#5306=EDGE_CURVE('',#4427,#4428,#1698,.T.);
#5307=EDGE_CURVE('',#4428,#4429,#1699,.T.);
#5308=EDGE_CURVE('',#4429,#4430,#1700,.T.);
#5309=EDGE_CURVE('',#4430,#4431,#1701,.T.);
#5310=EDGE_CURVE('',#4431,#4432,#1702,.T.);
#5311=EDGE_CURVE('',#4432,#4433,#1703,.T.);
#5312=EDGE_CURVE('',#4433,#4434,#1704,.T.);
#5313=EDGE_CURVE('',#4434,#4435,#1705,.T.);
#5314=EDGE_CURVE('',#4435,#4436,#1706,.T.);
#5315=EDGE_CURVE('',#4436,#4437,#1707,.T.);
#5316=EDGE_CURVE('',#4437,#4438,#1708,.T.);
#5317=EDGE_CURVE('',#4438,#4439,#1709,.T.);
#5318=EDGE_CURVE('',#4439,#4440,#1710,.T.);
#5319=EDGE_CURVE('',#4440,#4441,#1711,.T.);
#5320=EDGE_CURVE('',#4441,#4442,#1712,.T.);
#5321=EDGE_CURVE('',#4442,#4443,#1713,.T.);
#5322=EDGE_CURVE('',#4443,#4444,#1714,.T.);
#5323=EDGE_CURVE('',#4444,#4445,#1715,.T.);
#5324=EDGE_CURVE('',#4445,#4446,#1716,.T.);
#5325=EDGE_CURVE('',#4446,#4447,#1717,.T.);
#5326=EDGE_CURVE('',#4447,#4448,#1718,.T.);
#5327=EDGE_CURVE('',#4448,#4449,#1719,.T.);
#5328=EDGE_CURVE('',#4449,#4450,#1720,.T.);
#5329=EDGE_CURVE('',#4450,#4451,#1721,.T.);
#5330=EDGE_CURVE('',#4451,#4452,#1722,.T.);
#5331=EDGE_CURVE('',#4452,#4453,#1723,.T.);
#5332=EDGE_CURVE('',#4453,#4454,#1724,.T.);
#5333=EDGE_CURVE('',#4454,#4455,#1725,.T.);
#5334=EDGE_CURVE('',#4455,#4456,#1726,.T.);
#5335=EDGE_CURVE('',#4456,#4457,#1727,.T.);
#5336=EDGE_CURVE('',#4457,#4458,#1728,.T.);
#5337=EDGE_CURVE('',#4458,#4459,#1729,.T.);
#5338=EDGE_CURVE('',#4459,#4460,#1730,.T.);
#5339=EDGE_CURVE('',#4460,#4461,#1731,.T.);
#5340=EDGE_CURVE('',#4461,#4462,#1732,.T.);
#5341=EDGE_CURVE('',#4462,#4463,#1733,.T.);
#5342=EDGE_CURVE('',#4463,#4464,#1734,.T.);
#5343=EDGE_CURVE('',#4464,#4465,#1735,.T.);
#5344=EDGE_CURVE('',#4465,#4466,#1736,.T.);
#5345=EDGE_CURVE('',#4466,#4467,#1737,.T.);
#5346=EDGE_CURVE('',#4467,#4468,#1738,.T.);
#5347=EDGE_CURVE('',#4468,#4469,#1739,.T.);
#5348=EDGE_CURVE('',#4469,#4470,#1740,.T.);
#5349=EDGE_CURVE('',#4470,#4471,#1741,.T.);
#5350=EDGE_CURVE('',#4471,#4472,#1742,.T.);
#5351=EDGE_CURVE('',#4472,#4422,#1743,.T.);
#5352=EDGE_CURVE('',#4225,#4473,#1744,.T.);
#5353=EDGE_CURVE('',#4473,#4474,#1745,.T.);
#5354=EDGE_CURVE('',#4474,#4475,#1746,.T.);
#5355=EDGE_CURVE('',#4475,#4476,#1747,.T.);
#5356=EDGE_CURVE('',#4476,#4477,#1748,.T.);
#5357=EDGE_CURVE('',#4477,#4478,#1749,.T.);
#5358=EDGE_CURVE('',#4478,#4226,#1750,.T.);
#5359=EDGE_CURVE('',#4224,#4225,#1751,.T.);
#5360=EDGE_CURVE('',#4223,#4479,#1752,.T.);
#5361=EDGE_CURVE('',#4479,#4480,#1753,.T.);
#5362=EDGE_CURVE('',#4480,#4481,#1754,.T.);
#5363=EDGE_CURVE('',#4481,#4482,#1755,.T.);
#5364=EDGE_CURVE('',#4482,#4483,#1756,.T.);
#5365=EDGE_CURVE('',#4483,#4484,#1757,.T.);
#5366=EDGE_CURVE('',#4484,#4224,#1758,.T.);
#5367=EDGE_CURVE('',#4222,#4223,#1759,.T.);
#5368=EDGE_CURVE('',#4221,#4485,#1760,.T.);
#5369=EDGE_CURVE('',#4485,#4486,#1761,.T.);
#5370=EDGE_CURVE('',#4486,#4487,#1762,.T.);
#5371=EDGE_CURVE('',#4487,#4488,#1763,.T.);
#5372=EDGE_CURVE('',#4488,#4489,#1764,.T.);
#5373=EDGE_CURVE('',#4489,#4490,#1765,.T.);
#5374=EDGE_CURVE('',#4490,#4222,#1766,.T.);
#5375=EDGE_CURVE('',#4220,#4221,#1767,.T.);
#5376=EDGE_CURVE('',#4219,#4491,#1768,.T.);
#5377=EDGE_CURVE('',#4491,#4492,#1769,.T.);
#5378=EDGE_CURVE('',#4492,#4493,#1770,.T.);
#5379=EDGE_CURVE('',#4493,#4494,#1771,.T.);
#5380=EDGE_CURVE('',#4494,#4495,#1772,.T.);
#5381=EDGE_CURVE('',#4495,#4496,#1773,.T.);
#5382=EDGE_CURVE('',#4496,#4220,#1774,.T.);
#5383=EDGE_CURVE('',#4218,#4219,#1775,.T.);
#5384=EDGE_CURVE('',#4217,#4497,#1776,.T.);
#5385=EDGE_CURVE('',#4497,#4498,#1777,.T.);
#5386=EDGE_CURVE('',#4498,#4499,#1778,.T.);
#5387=EDGE_CURVE('',#4499,#4500,#1779,.T.);
#5388=EDGE_CURVE('',#4500,#4501,#1780,.T.);
#5389=EDGE_CURVE('',#4501,#4502,#1781,.T.);
#5390=EDGE_CURVE('',#4502,#4218,#1782,.T.);
#5391=EDGE_CURVE('',#4216,#4217,#1783,.T.);
#5392=EDGE_CURVE('',#4215,#4503,#1784,.T.);
#5393=EDGE_CURVE('',#4503,#4504,#1785,.T.);
#5394=EDGE_CURVE('',#4504,#4505,#1786,.T.);
#5395=EDGE_CURVE('',#4505,#4506,#1787,.T.);
#5396=EDGE_CURVE('',#4506,#4507,#1788,.T.);
#5397=EDGE_CURVE('',#4507,#4508,#1789,.T.);
#5398=EDGE_CURVE('',#4508,#4216,#1790,.T.);
#5399=EDGE_CURVE('',#4214,#4215,#1791,.T.);
#5400=EDGE_CURVE('',#4213,#4509,#1792,.T.);
#5401=EDGE_CURVE('',#4509,#4510,#1793,.T.);
#5402=EDGE_CURVE('',#4510,#4511,#1794,.T.);
#5403=EDGE_CURVE('',#4511,#4512,#1795,.T.);
#5404=EDGE_CURVE('',#4512,#4513,#1796,.T.);
#5405=EDGE_CURVE('',#4513,#4514,#1797,.T.);
#5406=EDGE_CURVE('',#4514,#4214,#1798,.T.);
#5407=EDGE_CURVE('',#4212,#4213,#1799,.T.);
#5408=EDGE_CURVE('',#4211,#4515,#1800,.T.);
#5409=EDGE_CURVE('',#4515,#4516,#1801,.T.);
#5410=EDGE_CURVE('',#4516,#4517,#1802,.T.);
#5411=EDGE_CURVE('',#4517,#4518,#1803,.T.);
#5412=EDGE_CURVE('',#4518,#4519,#1804,.T.);
#5413=EDGE_CURVE('',#4519,#4520,#1805,.T.);
#5414=EDGE_CURVE('',#4520,#4212,#1806,.T.);
#5415=EDGE_CURVE('',#4210,#4211,#1807,.T.);
#5416=EDGE_CURVE('',#4209,#4521,#1808,.T.);
#5417=EDGE_CURVE('',#4521,#4522,#1809,.T.);
#5418=EDGE_CURVE('',#4522,#4523,#1810,.T.);
#5419=EDGE_CURVE('',#4523,#4524,#1811,.T.);
#5420=EDGE_CURVE('',#4524,#4525,#1812,.T.);
#5421=EDGE_CURVE('',#4525,#4526,#1813,.T.);
#5422=EDGE_CURVE('',#4526,#4210,#1814,.T.);
#5423=EDGE_CURVE('',#4208,#4209,#1815,.T.);
#5424=EDGE_CURVE('',#4207,#4527,#1816,.T.);
#5425=EDGE_CURVE('',#4527,#4528,#1817,.T.);
#5426=EDGE_CURVE('',#4528,#4529,#1818,.T.);
#5427=EDGE_CURVE('',#4529,#4530,#1819,.T.);
#5428=EDGE_CURVE('',#4530,#4531,#1820,.T.);
#5429=EDGE_CURVE('',#4531,#4532,#1821,.T.);
#5430=EDGE_CURVE('',#4532,#4208,#1822,.T.);
#5431=EDGE_CURVE('',#4206,#4207,#1823,.T.);
#5432=EDGE_CURVE('',#4205,#4533,#1824,.T.);
#5433=EDGE_CURVE('',#4533,#4534,#1825,.T.);
#5434=EDGE_CURVE('',#4534,#4535,#1826,.T.);
#5435=EDGE_CURVE('',#4535,#4536,#1827,.T.);
#5436=EDGE_CURVE('',#4536,#4537,#1828,.T.);
#5437=EDGE_CURVE('',#4537,#4538,#1829,.T.);
#5438=EDGE_CURVE('',#4538,#4206,#1830,.T.);
#5439=EDGE_CURVE('',#4204,#4205,#1831,.T.);
#5440=EDGE_CURVE('',#4203,#4539,#1832,.T.);
#5441=EDGE_CURVE('',#4539,#4540,#1833,.T.);
#5442=EDGE_CURVE('',#4540,#4541,#1834,.T.);
#5443=EDGE_CURVE('',#4541,#4542,#1835,.T.);
#5444=EDGE_CURVE('',#4542,#4543,#1836,.T.);
#5445=EDGE_CURVE('',#4543,#4544,#1837,.T.);
#5446=EDGE_CURVE('',#4544,#4204,#1838,.T.);
#5447=EDGE_CURVE('',#4202,#4203,#1839,.T.);
#5448=EDGE_CURVE('',#4201,#4545,#1840,.T.);
#5449=EDGE_CURVE('',#4545,#4546,#1841,.T.);
#5450=EDGE_CURVE('',#4546,#4547,#1842,.T.);
#5451=EDGE_CURVE('',#4547,#4548,#1843,.T.);
#5452=EDGE_CURVE('',#4548,#4549,#1844,.T.);
#5453=EDGE_CURVE('',#4549,#4550,#1845,.T.);
#5454=EDGE_CURVE('',#4550,#4202,#1846,.T.);
#5455=EDGE_CURVE('',#4200,#4201,#1847,.T.);
#5456=EDGE_CURVE('',#4199,#4551,#1848,.T.);
#5457=EDGE_CURVE('',#4551,#4552,#1849,.T.);
#5458=EDGE_CURVE('',#4552,#4553,#1850,.T.);
#5459=EDGE_CURVE('',#4553,#4554,#1851,.T.);
#5460=EDGE_CURVE('',#4554,#4555,#1852,.T.);
#5461=EDGE_CURVE('',#4555,#4556,#1853,.T.);
#5462=EDGE_CURVE('',#4556,#4200,#1854,.T.);
#5463=EDGE_CURVE('',#4198,#4199,#1855,.T.);
#5464=EDGE_CURVE('',#4197,#4557,#1856,.T.);
#5465=EDGE_CURVE('',#4557,#4558,#1857,.T.);
#5466=EDGE_CURVE('',#4558,#4559,#1858,.T.);
#5467=EDGE_CURVE('',#4559,#4560,#1859,.T.);
#5468=EDGE_CURVE('',#4560,#4561,#1860,.T.);
#5469=EDGE_CURVE('',#4561,#4562,#1861,.T.);
#5470=EDGE_CURVE('',#4562,#4198,#1862,.T.);
#5471=EDGE_CURVE('',#4196,#4197,#1863,.T.);
#5472=EDGE_CURVE('',#4195,#4563,#1864,.T.);
#5473=EDGE_CURVE('',#4563,#4564,#1865,.T.);
#5474=EDGE_CURVE('',#4564,#4565,#1866,.T.);
#5475=EDGE_CURVE('',#4565,#4566,#1867,.T.);
#5476=EDGE_CURVE('',#4566,#4567,#1868,.T.);
#5477=EDGE_CURVE('',#4567,#4568,#1869,.T.);
#5478=EDGE_CURVE('',#4568,#4196,#1870,.T.);
#5479=EDGE_CURVE('',#4194,#4195,#1871,.T.);
#5480=EDGE_CURVE('',#4193,#4569,#1872,.T.);
#5481=EDGE_CURVE('',#4569,#4570,#1873,.T.);
#5482=EDGE_CURVE('',#4570,#4571,#1874,.T.);
#5483=EDGE_CURVE('',#4571,#4572,#1875,.T.);
#5484=EDGE_CURVE('',#4572,#4573,#1876,.T.);
#5485=EDGE_CURVE('',#4573,#4574,#1877,.T.);
#5486=EDGE_CURVE('',#4574,#4194,#1878,.T.);
#5487=EDGE_CURVE('',#4192,#4193,#1879,.T.);
#5488=EDGE_CURVE('',#4191,#4575,#1880,.T.);
#5489=EDGE_CURVE('',#4575,#4576,#1881,.T.);
#5490=EDGE_CURVE('',#4576,#4577,#1882,.T.);
#5491=EDGE_CURVE('',#4577,#4578,#1883,.T.);
#5492=EDGE_CURVE('',#4578,#4579,#1884,.T.);
#5493=EDGE_CURVE('',#4579,#4580,#1885,.T.);
#5494=EDGE_CURVE('',#4580,#4192,#1886,.T.);
#5495=EDGE_CURVE('',#4190,#4191,#1887,.T.);
#5496=EDGE_CURVE('',#4189,#4581,#1888,.T.);
#5497=EDGE_CURVE('',#4581,#4582,#1889,.T.);
#5498=EDGE_CURVE('',#4582,#4583,#1890,.T.);
#5499=EDGE_CURVE('',#4583,#4584,#1891,.T.);
#5500=EDGE_CURVE('',#4584,#4585,#1892,.T.);
#5501=EDGE_CURVE('',#4585,#4586,#1893,.T.);
#5502=EDGE_CURVE('',#4586,#4190,#1894,.T.);
#5503=EDGE_CURVE('',#4188,#4189,#1895,.T.);
#5504=EDGE_CURVE('',#4187,#4587,#1896,.T.);
#5505=EDGE_CURVE('',#4587,#4588,#1897,.T.);
#5506=EDGE_CURVE('',#4588,#4589,#1898,.T.);
#5507=EDGE_CURVE('',#4589,#4590,#1899,.T.);
#5508=EDGE_CURVE('',#4590,#4591,#1900,.T.);
#5509=EDGE_CURVE('',#4591,#4592,#1901,.T.);
#5510=EDGE_CURVE('',#4592,#4188,#1902,.T.);
#5511=EDGE_CURVE('',#4186,#4187,#1903,.T.);
#5512=EDGE_CURVE('',#4185,#4593,#1904,.T.);
#5513=EDGE_CURVE('',#4593,#4594,#1905,.T.);
#5514=EDGE_CURVE('',#4594,#4595,#1906,.T.);
#5515=EDGE_CURVE('',#4595,#4596,#1907,.T.);
#5516=EDGE_CURVE('',#4596,#4597,#1908,.T.);
#5517=EDGE_CURVE('',#4597,#4598,#1909,.T.);
#5518=EDGE_CURVE('',#4598,#4186,#1910,.T.);
#5519=EDGE_CURVE('',#4184,#4185,#1911,.T.);
#5520=EDGE_CURVE('',#4183,#4599,#1912,.T.);
#5521=EDGE_CURVE('',#4599,#4600,#1913,.T.);
#5522=EDGE_CURVE('',#4600,#4601,#1914,.T.);
#5523=EDGE_CURVE('',#4601,#4602,#1915,.T.);
#5524=EDGE_CURVE('',#4602,#4603,#1916,.T.);
#5525=EDGE_CURVE('',#4603,#4604,#1917,.T.);
#5526=EDGE_CURVE('',#4604,#4184,#1918,.T.);
#5527=EDGE_CURVE('',#4182,#4183,#1919,.T.);
#5528=EDGE_CURVE('',#4181,#4605,#1920,.T.);
#5529=EDGE_CURVE('',#4605,#4606,#1921,.T.);
#5530=EDGE_CURVE('',#4606,#4607,#1922,.T.);
#5531=EDGE_CURVE('',#4607,#4608,#1923,.T.);
#5532=EDGE_CURVE('',#4608,#4609,#1924,.T.);
#5533=EDGE_CURVE('',#4609,#4610,#1925,.T.);
#5534=EDGE_CURVE('',#4610,#4182,#1926,.T.);
#5535=EDGE_CURVE('',#4180,#4181,#1927,.T.);
#5536=EDGE_CURVE('',#4179,#4611,#1928,.T.);
#5537=EDGE_CURVE('',#4611,#4612,#1929,.T.);
#5538=EDGE_CURVE('',#4612,#4613,#1930,.T.);
#5539=EDGE_CURVE('',#4613,#4614,#1931,.T.);
#5540=EDGE_CURVE('',#4614,#4615,#1932,.T.);
#5541=EDGE_CURVE('',#4615,#4616,#1933,.T.);
#5542=EDGE_CURVE('',#4616,#4180,#1934,.T.);
#5543=EDGE_CURVE('',#4226,#4179,#1935,.T.);
#5544=EDGE_CURVE('',#4617,#4618,#1936,.T.);
#5545=EDGE_CURVE('',#4618,#4591,#1937,.T.);
#5546=EDGE_CURVE('',#4617,#4590,#1938,.T.);
#5547=EDGE_CURVE('',#4619,#4617,#1939,.T.);
#5548=EDGE_CURVE('',#4619,#4589,#1940,.T.);
#5549=EDGE_CURVE('',#4620,#4619,#1941,.T.);
#5550=EDGE_CURVE('',#4620,#4588,#1942,.T.);
#5551=EDGE_CURVE('',#4621,#4620,#1943,.T.);
#5552=EDGE_CURVE('',#4621,#4587,#1944,.T.);
#5553=EDGE_CURVE('',#4622,#4621,#1945,.T.);
#5554=EDGE_CURVE('',#4622,#4187,#1946,.T.);
#5555=EDGE_CURVE('',#4623,#4622,#1947,.T.);
#5556=EDGE_CURVE('',#4623,#4186,#1948,.T.);
#5557=EDGE_CURVE('',#4624,#4623,#1949,.T.);
#5558=EDGE_CURVE('',#4624,#4598,#1950,.T.);
#5559=EDGE_CURVE('',#4625,#4624,#1951,.T.);
#5560=EDGE_CURVE('',#4625,#4597,#1952,.T.);
#5561=EDGE_CURVE('',#4626,#4625,#1953,.T.);
#5562=EDGE_CURVE('',#4626,#4596,#1954,.T.);
#5563=EDGE_CURVE('',#4627,#4626,#1955,.T.);
#5564=EDGE_CURVE('',#4627,#4595,#1956,.T.);
#5565=EDGE_CURVE('',#4628,#4627,#1957,.T.);
#5566=EDGE_CURVE('',#4628,#4594,#1958,.T.);
#5567=EDGE_CURVE('',#4629,#4628,#1959,.T.);
#5568=EDGE_CURVE('',#4629,#4593,#1960,.T.);
#5569=EDGE_CURVE('',#4630,#4629,#1961,.T.);
#5570=EDGE_CURVE('',#4630,#4185,#1962,.T.);
#5571=EDGE_CURVE('',#4631,#4630,#1963,.T.);
#5572=EDGE_CURVE('',#4631,#4184,#1964,.T.);
#5573=EDGE_CURVE('',#4632,#4631,#1965,.T.);
#5574=EDGE_CURVE('',#4632,#4604,#1966,.T.);
#5575=EDGE_CURVE('',#4633,#4632,#1967,.T.);
#5576=EDGE_CURVE('',#4633,#4603,#1968,.T.);
#5577=EDGE_CURVE('',#4634,#4633,#1969,.T.);
#5578=EDGE_CURVE('',#4634,#4602,#1970,.T.);
#5579=EDGE_CURVE('',#4635,#4634,#1971,.T.);
#5580=EDGE_CURVE('',#4635,#4601,#1972,.T.);
#5581=EDGE_CURVE('',#4636,#4635,#1973,.T.);
#5582=EDGE_CURVE('',#4636,#4600,#1974,.T.);
#5583=EDGE_CURVE('',#4637,#4636,#1975,.T.);
#5584=EDGE_CURVE('',#4637,#4599,#1976,.T.);
#5585=EDGE_CURVE('',#4638,#4637,#1977,.T.);
#5586=EDGE_CURVE('',#4638,#4183,#1978,.T.);
#5587=EDGE_CURVE('',#4639,#4638,#1979,.T.);
#5588=EDGE_CURVE('',#4639,#4182,#1980,.T.);
#5589=EDGE_CURVE('',#4640,#4639,#1981,.T.);
#5590=EDGE_CURVE('',#4640,#4610,#1982,.T.);
#5591=EDGE_CURVE('',#4641,#4640,#1983,.T.);
#5592=EDGE_CURVE('',#4641,#4609,#1984,.T.);
#5593=EDGE_CURVE('',#4642,#4641,#1985,.T.);
#5594=EDGE_CURVE('',#4642,#4608,#1986,.T.);
#5595=EDGE_CURVE('',#4643,#4642,#1987,.T.);
#5596=EDGE_CURVE('',#4643,#4607,#1988,.T.);
#5597=EDGE_CURVE('',#4644,#4643,#1989,.T.);
#5598=EDGE_CURVE('',#4644,#4606,#1990,.T.);
#5599=EDGE_CURVE('',#4645,#4644,#1991,.T.);
#5600=EDGE_CURVE('',#4645,#4605,#1992,.T.);
#5601=EDGE_CURVE('',#4646,#4645,#1993,.T.);
#5602=EDGE_CURVE('',#4646,#4181,#1994,.T.);
#5603=EDGE_CURVE('',#4647,#4646,#1995,.T.);
#5604=EDGE_CURVE('',#4647,#4180,#1996,.T.);
#5605=EDGE_CURVE('',#4648,#4647,#1997,.T.);
#5606=EDGE_CURVE('',#4648,#4616,#1998,.T.);
#5607=EDGE_CURVE('',#4649,#4648,#1999,.T.);
#5608=EDGE_CURVE('',#4649,#4615,#2000,.T.);
#5609=EDGE_CURVE('',#4650,#4649,#2001,.T.);
#5610=EDGE_CURVE('',#4650,#4614,#2002,.T.);
#5611=EDGE_CURVE('',#4651,#4650,#2003,.T.);
#5612=EDGE_CURVE('',#4651,#4613,#2004,.T.);
#5613=EDGE_CURVE('',#4652,#4651,#2005,.T.);
#5614=EDGE_CURVE('',#4652,#4612,#2006,.T.);
#5615=EDGE_CURVE('',#4653,#4652,#2007,.T.);
#5616=EDGE_CURVE('',#4653,#4611,#2008,.T.);
#5617=EDGE_CURVE('',#4654,#4653,#2009,.T.);
#5618=EDGE_CURVE('',#4654,#4179,#2010,.T.);
#5619=EDGE_CURVE('',#4655,#4654,#2011,.T.);
#5620=EDGE_CURVE('',#4655,#4226,#2012,.T.);
#5621=EDGE_CURVE('',#4656,#4655,#2013,.T.);
#5622=EDGE_CURVE('',#4656,#4478,#2014,.T.);
#5623=EDGE_CURVE('',#4657,#4656,#2015,.T.);
#5624=EDGE_CURVE('',#4657,#4477,#2016,.T.);
#5625=EDGE_CURVE('',#4658,#4657,#2017,.T.);
#5626=EDGE_CURVE('',#4658,#4476,#2018,.T.);
#5627=EDGE_CURVE('',#4659,#4658,#2019,.T.);
#5628=EDGE_CURVE('',#4659,#4475,#2020,.T.);
#5629=EDGE_CURVE('',#4660,#4659,#2021,.T.);
#5630=EDGE_CURVE('',#4660,#4474,#2022,.T.);
#5631=EDGE_CURVE('',#4661,#4660,#2023,.T.);
#5632=EDGE_CURVE('',#4661,#4473,#2024,.T.);
#5633=EDGE_CURVE('',#4662,#4661,#2025,.T.);
#5634=EDGE_CURVE('',#4662,#4225,#2026,.T.);
#5635=EDGE_CURVE('',#4663,#4662,#2027,.T.);
#5636=EDGE_CURVE('',#4663,#4224,#2028,.T.);
#5637=EDGE_CURVE('',#4664,#4663,#2029,.T.);
#5638=EDGE_CURVE('',#4664,#4484,#2030,.T.);
#5639=EDGE_CURVE('',#4665,#4664,#2031,.T.);
#5640=EDGE_CURVE('',#4665,#4483,#2032,.T.);
#5641=EDGE_CURVE('',#4666,#4665,#2033,.T.);
#5642=EDGE_CURVE('',#4666,#4482,#2034,.T.);
#5643=EDGE_CURVE('',#4667,#4666,#2035,.T.);
#5644=EDGE_CURVE('',#4667,#4481,#2036,.T.);
#5645=EDGE_CURVE('',#4668,#4667,#2037,.T.);
#5646=EDGE_CURVE('',#4668,#4480,#2038,.T.);
#5647=EDGE_CURVE('',#4669,#4668,#2039,.T.);
#5648=EDGE_CURVE('',#4669,#4479,#2040,.T.);
#5649=EDGE_CURVE('',#4670,#4669,#2041,.T.);
#5650=EDGE_CURVE('',#4670,#4223,#2042,.T.);
#5651=EDGE_CURVE('',#4671,#4670,#2043,.T.);
#5652=EDGE_CURVE('',#4671,#4222,#2044,.T.);
#5653=EDGE_CURVE('',#4672,#4671,#2045,.T.);
#5654=EDGE_CURVE('',#4672,#4490,#2046,.T.);
#5655=EDGE_CURVE('',#4673,#4672,#2047,.T.);
#5656=EDGE_CURVE('',#4673,#4489,#2048,.T.);
#5657=EDGE_CURVE('',#4674,#4673,#2049,.T.);
#5658=EDGE_CURVE('',#4674,#4488,#2050,.T.);
#5659=EDGE_CURVE('',#4675,#4674,#2051,.T.);
#5660=EDGE_CURVE('',#4675,#4487,#2052,.T.);
#5661=EDGE_CURVE('',#4676,#4675,#2053,.T.);
#5662=EDGE_CURVE('',#4676,#4486,#2054,.T.);
#5663=EDGE_CURVE('',#4677,#4676,#2055,.T.);
#5664=EDGE_CURVE('',#4677,#4485,#2056,.T.);
#5665=EDGE_CURVE('',#4678,#4677,#2057,.T.);
#5666=EDGE_CURVE('',#4678,#4221,#2058,.T.);
#5667=EDGE_CURVE('',#4679,#4678,#2059,.T.);
#5668=EDGE_CURVE('',#4679,#4220,#2060,.T.);
#5669=EDGE_CURVE('',#4680,#4679,#2061,.T.);
#5670=EDGE_CURVE('',#4680,#4496,#2062,.T.);
#5671=EDGE_CURVE('',#4681,#4680,#2063,.T.);
#5672=EDGE_CURVE('',#4681,#4495,#2064,.T.);
#5673=EDGE_CURVE('',#4682,#4681,#2065,.T.);
#5674=EDGE_CURVE('',#4682,#4494,#2066,.T.);
#5675=EDGE_CURVE('',#4683,#4682,#2067,.T.);
#5676=EDGE_CURVE('',#4683,#4493,#2068,.T.);
#5677=EDGE_CURVE('',#4684,#4683,#2069,.T.);
#5678=EDGE_CURVE('',#4684,#4492,#2070,.T.);
#5679=EDGE_CURVE('',#4685,#4684,#2071,.T.);
#5680=EDGE_CURVE('',#4685,#4491,#2072,.T.);
#5681=EDGE_CURVE('',#4686,#4685,#2073,.T.);
#5682=EDGE_CURVE('',#4686,#4219,#2074,.T.);
#5683=EDGE_CURVE('',#4687,#4686,#2075,.T.);
#5684=EDGE_CURVE('',#4687,#4218,#2076,.T.);
#5685=EDGE_CURVE('',#4688,#4687,#2077,.T.);
#5686=EDGE_CURVE('',#4688,#4502,#2078,.T.);
#5687=EDGE_CURVE('',#4689,#4688,#2079,.T.);
#5688=EDGE_CURVE('',#4689,#4501,#2080,.T.);
#5689=EDGE_CURVE('',#4690,#4689,#2081,.T.);
#5690=EDGE_CURVE('',#4690,#4500,#2082,.T.);
#5691=EDGE_CURVE('',#4691,#4690,#2083,.T.);
#5692=EDGE_CURVE('',#4691,#4499,#2084,.T.);
#5693=EDGE_CURVE('',#4692,#4691,#2085,.T.);
#5694=EDGE_CURVE('',#4692,#4498,#2086,.T.);
#5695=EDGE_CURVE('',#4693,#4692,#2087,.T.);
#5696=EDGE_CURVE('',#4693,#4497,#2088,.T.);
#5697=EDGE_CURVE('',#4694,#4693,#2089,.T.);
#5698=EDGE_CURVE('',#4694,#4217,#2090,.T.);
#5699=EDGE_CURVE('',#4695,#4694,#2091,.T.);
#5700=EDGE_CURVE('',#4695,#4216,#2092,.T.);
#5701=EDGE_CURVE('',#4696,#4695,#2093,.T.);
#5702=EDGE_CURVE('',#4696,#4508,#2094,.T.);
#5703=EDGE_CURVE('',#4697,#4696,#2095,.T.);
#5704=EDGE_CURVE('',#4697,#4507,#2096,.T.);
#5705=EDGE_CURVE('',#4698,#4697,#2097,.T.);
#5706=EDGE_CURVE('',#4698,#4506,#2098,.T.);
#5707=EDGE_CURVE('',#4699,#4698,#2099,.T.);
#5708=EDGE_CURVE('',#4699,#4505,#2100,.T.);
#5709=EDGE_CURVE('',#4700,#4699,#2101,.T.);
#5710=EDGE_CURVE('',#4700,#4504,#2102,.T.);
#5711=EDGE_CURVE('',#4701,#4700,#2103,.T.);
#5712=EDGE_CURVE('',#4701,#4503,#2104,.T.);
#5713=EDGE_CURVE('',#4702,#4701,#2105,.T.);
#5714=EDGE_CURVE('',#4702,#4215,#2106,.T.);
#5715=EDGE_CURVE('',#4703,#4702,#2107,.T.);
#5716=EDGE_CURVE('',#4703,#4214,#2108,.T.);
#5717=EDGE_CURVE('',#4704,#4703,#2109,.T.);
#5718=EDGE_CURVE('',#4704,#4514,#2110,.T.);
#5719=EDGE_CURVE('',#4705,#4704,#2111,.T.);
#5720=EDGE_CURVE('',#4705,#4513,#2112,.T.);
#5721=EDGE_CURVE('',#4706,#4705,#2113,.T.);
#5722=EDGE_CURVE('',#4706,#4512,#2114,.T.);
#5723=EDGE_CURVE('',#4707,#4706,#2115,.T.);
#5724=EDGE_CURVE('',#4707,#4511,#2116,.T.);
#5725=EDGE_CURVE('',#4708,#4707,#2117,.T.);
#5726=EDGE_CURVE('',#4708,#4510,#2118,.T.);
#5727=EDGE_CURVE('',#4709,#4708,#2119,.T.);
#5728=EDGE_CURVE('',#4709,#4509,#2120,.T.);
#5729=EDGE_CURVE('',#4710,#4709,#2121,.T.);
#5730=EDGE_CURVE('',#4710,#4213,#2122,.T.);
#5731=EDGE_CURVE('',#4711,#4710,#2123,.T.);
#5732=EDGE_CURVE('',#4711,#4212,#2124,.T.);
#5733=EDGE_CURVE('',#4712,#4711,#2125,.T.);
#5734=EDGE_CURVE('',#4712,#4520,#2126,.T.);
#5735=EDGE_CURVE('',#4713,#4712,#2127,.T.);
#5736=EDGE_CURVE('',#4713,#4519,#2128,.T.);
#5737=EDGE_CURVE('',#4714,#4713,#2129,.T.);
#5738=EDGE_CURVE('',#4714,#4518,#2130,.T.);
#5739=EDGE_CURVE('',#4715,#4714,#2131,.T.);
#5740=EDGE_CURVE('',#4715,#4517,#2132,.T.);
#5741=EDGE_CURVE('',#4716,#4715,#2133,.T.);
#5742=EDGE_CURVE('',#4716,#4516,#2134,.T.);
#5743=EDGE_CURVE('',#4717,#4716,#2135,.T.);
#5744=EDGE_CURVE('',#4717,#4515,#2136,.T.);
#5745=EDGE_CURVE('',#4718,#4717,#2137,.T.);
#5746=EDGE_CURVE('',#4718,#4211,#2138,.T.);
#5747=EDGE_CURVE('',#4719,#4718,#2139,.T.);
#5748=EDGE_CURVE('',#4719,#4210,#2140,.T.);
#5749=EDGE_CURVE('',#4720,#4719,#2141,.T.);
#5750=EDGE_CURVE('',#4720,#4526,#2142,.T.);
#5751=EDGE_CURVE('',#4721,#4720,#2143,.T.);
#5752=EDGE_CURVE('',#4721,#4525,#2144,.T.);
#5753=EDGE_CURVE('',#4722,#4721,#2145,.T.);
#5754=EDGE_CURVE('',#4722,#4524,#2146,.T.);
#5755=EDGE_CURVE('',#4723,#4722,#2147,.T.);
#5756=EDGE_CURVE('',#4723,#4523,#2148,.T.);
#5757=EDGE_CURVE('',#4724,#4723,#2149,.T.);
#5758=EDGE_CURVE('',#4724,#4522,#2150,.T.);
#5759=EDGE_CURVE('',#4725,#4724,#2151,.T.);
#5760=EDGE_CURVE('',#4725,#4521,#2152,.T.);
#5761=EDGE_CURVE('',#4726,#4725,#2153,.T.);
#5762=EDGE_CURVE('',#4726,#4209,#2154,.T.);
#5763=EDGE_CURVE('',#4727,#4726,#2155,.T.);
#5764=EDGE_CURVE('',#4727,#4208,#2156,.T.);
#5765=EDGE_CURVE('',#4728,#4727,#2157,.T.);
#5766=EDGE_CURVE('',#4728,#4532,#2158,.T.);
#5767=EDGE_CURVE('',#4729,#4728,#2159,.T.);
#5768=EDGE_CURVE('',#4729,#4531,#2160,.T.);
#5769=EDGE_CURVE('',#4730,#4729,#2161,.T.);
#5770=EDGE_CURVE('',#4730,#4530,#2162,.T.);
#5771=EDGE_CURVE('',#4731,#4730,#2163,.T.);
#5772=EDGE_CURVE('',#4731,#4529,#2164,.T.);
#5773=EDGE_CURVE('',#4732,#4731,#2165,.T.);
#5774=EDGE_CURVE('',#4732,#4528,#2166,.T.);
#5775=EDGE_CURVE('',#4733,#4732,#2167,.T.);
#5776=EDGE_CURVE('',#4733,#4527,#2168,.T.);
#5777=EDGE_CURVE('',#4734,#4733,#2169,.T.);
#5778=EDGE_CURVE('',#4734,#4207,#2170,.T.);
#5779=EDGE_CURVE('',#4735,#4734,#2171,.T.);
#5780=EDGE_CURVE('',#4735,#4206,#2172,.T.);
#5781=EDGE_CURVE('',#4736,#4735,#2173,.T.);
#5782=EDGE_CURVE('',#4736,#4538,#2174,.T.);
#5783=EDGE_CURVE('',#4737,#4736,#2175,.T.);
#5784=EDGE_CURVE('',#4737,#4537,#2176,.T.);
#5785=EDGE_CURVE('',#4738,#4737,#2177,.T.);
#5786=EDGE_CURVE('',#4738,#4536,#2178,.T.);
#5787=EDGE_CURVE('',#4739,#4738,#2179,.T.);
#5788=EDGE_CURVE('',#4739,#4535,#2180,.T.);
#5789=EDGE_CURVE('',#4740,#4739,#2181,.T.);
#5790=EDGE_CURVE('',#4740,#4534,#2182,.T.);
#5791=EDGE_CURVE('',#4741,#4740,#2183,.T.);
#5792=EDGE_CURVE('',#4741,#4533,#2184,.T.);
#5793=EDGE_CURVE('',#4742,#4741,#2185,.T.);
#5794=EDGE_CURVE('',#4742,#4205,#2186,.T.);
#5795=EDGE_CURVE('',#4743,#4742,#2187,.T.);
#5796=EDGE_CURVE('',#4743,#4204,#2188,.T.);
#5797=EDGE_CURVE('',#4744,#4743,#2189,.T.);
#5798=EDGE_CURVE('',#4744,#4544,#2190,.T.);
#5799=EDGE_CURVE('',#4745,#4744,#2191,.T.);
#5800=EDGE_CURVE('',#4745,#4543,#2192,.T.);
#5801=EDGE_CURVE('',#4746,#4745,#2193,.T.);
#5802=EDGE_CURVE('',#4746,#4542,#2194,.T.);
#5803=EDGE_CURVE('',#4747,#4746,#2195,.T.);
#5804=EDGE_CURVE('',#4747,#4541,#2196,.T.);
#5805=EDGE_CURVE('',#4748,#4747,#2197,.T.);
#5806=EDGE_CURVE('',#4748,#4540,#2198,.T.);
#5807=EDGE_CURVE('',#4749,#4748,#2199,.T.);
#5808=EDGE_CURVE('',#4749,#4539,#2200,.T.);
#5809=EDGE_CURVE('',#4750,#4749,#2201,.T.);
#5810=EDGE_CURVE('',#4750,#4203,#2202,.T.);
#5811=EDGE_CURVE('',#4751,#4750,#2203,.T.);
#5812=EDGE_CURVE('',#4751,#4202,#2204,.T.);
#5813=EDGE_CURVE('',#4752,#4751,#2205,.T.);
#5814=EDGE_CURVE('',#4752,#4550,#2206,.T.);
#5815=EDGE_CURVE('',#4753,#4752,#2207,.T.);
#5816=EDGE_CURVE('',#4753,#4549,#2208,.T.);
#5817=EDGE_CURVE('',#4754,#4753,#2209,.T.);
#5818=EDGE_CURVE('',#4754,#4548,#2210,.T.);
#5819=EDGE_CURVE('',#4755,#4754,#2211,.T.);
#5820=EDGE_CURVE('',#4755,#4547,#2212,.T.);
#5821=EDGE_CURVE('',#4756,#4755,#2213,.T.);
#5822=EDGE_CURVE('',#4756,#4546,#2214,.T.);
#5823=EDGE_CURVE('',#4757,#4756,#2215,.T.);
#5824=EDGE_CURVE('',#4757,#4545,#2216,.T.);
#5825=EDGE_CURVE('',#4758,#4757,#2217,.T.);
#5826=EDGE_CURVE('',#4758,#4201,#2218,.T.);
#5827=EDGE_CURVE('',#4759,#4758,#2219,.T.);
#5828=EDGE_CURVE('',#4759,#4200,#2220,.T.);
#5829=EDGE_CURVE('',#4760,#4759,#2221,.T.);
#5830=EDGE_CURVE('',#4760,#4556,#2222,.T.);
#5831=EDGE_CURVE('',#4761,#4760,#2223,.T.);
#5832=EDGE_CURVE('',#4761,#4555,#2224,.T.);
#5833=EDGE_CURVE('',#4762,#4761,#2225,.T.);
#5834=EDGE_CURVE('',#4762,#4554,#2226,.T.);
#5835=EDGE_CURVE('',#4763,#4762,#2227,.T.);
#5836=EDGE_CURVE('',#4763,#4553,#2228,.T.);
#5837=EDGE_CURVE('',#4764,#4763,#2229,.T.);
#5838=EDGE_CURVE('',#4764,#4552,#2230,.T.);
#5839=EDGE_CURVE('',#4765,#4764,#2231,.T.);
#5840=EDGE_CURVE('',#4765,#4551,#2232,.T.);
#5841=EDGE_CURVE('',#4766,#4765,#2233,.T.);
#5842=EDGE_CURVE('',#4766,#4199,#2234,.T.);
#5843=EDGE_CURVE('',#4767,#4766,#2235,.T.);
#5844=EDGE_CURVE('',#4767,#4198,#2236,.T.);
#5845=EDGE_CURVE('',#4768,#4767,#2237,.T.);
#5846=EDGE_CURVE('',#4768,#4562,#2238,.T.);
#5847=EDGE_CURVE('',#4769,#4768,#2239,.T.);
#5848=EDGE_CURVE('',#4769,#4561,#2240,.T.);
#5849=EDGE_CURVE('',#4770,#4769,#2241,.T.);
#5850=EDGE_CURVE('',#4770,#4560,#2242,.T.);
#5851=EDGE_CURVE('',#4771,#4770,#2243,.T.);
#5852=EDGE_CURVE('',#4771,#4559,#2244,.T.);
#5853=EDGE_CURVE('',#4772,#4771,#2245,.T.);
#5854=EDGE_CURVE('',#4772,#4558,#2246,.T.);
#5855=EDGE_CURVE('',#4773,#4772,#2247,.T.);
#5856=EDGE_CURVE('',#4773,#4557,#2248,.T.);
#5857=EDGE_CURVE('',#4774,#4773,#2249,.T.);
#5858=EDGE_CURVE('',#4774,#4197,#2250,.T.);
#5859=EDGE_CURVE('',#4775,#4774,#2251,.T.);
#5860=EDGE_CURVE('',#4775,#4196,#2252,.T.);
#5861=EDGE_CURVE('',#4776,#4775,#2253,.T.);
#5862=EDGE_CURVE('',#4776,#4568,#2254,.T.);
#5863=EDGE_CURVE('',#4777,#4776,#2255,.T.);
#5864=EDGE_CURVE('',#4777,#4567,#2256,.T.);
#5865=EDGE_CURVE('',#4778,#4777,#2257,.T.);
#5866=EDGE_CURVE('',#4778,#4566,#2258,.T.);
#5867=EDGE_CURVE('',#4779,#4778,#2259,.T.);
#5868=EDGE_CURVE('',#4779,#4565,#2260,.T.);
#5869=EDGE_CURVE('',#4780,#4779,#2261,.T.);
#5870=EDGE_CURVE('',#4780,#4564,#2262,.T.);
#5871=EDGE_CURVE('',#4781,#4780,#2263,.T.);
#5872=EDGE_CURVE('',#4781,#4563,#2264,.T.);
#5873=EDGE_CURVE('',#4782,#4781,#2265,.T.);
#5874=EDGE_CURVE('',#4782,#4195,#2266,.T.);
#5875=EDGE_CURVE('',#4783,#4782,#2267,.T.);
#5876=EDGE_CURVE('',#4783,#4194,#2268,.T.);
#5877=EDGE_CURVE('',#4784,#4783,#2269,.T.);
#5878=EDGE_CURVE('',#4784,#4574,#2270,.T.);
#5879=EDGE_CURVE('',#4785,#4784,#2271,.T.);
#5880=EDGE_CURVE('',#4785,#4573,#2272,.T.);
#5881=EDGE_CURVE('',#4786,#4785,#2273,.T.);
#5882=EDGE_CURVE('',#4786,#4572,#2274,.T.);
#5883=EDGE_CURVE('',#4787,#4786,#2275,.T.);
#5884=EDGE_CURVE('',#4787,#4571,#2276,.T.);
#5885=EDGE_CURVE('',#4788,#4787,#2277,.T.);
#5886=EDGE_CURVE('',#4788,#4570,#2278,.T.);
#5887=EDGE_CURVE('',#4789,#4788,#2279,.T.);
#5888=EDGE_CURVE('',#4789,#4569,#2280,.T.);
#5889=EDGE_CURVE('',#4790,#4789,#2281,.T.);
#5890=EDGE_CURVE('',#4790,#4193,#2282,.T.);
#5891=EDGE_CURVE('',#4791,#4790,#2283,.T.);
#5892=EDGE_CURVE('',#4791,#4192,#2284,.T.);
#5893=EDGE_CURVE('',#4792,#4791,#2285,.T.);
#5894=EDGE_CURVE('',#4792,#4580,#2286,.T.);
#5895=EDGE_CURVE('',#4793,#4792,#2287,.T.);
#5896=EDGE_CURVE('',#4793,#4579,#2288,.T.);
#5897=EDGE_CURVE('',#4794,#4793,#2289,.T.);
#5898=EDGE_CURVE('',#4794,#4578,#2290,.T.);
#5899=EDGE_CURVE('',#4795,#4794,#2291,.T.);
#5900=EDGE_CURVE('',#4795,#4577,#2292,.T.);
#5901=EDGE_CURVE('',#4796,#4795,#2293,.T.);
#5902=EDGE_CURVE('',#4796,#4576,#2294,.T.);
#5903=EDGE_CURVE('',#4797,#4796,#2295,.T.);
#5904=EDGE_CURVE('',#4797,#4575,#2296,.T.);
#5905=EDGE_CURVE('',#4798,#4797,#2297,.T.);
#5906=EDGE_CURVE('',#4798,#4191,#2298,.T.);
#5907=EDGE_CURVE('',#4799,#4798,#2299,.T.);
#5908=EDGE_CURVE('',#4799,#4190,#2300,.T.);
#5909=EDGE_CURVE('',#4800,#4799,#2301,.T.);
#5910=EDGE_CURVE('',#4800,#4586,#2302,.T.);
#5911=EDGE_CURVE('',#4801,#4800,#2303,.T.);
#5912=EDGE_CURVE('',#4801,#4585,#2304,.T.);
#5913=EDGE_CURVE('',#4802,#4801,#2305,.T.);
#5914=EDGE_CURVE('',#4802,#4584,#2306,.T.);
#5915=EDGE_CURVE('',#4803,#4802,#2307,.T.);
#5916=EDGE_CURVE('',#4803,#4583,#2308,.T.);
#5917=EDGE_CURVE('',#4804,#4803,#2309,.T.);
#5918=EDGE_CURVE('',#4804,#4582,#2310,.T.);
#5919=EDGE_CURVE('',#4805,#4804,#2311,.T.);
#5920=EDGE_CURVE('',#4805,#4581,#2312,.T.);
#5921=EDGE_CURVE('',#4806,#4805,#2313,.T.);
#5922=EDGE_CURVE('',#4806,#4189,#2314,.T.);
#5923=EDGE_CURVE('',#4807,#4806,#2315,.T.);
#5924=EDGE_CURVE('',#4807,#4188,#2316,.T.);
#5925=EDGE_CURVE('',#4808,#4807,#2317,.T.);
#5926=EDGE_CURVE('',#4808,#4592,#2318,.T.);
#5927=EDGE_CURVE('',#4618,#4808,#2319,.T.);
#5928=EDGE_CURVE('',#4809,#4810,#2320,.T.);
#5929=EDGE_CURVE('',#4810,#4424,#2321,.T.);
#5930=EDGE_CURVE('',#4809,#4423,#2322,.T.);
#5931=EDGE_CURVE('',#4811,#4809,#2323,.T.);
#5932=EDGE_CURVE('',#4811,#4422,#2324,.T.);
#5933=EDGE_CURVE('',#4812,#4811,#2325,.T.);
#5934=EDGE_CURVE('',#4812,#4472,#2326,.T.);
#5935=EDGE_CURVE('',#4813,#4812,#2327,.T.);
#5936=EDGE_CURVE('',#4813,#4471,#2328,.T.);
#5937=EDGE_CURVE('',#4814,#4813,#2329,.T.);
#5938=EDGE_CURVE('',#4814,#4470,#2330,.T.);
#5939=EDGE_CURVE('',#4815,#4814,#2331,.T.);
#5940=EDGE_CURVE('',#4815,#4469,#2332,.T.);
#5941=EDGE_CURVE('',#4816,#4815,#2333,.T.);
#5942=EDGE_CURVE('',#4816,#4468,#2334,.T.);
#5943=EDGE_CURVE('',#4817,#4816,#2335,.T.);
#5944=EDGE_CURVE('',#4817,#4467,#2336,.T.);
#5945=EDGE_CURVE('',#4818,#4817,#2337,.T.);
#5946=EDGE_CURVE('',#4818,#4466,#2338,.T.);
#5947=EDGE_CURVE('',#4819,#4818,#2339,.T.);
#5948=EDGE_CURVE('',#4819,#4465,#2340,.T.);
#5949=EDGE_CURVE('',#4820,#4819,#2341,.T.);
#5950=EDGE_CURVE('',#4820,#4464,#2342,.T.);
#5951=EDGE_CURVE('',#4821,#4820,#2343,.T.);
#5952=EDGE_CURVE('',#4821,#4463,#2344,.T.);
#5953=EDGE_CURVE('',#4822,#4821,#2345,.T.);
#5954=EDGE_CURVE('',#4822,#4462,#2346,.T.);
#5955=EDGE_CURVE('',#4823,#4822,#2347,.T.);
#5956=EDGE_CURVE('',#4823,#4461,#2348,.T.);
#5957=EDGE_CURVE('',#4824,#4823,#2349,.T.);
#5958=EDGE_CURVE('',#4824,#4460,#2350,.T.);
#5959=EDGE_CURVE('',#4825,#4824,#2351,.T.);
#5960=EDGE_CURVE('',#4825,#4459,#2352,.T.);
#5961=EDGE_CURVE('',#4826,#4825,#2353,.T.);
#5962=EDGE_CURVE('',#4826,#4458,#2354,.T.);
#5963=EDGE_CURVE('',#4827,#4826,#2355,.T.);
#5964=EDGE_CURVE('',#4827,#4457,#2356,.T.);
#5965=EDGE_CURVE('',#4828,#4827,#2357,.T.);
#5966=EDGE_CURVE('',#4828,#4456,#2358,.T.);
#5967=EDGE_CURVE('',#4829,#4828,#2359,.T.);
#5968=EDGE_CURVE('',#4829,#4455,#2360,.T.);
#5969=EDGE_CURVE('',#4830,#4829,#2361,.T.);
#5970=EDGE_CURVE('',#4830,#4454,#2362,.T.);
#5971=EDGE_CURVE('',#4831,#4830,#2363,.T.);
#5972=EDGE_CURVE('',#4831,#4453,#2364,.T.);
#5973=EDGE_CURVE('',#4832,#4831,#2365,.T.);
#5974=EDGE_CURVE('',#4832,#4452,#2366,.T.);
#5975=EDGE_CURVE('',#4833,#4832,#2367,.T.);
#5976=EDGE_CURVE('',#4833,#4451,#2368,.T.);
#5977=EDGE_CURVE('',#4834,#4833,#2369,.T.);
#5978=EDGE_CURVE('',#4834,#4450,#2370,.T.);
#5979=EDGE_CURVE('',#4835,#4834,#2371,.T.);
#5980=EDGE_CURVE('',#4835,#4449,#2372,.T.);
#5981=EDGE_CURVE('',#4836,#4835,#2373,.T.);
#5982=EDGE_CURVE('',#4836,#4448,#2374,.T.);
#5983=EDGE_CURVE('',#4837,#4836,#2375,.T.);
#5984=EDGE_CURVE('',#4837,#4447,#2376,.T.);
#5985=EDGE_CURVE('',#4838,#4837,#2377,.T.);
#5986=EDGE_CURVE('',#4838,#4446,#2378,.T.);
#5987=EDGE_CURVE('',#4839,#4838,#2379,.T.);
#5988=EDGE_CURVE('',#4839,#4445,#2380,.T.);
#5989=EDGE_CURVE('',#4840,#4839,#2381,.T.);
#5990=EDGE_CURVE('',#4840,#4444,#2382,.T.);
#5991=EDGE_CURVE('',#4841,#4840,#2383,.T.);
#5992=EDGE_CURVE('',#4841,#4443,#2384,.T.);
#5993=EDGE_CURVE('',#4842,#4841,#2385,.T.);
#5994=EDGE_CURVE('',#4842,#4442,#2386,.T.);
#5995=EDGE_CURVE('',#4843,#4842,#2387,.T.);
#5996=EDGE_CURVE('',#4843,#4441,#2388,.T.);
#5997=EDGE_CURVE('',#4844,#4843,#2389,.T.);
#5998=EDGE_CURVE('',#4844,#4440,#2390,.T.);
#5999=EDGE_CURVE('',#4845,#4844,#2391,.T.);
#6000=EDGE_CURVE('',#4845,#4439,#2392,.T.);
#6001=EDGE_CURVE('',#4846,#4845,#2393,.T.);
#6002=EDGE_CURVE('',#4846,#4438,#2394,.T.);
#6003=EDGE_CURVE('',#4847,#4846,#2395,.T.);
#6004=EDGE_CURVE('',#4847,#4437,#2396,.T.);
#6005=EDGE_CURVE('',#4848,#4847,#2397,.T.);
#6006=EDGE_CURVE('',#4848,#4436,#2398,.T.);
#6007=EDGE_CURVE('',#4849,#4848,#2399,.T.);
#6008=EDGE_CURVE('',#4849,#4435,#2400,.T.);
#6009=EDGE_CURVE('',#4850,#4849,#2401,.T.);
#6010=EDGE_CURVE('',#4850,#4434,#2402,.T.);
#6011=EDGE_CURVE('',#4851,#4850,#2403,.T.);
#6012=EDGE_CURVE('',#4851,#4433,#2404,.T.);
#6013=EDGE_CURVE('',#4852,#4851,#2405,.T.);
#6014=EDGE_CURVE('',#4852,#4432,#2406,.T.);
#6015=EDGE_CURVE('',#4853,#4852,#2407,.T.);
#6016=EDGE_CURVE('',#4853,#4431,#2408,.T.);
#6017=EDGE_CURVE('',#4854,#4853,#2409,.T.);
#6018=EDGE_CURVE('',#4854,#4430,#2410,.T.);
#6019=EDGE_CURVE('',#4855,#4854,#2411,.T.);
#6020=EDGE_CURVE('',#4855,#4429,#2412,.T.);
#6021=EDGE_CURVE('',#4856,#4855,#2413,.T.);
#6022=EDGE_CURVE('',#4856,#4428,#2414,.T.);
#6023=EDGE_CURVE('',#4857,#4856,#2415,.T.);
#6024=EDGE_CURVE('',#4857,#4427,#2416,.T.);
#6025=EDGE_CURVE('',#4858,#4857,#2417,.T.);
#6026=EDGE_CURVE('',#4858,#4426,#2418,.T.);
#6027=EDGE_CURVE('',#4859,#4858,#2419,.T.);
#6028=EDGE_CURVE('',#4859,#4425,#2420,.T.);
#6029=EDGE_CURVE('',#4810,#4859,#2421,.T.);
#6030=EDGE_CURVE('',#4860,#4861,#2422,.T.);
#6031=EDGE_CURVE('',#4861,#4322,#2423,.T.);
#6032=EDGE_CURVE('',#4860,#4321,#2424,.T.);
#6033=EDGE_CURVE('',#4862,#4860,#2425,.T.);
#6034=EDGE_CURVE('',#4862,#4320,#2426,.T.);
#6035=EDGE_CURVE('',#4863,#4862,#2427,.T.);
#6036=EDGE_CURVE('',#4863,#4370,#2428,.T.);
#6037=EDGE_CURVE('',#4864,#4863,#2429,.T.);
#6038=EDGE_CURVE('',#4864,#4369,#2430,.T.);
#6039=EDGE_CURVE('',#4865,#4864,#2431,.T.);
#6040=EDGE_CURVE('',#4865,#4368,#2432,.T.);
#6041=EDGE_CURVE('',#4866,#4865,#2433,.T.);
#6042=EDGE_CURVE('',#4866,#4367,#2434,.T.);
#6043=EDGE_CURVE('',#4867,#4866,#2435,.T.);
#6044=EDGE_CURVE('',#4867,#4366,#2436,.T.);
#6045=EDGE_CURVE('',#4868,#4867,#2437,.T.);
#6046=EDGE_CURVE('',#4868,#4365,#2438,.T.);
#6047=EDGE_CURVE('',#4869,#4868,#2439,.T.);
#6048=EDGE_CURVE('',#4869,#4364,#2440,.T.);
#6049=EDGE_CURVE('',#4870,#4869,#2441,.T.);
#6050=EDGE_CURVE('',#4870,#4363,#2442,.T.);
#6051=EDGE_CURVE('',#4871,#4870,#2443,.T.);
#6052=EDGE_CURVE('',#4871,#4362,#2444,.T.);
#6053=EDGE_CURVE('',#4872,#4871,#2445,.T.);
#6054=EDGE_CURVE('',#4872,#4361,#2446,.T.);
#6055=EDGE_CURVE('',#4873,#4872,#2447,.T.);
#6056=EDGE_CURVE('',#4873,#4360,#2448,.T.);
#6057=EDGE_CURVE('',#4874,#4873,#2449,.T.);
#6058=EDGE_CURVE('',#4874,#4359,#2450,.T.);
#6059=EDGE_CURVE('',#4875,#4874,#2451,.T.);
#6060=EDGE_CURVE('',#4875,#4358,#2452,.T.);
#6061=EDGE_CURVE('',#4876,#4875,#2453,.T.);
#6062=EDGE_CURVE('',#4876,#4357,#2454,.T.);
#6063=EDGE_CURVE('',#4877,#4876,#2455,.T.);
#6064=EDGE_CURVE('',#4877,#4356,#2456,.T.);
#6065=EDGE_CURVE('',#4878,#4877,#2457,.T.);
#6066=EDGE_CURVE('',#4878,#4355,#2458,.T.);
#6067=EDGE_CURVE('',#4879,#4878,#2459,.T.);
#6068=EDGE_CURVE('',#4879,#4354,#2460,.T.);
#6069=EDGE_CURVE('',#4880,#4879,#2461,.T.);
#6070=EDGE_CURVE('',#4880,#4353,#2462,.T.);
#6071=EDGE_CURVE('',#4881,#4880,#2463,.T.);
#6072=EDGE_CURVE('',#4881,#4352,#2464,.T.);
#6073=EDGE_CURVE('',#4882,#4881,#2465,.T.);
#6074=EDGE_CURVE('',#4882,#4351,#2466,.T.);
#6075=EDGE_CURVE('',#4883,#4882,#2467,.T.);
#6076=EDGE_CURVE('',#4883,#4350,#2468,.T.);
#6077=EDGE_CURVE('',#4884,#4883,#2469,.T.);
#6078=EDGE_CURVE('',#4884,#4349,#2470,.T.);
#6079=EDGE_CURVE('',#4885,#4884,#2471,.T.);
#6080=EDGE_CURVE('',#4885,#4348,#2472,.T.);
#6081=EDGE_CURVE('',#4886,#4885,#2473,.T.);
#6082=EDGE_CURVE('',#4886,#4347,#2474,.T.);
#6083=EDGE_CURVE('',#4887,#4886,#2475,.T.);
#6084=EDGE_CURVE('',#4887,#4346,#2476,.T.);
#6085=EDGE_CURVE('',#4888,#4887,#2477,.T.);
#6086=EDGE_CURVE('',#4888,#4345,#2478,.T.);
#6087=EDGE_CURVE('',#4889,#4888,#2479,.T.);
#6088=EDGE_CURVE('',#4889,#4344,#2480,.T.);
#6089=EDGE_CURVE('',#4890,#4889,#2481,.T.);
#6090=EDGE_CURVE('',#4890,#4343,#2482,.T.);
#6091=EDGE_CURVE('',#4891,#4890,#2483,.T.);
#6092=EDGE_CURVE('',#4891,#4342,#2484,.T.);
#6093=EDGE_CURVE('',#4892,#4891,#2485,.T.);
#6094=EDGE_CURVE('',#4892,#4341,#2486,.T.);
#6095=EDGE_CURVE('',#4893,#4892,#2487,.T.);
#6096=EDGE_CURVE('',#4893,#4340,#2488,.T.);
#6097=EDGE_CURVE('',#4894,#4893,#2489,.T.);
#6098=EDGE_CURVE('',#4894,#4339,#2490,.T.);
#6099=EDGE_CURVE('',#4895,#4894,#2491,.T.);
#6100=EDGE_CURVE('',#4895,#4338,#2492,.T.);
#6101=EDGE_CURVE('',#4896,#4895,#2493,.T.);
#6102=EDGE_CURVE('',#4896,#4337,#2494,.T.);
#6103=EDGE_CURVE('',#4897,#4896,#2495,.T.);
#6104=EDGE_CURVE('',#4897,#4336,#2496,.T.);
#6105=EDGE_CURVE('',#4898,#4897,#2497,.T.);
#6106=EDGE_CURVE('',#4898,#4335,#2498,.T.);
#6107=EDGE_CURVE('',#4899,#4898,#2499,.T.);
#6108=EDGE_CURVE('',#4899,#4334,#2500,.T.);
#6109=EDGE_CURVE('',#4900,#4899,#2501,.T.);
#6110=EDGE_CURVE('',#4900,#4333,#2502,.T.);
#6111=EDGE_CURVE('',#4901,#4900,#2503,.T.);
#6112=EDGE_CURVE('',#4901,#4332,#2504,.T.);
#6113=EDGE_CURVE('',#4902,#4901,#2505,.T.);
#6114=EDGE_CURVE('',#4902,#4331,#2506,.T.);
#6115=EDGE_CURVE('',#4903,#4902,#2507,.T.);
#6116=EDGE_CURVE('',#4903,#4330,#2508,.T.);
#6117=EDGE_CURVE('',#4904,#4903,#2509,.T.);
#6118=EDGE_CURVE('',#4904,#4329,#2510,.T.);
#6119=EDGE_CURVE('',#4905,#4904,#2511,.T.);
#6120=EDGE_CURVE('',#4905,#4328,#2512,.T.);
#6121=EDGE_CURVE('',#4906,#4905,#2513,.T.);
#6122=EDGE_CURVE('',#4906,#4327,#2514,.T.);
#6123=EDGE_CURVE('',#4907,#4906,#2515,.T.);
#6124=EDGE_CURVE('',#4907,#4326,#2516,.T.);
#6125=EDGE_CURVE('',#4908,#4907,#2517,.T.);
#6126=EDGE_CURVE('',#4908,#4325,#2518,.T.);
#6127=EDGE_CURVE('',#4909,#4908,#2519,.T.);
#6128=EDGE_CURVE('',#4909,#4324,#2520,.T.);
#6129=EDGE_CURVE('',#4910,#4909,#2521,.T.);
#6130=EDGE_CURVE('',#4910,#4323,#2522,.T.);
#6131=EDGE_CURVE('',#4861,#4910,#2523,.T.);
#6132=EDGE_CURVE('',#4911,#4912,#2524,.T.);
#6133=EDGE_CURVE('',#4912,#4373,#2525,.T.);
#6134=EDGE_CURVE('',#4911,#4372,#2526,.T.);
#6135=EDGE_CURVE('',#4913,#4911,#2527,.T.);
#6136=EDGE_CURVE('',#4913,#4371,#2528,.T.);
#6137=EDGE_CURVE('',#4914,#4913,#2529,.T.);
#6138=EDGE_CURVE('',#4914,#4421,#2530,.T.);
#6139=EDGE_CURVE('',#4915,#4914,#2531,.T.);
#6140=EDGE_CURVE('',#4915,#4420,#2532,.T.);
#6141=EDGE_CURVE('',#4916,#4915,#2533,.T.);
#6142=EDGE_CURVE('',#4916,#4419,#2534,.T.);
#6143=EDGE_CURVE('',#4917,#4916,#2535,.T.);
#6144=EDGE_CURVE('',#4917,#4418,#2536,.T.);
#6145=EDGE_CURVE('',#4918,#4917,#2537,.T.);
#6146=EDGE_CURVE('',#4918,#4417,#2538,.T.);
#6147=EDGE_CURVE('',#4919,#4918,#2539,.T.);
#6148=EDGE_CURVE('',#4919,#4416,#2540,.T.);
#6149=EDGE_CURVE('',#4920,#4919,#2541,.T.);
#6150=EDGE_CURVE('',#4920,#4415,#2542,.T.);
#6151=EDGE_CURVE('',#4921,#4920,#2543,.T.);
#6152=EDGE_CURVE('',#4921,#4414,#2544,.T.);
#6153=EDGE_CURVE('',#4922,#4921,#2545,.T.);
#6154=EDGE_CURVE('',#4922,#4413,#2546,.T.);
#6155=EDGE_CURVE('',#4923,#4922,#2547,.T.);
#6156=EDGE_CURVE('',#4923,#4412,#2548,.T.);
#6157=EDGE_CURVE('',#4924,#4923,#2549,.T.);
#6158=EDGE_CURVE('',#4924,#4411,#2550,.T.);
#6159=EDGE_CURVE('',#4925,#4924,#2551,.T.);
#6160=EDGE_CURVE('',#4925,#4410,#2552,.T.);
#6161=EDGE_CURVE('',#4926,#4925,#2553,.T.);
#6162=EDGE_CURVE('',#4926,#4409,#2554,.T.);
#6163=EDGE_CURVE('',#4927,#4926,#2555,.T.);
#6164=EDGE_CURVE('',#4927,#4408,#2556,.T.);
#6165=EDGE_CURVE('',#4928,#4927,#2557,.T.);
#6166=EDGE_CURVE('',#4928,#4407,#2558,.T.);
#6167=EDGE_CURVE('',#4929,#4928,#2559,.T.);
#6168=EDGE_CURVE('',#4929,#4406,#2560,.T.);
#6169=EDGE_CURVE('',#4930,#4929,#2561,.T.);
#6170=EDGE_CURVE('',#4930,#4405,#2562,.T.);
#6171=EDGE_CURVE('',#4931,#4930,#2563,.T.);
#6172=EDGE_CURVE('',#4931,#4404,#2564,.T.);
#6173=EDGE_CURVE('',#4932,#4931,#2565,.T.);
#6174=EDGE_CURVE('',#4932,#4403,#2566,.T.);
#6175=EDGE_CURVE('',#4933,#4932,#2567,.T.);
#6176=EDGE_CURVE('',#4933,#4402,#2568,.T.);
#6177=EDGE_CURVE('',#4934,#4933,#2569,.T.);
#6178=EDGE_CURVE('',#4934,#4401,#2570,.T.);
#6179=EDGE_CURVE('',#4935,#4934,#2571,.T.);
#6180=EDGE_CURVE('',#4935,#4400,#2572,.T.);
#6181=EDGE_CURVE('',#4936,#4935,#2573,.T.);
#6182=EDGE_CURVE('',#4936,#4399,#2574,.T.);
#6183=EDGE_CURVE('',#4937,#4936,#2575,.T.);
#6184=EDGE_CURVE('',#4937,#4398,#2576,.T.);
#6185=EDGE_CURVE('',#4938,#4937,#2577,.T.);
#6186=EDGE_CURVE('',#4938,#4397,#2578,.T.);
#6187=EDGE_CURVE('',#4939,#4938,#2579,.T.);
#6188=EDGE_CURVE('',#4939,#4396,#2580,.T.);
#6189=EDGE_CURVE('',#4940,#4939,#2581,.T.);
#6190=EDGE_CURVE('',#4940,#4395,#2582,.T.);
#6191=EDGE_CURVE('',#4941,#4940,#2583,.T.);
#6192=EDGE_CURVE('',#4941,#4394,#2584,.T.);
#6193=EDGE_CURVE('',#4942,#4941,#2585,.T.);
#6194=EDGE_CURVE('',#4942,#4393,#2586,.T.);
#6195=EDGE_CURVE('',#4943,#4942,#2587,.T.);
#6196=EDGE_CURVE('',#4943,#4392,#2588,.T.);
#6197=EDGE_CURVE('',#4944,#4943,#2589,.T.);
#6198=EDGE_CURVE('',#4944,#4391,#2590,.T.);
#6199=EDGE_CURVE('',#4945,#4944,#2591,.T.);
#6200=EDGE_CURVE('',#4945,#4390,#2592,.T.);
#6201=EDGE_CURVE('',#4946,#4945,#2593,.T.);
#6202=EDGE_CURVE('',#4946,#4389,#2594,.T.);
#6203=EDGE_CURVE('',#4947,#4946,#2595,.T.);
#6204=EDGE_CURVE('',#4947,#4388,#2596,.T.);
#6205=EDGE_CURVE('',#4948,#4947,#2597,.T.);
#6206=EDGE_CURVE('',#4948,#4387,#2598,.T.);
#6207=EDGE_CURVE('',#4949,#4948,#2599,.T.);
#6208=EDGE_CURVE('',#4949,#4386,#2600,.T.);
#6209=EDGE_CURVE('',#4950,#4949,#2601,.T.);
#6210=EDGE_CURVE('',#4950,#4385,#2602,.T.);
#6211=EDGE_CURVE('',#4951,#4950,#2603,.T.);
#6212=EDGE_CURVE('',#4951,#4384,#2604,.T.);
#6213=EDGE_CURVE('',#4952,#4951,#2605,.T.);
#6214=EDGE_CURVE('',#4952,#4383,#2606,.T.);
#6215=EDGE_CURVE('',#4953,#4952,#2607,.T.);
#6216=EDGE_CURVE('',#4953,#4382,#2608,.T.);
#6217=EDGE_CURVE('',#4954,#4953,#2609,.T.);
#6218=EDGE_CURVE('',#4954,#4381,#2610,.T.);
#6219=EDGE_CURVE('',#4955,#4954,#2611,.T.);
#6220=EDGE_CURVE('',#4955,#4380,#2612,.T.);
#6221=EDGE_CURVE('',#4956,#4955,#2613,.T.);
#6222=EDGE_CURVE('',#4956,#4379,#2614,.T.);
#6223=EDGE_CURVE('',#4957,#4956,#2615,.T.);
#6224=EDGE_CURVE('',#4957,#4378,#2616,.T.);
#6225=EDGE_CURVE('',#4958,#4957,#2617,.T.);
#6226=EDGE_CURVE('',#4958,#4377,#2618,.T.);
#6227=EDGE_CURVE('',#4959,#4958,#2619,.T.);
#6228=EDGE_CURVE('',#4959,#4376,#2620,.T.);
#6229=EDGE_CURVE('',#4960,#4959,#2621,.T.);
#6230=EDGE_CURVE('',#4960,#4375,#2622,.T.);
#6231=EDGE_CURVE('',#4961,#4960,#2623,.T.);
#6232=EDGE_CURVE('',#4961,#4374,#2624,.T.);
#6233=EDGE_CURVE('',#4912,#4961,#2625,.T.);
#6234=EDGE_CURVE('',#4962,#4963,#2626,.T.);
#6235=EDGE_CURVE('',#4963,#4228,#2627,.T.);
#6236=EDGE_CURVE('',#4962,#4227,#2628,.T.);
#6237=EDGE_CURVE('',#4964,#4962,#2629,.T.);
#6238=EDGE_CURVE('',#4964,#4319,#2630,.T.);
#6239=EDGE_CURVE('',#4965,#4964,#2631,.T.);
#6240=EDGE_CURVE('',#4965,#4318,#2632,.T.);
#6241=EDGE_CURVE('',#4966,#4965,#2633,.T.);
#6242=EDGE_CURVE('',#4966,#4317,#2634,.T.);
#6243=EDGE_CURVE('',#4967,#4966,#2635,.T.);
#6244=EDGE_CURVE('',#4967,#4316,#2636,.T.);
#6245=EDGE_CURVE('',#4968,#4967,#2637,.T.);
#6246=EDGE_CURVE('',#4968,#4315,#2638,.T.);
#6247=EDGE_CURVE('',#4969,#4968,#2639,.T.);
#6248=EDGE_CURVE('',#4969,#4314,#2640,.T.);
#6249=EDGE_CURVE('',#4970,#4969,#2641,.T.);
#6250=EDGE_CURVE('',#4970,#4313,#2642,.T.);
#6251=EDGE_CURVE('',#4971,#4970,#2643,.T.);
#6252=EDGE_CURVE('',#4971,#4312,#2644,.T.);
#6253=EDGE_CURVE('',#4972,#4971,#2645,.T.);
#6254=EDGE_CURVE('',#4972,#4311,#2646,.T.);
#6255=EDGE_CURVE('',#4973,#4972,#2647,.T.);
#6256=EDGE_CURVE('',#4973,#4310,#2648,.T.);
#6257=EDGE_CURVE('',#4974,#4973,#2649,.T.);
#6258=EDGE_CURVE('',#4974,#4309,#2650,.T.);
#6259=EDGE_CURVE('',#4975,#4974,#2651,.T.);
#6260=EDGE_CURVE('',#4975,#4308,#2652,.T.);
#6261=EDGE_CURVE('',#4976,#4975,#2653,.T.);
#6262=EDGE_CURVE('',#4976,#4307,#2654,.T.);
#6263=EDGE_CURVE('',#4977,#4976,#2655,.T.);
#6264=EDGE_CURVE('',#4977,#4306,#2656,.T.);
#6265=EDGE_CURVE('',#4978,#4977,#2657,.T.);
#6266=EDGE_CURVE('',#4978,#4305,#2658,.T.);
#6267=EDGE_CURVE('',#4979,#4978,#2659,.T.);
#6268=EDGE_CURVE('',#4979,#4304,#2660,.T.);
#6269=EDGE_CURVE('',#4980,#4979,#2661,.T.);
#6270=EDGE_CURVE('',#4980,#4303,#2662,.T.);
#6271=EDGE_CURVE('',#4981,#4980,#2663,.T.);
#6272=EDGE_CURVE('',#4981,#4302,#2664,.T.);
#6273=EDGE_CURVE('',#4982,#4981,#2665,.T.);
#6274=EDGE_CURVE('',#4982,#4301,#2666,.T.);
#6275=EDGE_CURVE('',#4983,#4982,#2667,.T.);
#6276=EDGE_CURVE('',#4983,#4300,#2668,.T.);
#6277=EDGE_CURVE('',#4984,#4983,#2669,.T.);
#6278=EDGE_CURVE('',#4984,#4299,#2670,.T.);
#6279=EDGE_CURVE('',#4985,#4984,#2671,.T.);
#6280=EDGE_CURVE('',#4985,#4298,#2672,.T.);
#6281=EDGE_CURVE('',#4986,#4985,#2673,.T.);
#6282=EDGE_CURVE('',#4986,#4297,#2674,.T.);
#6283=EDGE_CURVE('',#4987,#4986,#2675,.T.);
#6284=EDGE_CURVE('',#4987,#4296,#2676,.T.);
#6285=EDGE_CURVE('',#4988,#4987,#2677,.T.);
#6286=EDGE_CURVE('',#4988,#4295,#2678,.T.);
#6287=EDGE_CURVE('',#4989,#4988,#2679,.T.);
#6288=EDGE_CURVE('',#4989,#4294,#2680,.T.);
#6289=EDGE_CURVE('',#4990,#4989,#2681,.T.);
#6290=EDGE_CURVE('',#4990,#4293,#2682,.T.);
#6291=EDGE_CURVE('',#4991,#4990,#2683,.T.);
#6292=EDGE_CURVE('',#4991,#4292,#2684,.T.);
#6293=EDGE_CURVE('',#4992,#4991,#2685,.T.);
#6294=EDGE_CURVE('',#4992,#4291,#2686,.T.);
#6295=EDGE_CURVE('',#4993,#4992,#2687,.T.);
#6296=EDGE_CURVE('',#4993,#4290,#2688,.T.);
#6297=EDGE_CURVE('',#4994,#4993,#2689,.T.);
#6298=EDGE_CURVE('',#4994,#4289,#2690,.T.);
#6299=EDGE_CURVE('',#4995,#4994,#2691,.T.);
#6300=EDGE_CURVE('',#4995,#4288,#2692,.T.);
#6301=EDGE_CURVE('',#4996,#4995,#2693,.T.);
#6302=EDGE_CURVE('',#4996,#4287,#2694,.T.);
#6303=EDGE_CURVE('',#4997,#4996,#2695,.T.);
#6304=EDGE_CURVE('',#4997,#4286,#2696,.T.);
#6305=EDGE_CURVE('',#4998,#4997,#2697,.T.);
#6306=EDGE_CURVE('',#4998,#4285,#2698,.T.);
#6307=EDGE_CURVE('',#4999,#4998,#2699,.T.);
#6308=EDGE_CURVE('',#4999,#4284,#2700,.T.);
#6309=EDGE_CURVE('',#5000,#4999,#2701,.T.);
#6310=EDGE_CURVE('',#5000,#4283,#2702,.T.);
#6311=EDGE_CURVE('',#5001,#5000,#2703,.T.);
#6312=EDGE_CURVE('',#5001,#4282,#2704,.T.);
#6313=EDGE_CURVE('',#5002,#5001,#2705,.T.);
#6314=EDGE_CURVE('',#5002,#4281,#2706,.T.);
#6315=EDGE_CURVE('',#5003,#5002,#2707,.T.);
#6316=EDGE_CURVE('',#5003,#4280,#2708,.T.);
#6317=EDGE_CURVE('',#5004,#5003,#2709,.T.);
#6318=EDGE_CURVE('',#5004,#4279,#2710,.T.);
#6319=EDGE_CURVE('',#5005,#5004,#2711,.T.);
#6320=EDGE_CURVE('',#5005,#4278,#2712,.T.);
#6321=EDGE_CURVE('',#5006,#5005,#2713,.T.);
#6322=EDGE_CURVE('',#5006,#4277,#2714,.T.);
#6323=EDGE_CURVE('',#5007,#5006,#2715,.T.);
#6324=EDGE_CURVE('',#5007,#4276,#2716,.T.);
#6325=EDGE_CURVE('',#5008,#5007,#2717,.T.);
#6326=EDGE_CURVE('',#5008,#4275,#2718,.T.);
#6327=EDGE_CURVE('',#5009,#5008,#2719,.T.);
#6328=EDGE_CURVE('',#5009,#4274,#2720,.T.);
#6329=EDGE_CURVE('',#5010,#5009,#2721,.T.);
#6330=EDGE_CURVE('',#5010,#4273,#2722,.T.);
#6331=EDGE_CURVE('',#5011,#5010,#2723,.T.);
#6332=EDGE_CURVE('',#5011,#4272,#2724,.T.);
#6333=EDGE_CURVE('',#5012,#5011,#2725,.T.);
#6334=EDGE_CURVE('',#5012,#4271,#2726,.T.);
#6335=EDGE_CURVE('',#5013,#5012,#2727,.T.);
#6336=EDGE_CURVE('',#5013,#4270,#2728,.T.);
#6337=EDGE_CURVE('',#5014,#5013,#2729,.T.);
#6338=EDGE_CURVE('',#5014,#4269,#2730,.T.);
#6339=EDGE_CURVE('',#5015,#5014,#2731,.T.);
#6340=EDGE_CURVE('',#5015,#4268,#2732,.T.);
#6341=EDGE_CURVE('',#5016,#5015,#2733,.T.);
#6342=EDGE_CURVE('',#5016,#4267,#2734,.T.);
#6343=EDGE_CURVE('',#5017,#5016,#2735,.T.);
#6344=EDGE_CURVE('',#5017,#4266,#2736,.T.);
#6345=EDGE_CURVE('',#5018,#5017,#2737,.T.);
#6346=EDGE_CURVE('',#5018,#4265,#2738,.T.);
#6347=EDGE_CURVE('',#5019,#5018,#2739,.T.);
#6348=EDGE_CURVE('',#5019,#4264,#2740,.T.);
#6349=EDGE_CURVE('',#5020,#5019,#2741,.T.);
#6350=EDGE_CURVE('',#5020,#4263,#2742,.T.);
#6351=EDGE_CURVE('',#5021,#5020,#2743,.T.);
#6352=EDGE_CURVE('',#5021,#4262,#2744,.T.);
#6353=EDGE_CURVE('',#5022,#5021,#2745,.T.);
#6354=EDGE_CURVE('',#5022,#4261,#2746,.T.);
#6355=EDGE_CURVE('',#5023,#5022,#2747,.T.);
#6356=EDGE_CURVE('',#5023,#4260,#2748,.T.);
#6357=EDGE_CURVE('',#5024,#5023,#2749,.T.);
#6358=EDGE_CURVE('',#5024,#4259,#2750,.T.);
#6359=EDGE_CURVE('',#5025,#5024,#2751,.T.);
#6360=EDGE_CURVE('',#5025,#4258,#2752,.T.);
#6361=EDGE_CURVE('',#5026,#5025,#2753,.T.);
#6362=EDGE_CURVE('',#5026,#4257,#2754,.T.);
#6363=EDGE_CURVE('',#5027,#5026,#2755,.T.);
#6364=EDGE_CURVE('',#5027,#4256,#2756,.T.);
#6365=EDGE_CURVE('',#5028,#5027,#2757,.T.);
#6366=EDGE_CURVE('',#5028,#4255,#2758,.T.);
#6367=EDGE_CURVE('',#5029,#5028,#2759,.T.);
#6368=EDGE_CURVE('',#5029,#4254,#2760,.T.);
#6369=EDGE_CURVE('',#5030,#5029,#2761,.T.);
#6370=EDGE_CURVE('',#5030,#4253,#2762,.T.);
#6371=EDGE_CURVE('',#5031,#5030,#2763,.T.);
#6372=EDGE_CURVE('',#5031,#4252,#2764,.T.);
#6373=EDGE_CURVE('',#5032,#5031,#2765,.T.);
#6374=EDGE_CURVE('',#5032,#4251,#2766,.T.);
#6375=EDGE_CURVE('',#5033,#5032,#2767,.T.);
#6376=EDGE_CURVE('',#5033,#4250,#2768,.T.);
#6377=EDGE_CURVE('',#5034,#5033,#2769,.T.);
#6378=EDGE_CURVE('',#5034,#4249,#2770,.T.);
#6379=EDGE_CURVE('',#5035,#5034,#2771,.T.);
#6380=EDGE_CURVE('',#5035,#4248,#2772,.T.);
#6381=EDGE_CURVE('',#5036,#5035,#2773,.T.);
#6382=EDGE_CURVE('',#5036,#4247,#2774,.T.);
#6383=EDGE_CURVE('',#5037,#5036,#2775,.T.);
#6384=EDGE_CURVE('',#5037,#4246,#2776,.T.);
#6385=EDGE_CURVE('',#5038,#5037,#2777,.T.);
#6386=EDGE_CURVE('',#5038,#4245,#2778,.T.);
#6387=EDGE_CURVE('',#5039,#5038,#2779,.T.);
#6388=EDGE_CURVE('',#5039,#4244,#2780,.T.);
#6389=EDGE_CURVE('',#5040,#5039,#2781,.T.);
#6390=EDGE_CURVE('',#5040,#4243,#2782,.T.);
#6391=EDGE_CURVE('',#5041,#5040,#2783,.T.);
#6392=EDGE_CURVE('',#5041,#4242,#2784,.T.);
#6393=EDGE_CURVE('',#5042,#5041,#2785,.T.);
#6394=EDGE_CURVE('',#5042,#4241,#2786,.T.);
#6395=EDGE_CURVE('',#5043,#5042,#2787,.T.);
#6396=EDGE_CURVE('',#5043,#4240,#2788,.T.);
#6397=EDGE_CURVE('',#5044,#5043,#2789,.T.);
#6398=EDGE_CURVE('',#5044,#4239,#2790,.T.);
#6399=EDGE_CURVE('',#5045,#5044,#2791,.T.);
#6400=EDGE_CURVE('',#5045,#4238,#2792,.T.);
#6401=EDGE_CURVE('',#5046,#5045,#2793,.T.);
#6402=EDGE_CURVE('',#5046,#4237,#2794,.T.);
#6403=EDGE_CURVE('',#5047,#5046,#2795,.T.);
#6404=EDGE_CURVE('',#5047,#4236,#2796,.T.);
#6405=EDGE_CURVE('',#5048,#5047,#2797,.T.);
#6406=EDGE_CURVE('',#5048,#4235,#2798,.T.);
#6407=EDGE_CURVE('',#5049,#5048,#2799,.T.);
#6408=EDGE_CURVE('',#5049,#4234,#2800,.T.);
#6409=EDGE_CURVE('',#5050,#5049,#2801,.T.);
#6410=EDGE_CURVE('',#5050,#4233,#2802,.T.);
#6411=EDGE_CURVE('',#5051,#5050,#2803,.T.);
#6412=EDGE_CURVE('',#5051,#4232,#2804,.T.);
#6413=EDGE_CURVE('',#5052,#5051,#2805,.T.);
#6414=EDGE_CURVE('',#5052,#4231,#2806,.T.);
#6415=EDGE_CURVE('',#5053,#5052,#2807,.T.);
#6416=EDGE_CURVE('',#5053,#4230,#2808,.T.);
#6417=EDGE_CURVE('',#5054,#5053,#2809,.T.);
#6418=EDGE_CURVE('',#5054,#4229,#2810,.T.);
#6419=EDGE_CURVE('',#4963,#5054,#2811,.T.);
#6420=ORIENTED_EDGE('',*,*,#5055,.F.);
#6421=ORIENTED_EDGE('',*,*,#5056,.T.);
#6422=ORIENTED_EDGE('',*,*,#5057,.F.);
#6423=ORIENTED_EDGE('',*,*,#5058,.F.);
#6424=ORIENTED_EDGE('',*,*,#5059,.F.);
#6425=ORIENTED_EDGE('',*,*,#5060,.F.);
#6426=ORIENTED_EDGE('',*,*,#5061,.F.);
#6427=ORIENTED_EDGE('',*,*,#5062,.F.);
#6428=ORIENTED_EDGE('',*,*,#5063,.F.);
#6429=ORIENTED_EDGE('',*,*,#5064,.F.);
#6430=ORIENTED_EDGE('',*,*,#5065,.F.);
#6431=ORIENTED_EDGE('',*,*,#5066,.F.);
#6432=ORIENTED_EDGE('',*,*,#5067,.F.);
#6433=ORIENTED_EDGE('',*,*,#5068,.F.);
#6434=ORIENTED_EDGE('',*,*,#5069,.F.);
#6435=ORIENTED_EDGE('',*,*,#5070,.F.);
#6436=ORIENTED_EDGE('',*,*,#5071,.F.);
#6437=ORIENTED_EDGE('',*,*,#5072,.F.);
#6438=ORIENTED_EDGE('',*,*,#5073,.F.);
#6439=ORIENTED_EDGE('',*,*,#5074,.F.);
#6440=ORIENTED_EDGE('',*,*,#5075,.F.);
#6441=ORIENTED_EDGE('',*,*,#5076,.F.);
#6442=ORIENTED_EDGE('',*,*,#5077,.F.);
#6443=ORIENTED_EDGE('',*,*,#5078,.F.);
#6444=ORIENTED_EDGE('',*,*,#5079,.F.);
#6445=ORIENTED_EDGE('',*,*,#5080,.F.);
#6446=ORIENTED_EDGE('',*,*,#5081,.F.);
#6447=ORIENTED_EDGE('',*,*,#5082,.F.);
#6448=ORIENTED_EDGE('',*,*,#5083,.F.);
#6449=ORIENTED_EDGE('',*,*,#5084,.F.);
#6450=ORIENTED_EDGE('',*,*,#5085,.F.);
#6451=ORIENTED_EDGE('',*,*,#5086,.F.);
#6452=ORIENTED_EDGE('',*,*,#5087,.F.);
#6453=ORIENTED_EDGE('',*,*,#5088,.F.);
#6454=ORIENTED_EDGE('',*,*,#5089,.F.);
#6455=ORIENTED_EDGE('',*,*,#5090,.F.);
#6456=ORIENTED_EDGE('',*,*,#5091,.F.);
#6457=ORIENTED_EDGE('',*,*,#5092,.F.);
#6458=ORIENTED_EDGE('',*,*,#5093,.F.);
#6459=ORIENTED_EDGE('',*,*,#5094,.F.);
#6460=ORIENTED_EDGE('',*,*,#5095,.F.);
#6461=ORIENTED_EDGE('',*,*,#5096,.F.);
#6462=ORIENTED_EDGE('',*,*,#5097,.F.);
#6463=ORIENTED_EDGE('',*,*,#5098,.F.);
#6464=ORIENTED_EDGE('',*,*,#5099,.F.);
#6465=ORIENTED_EDGE('',*,*,#5100,.F.);
#6466=ORIENTED_EDGE('',*,*,#5101,.F.);
#6467=ORIENTED_EDGE('',*,*,#5102,.F.);
#6468=ORIENTED_EDGE('',*,*,#5103,.F.);
#6469=ORIENTED_EDGE('',*,*,#5104,.F.);
#6470=ORIENTED_EDGE('',*,*,#5105,.F.);
#6471=ORIENTED_EDGE('',*,*,#5056,.F.);
#6472=ORIENTED_EDGE('',*,*,#5106,.T.);
#6473=ORIENTED_EDGE('',*,*,#5107,.T.);
#6474=ORIENTED_EDGE('',*,*,#5108,.T.);
#6475=ORIENTED_EDGE('',*,*,#5109,.T.);
#6476=ORIENTED_EDGE('',*,*,#5110,.T.);
#6477=ORIENTED_EDGE('',*,*,#5111,.T.);
#6478=ORIENTED_EDGE('',*,*,#5112,.T.);
#6479=ORIENTED_EDGE('',*,*,#5113,.T.);
#6480=ORIENTED_EDGE('',*,*,#5114,.T.);
#6481=ORIENTED_EDGE('',*,*,#5115,.T.);
#6482=ORIENTED_EDGE('',*,*,#5116,.T.);
#6483=ORIENTED_EDGE('',*,*,#5117,.T.);
#6484=ORIENTED_EDGE('',*,*,#5118,.T.);
#6485=ORIENTED_EDGE('',*,*,#5119,.T.);
#6486=ORIENTED_EDGE('',*,*,#5120,.T.);
#6487=ORIENTED_EDGE('',*,*,#5121,.T.);
#6488=ORIENTED_EDGE('',*,*,#5122,.T.);
#6489=ORIENTED_EDGE('',*,*,#5123,.T.);
#6490=ORIENTED_EDGE('',*,*,#5124,.T.);
#6491=ORIENTED_EDGE('',*,*,#5125,.T.);
#6492=ORIENTED_EDGE('',*,*,#5126,.T.);
#6493=ORIENTED_EDGE('',*,*,#5127,.T.);
#6494=ORIENTED_EDGE('',*,*,#5128,.T.);
#6495=ORIENTED_EDGE('',*,*,#5129,.T.);
#6496=ORIENTED_EDGE('',*,*,#5130,.T.);
#6497=ORIENTED_EDGE('',*,*,#5131,.T.);
#6498=ORIENTED_EDGE('',*,*,#5132,.T.);
#6499=ORIENTED_EDGE('',*,*,#5133,.T.);
#6500=ORIENTED_EDGE('',*,*,#5134,.T.);
#6501=ORIENTED_EDGE('',*,*,#5135,.T.);
#6502=ORIENTED_EDGE('',*,*,#5136,.T.);
#6503=ORIENTED_EDGE('',*,*,#5137,.T.);
#6504=ORIENTED_EDGE('',*,*,#5138,.T.);
#6505=ORIENTED_EDGE('',*,*,#5139,.T.);
#6506=ORIENTED_EDGE('',*,*,#5140,.T.);
#6507=ORIENTED_EDGE('',*,*,#5141,.T.);
#6508=ORIENTED_EDGE('',*,*,#5142,.T.);
#6509=ORIENTED_EDGE('',*,*,#5143,.T.);
#6510=ORIENTED_EDGE('',*,*,#5144,.T.);
#6511=ORIENTED_EDGE('',*,*,#5145,.T.);
#6512=ORIENTED_EDGE('',*,*,#5146,.T.);
#6513=ORIENTED_EDGE('',*,*,#5147,.T.);
#6514=ORIENTED_EDGE('',*,*,#5148,.T.);
#6515=ORIENTED_EDGE('',*,*,#5149,.T.);
#6516=ORIENTED_EDGE('',*,*,#5150,.T.);
#6517=ORIENTED_EDGE('',*,*,#5151,.T.);
#6518=ORIENTED_EDGE('',*,*,#5152,.T.);
#6519=ORIENTED_EDGE('',*,*,#5153,.T.);
#6520=ORIENTED_EDGE('',*,*,#5154,.T.);
#6521=ORIENTED_EDGE('',*,*,#5155,.T.);
#6522=ORIENTED_EDGE('',*,*,#5156,.T.);
#6523=ORIENTED_EDGE('',*,*,#5157,.T.);
#6524=ORIENTED_EDGE('',*,*,#5158,.T.);
#6525=ORIENTED_EDGE('',*,*,#5159,.T.);
#6526=ORIENTED_EDGE('',*,*,#5160,.T.);
#6527=ORIENTED_EDGE('',*,*,#5161,.T.);
#6528=ORIENTED_EDGE('',*,*,#5162,.T.);
#6529=ORIENTED_EDGE('',*,*,#5163,.T.);
#6530=ORIENTED_EDGE('',*,*,#5164,.T.);
#6531=ORIENTED_EDGE('',*,*,#5165,.T.);
#6532=ORIENTED_EDGE('',*,*,#5166,.T.);
#6533=ORIENTED_EDGE('',*,*,#5167,.T.);
#6534=ORIENTED_EDGE('',*,*,#5168,.T.);
#6535=ORIENTED_EDGE('',*,*,#5169,.T.);
#6536=ORIENTED_EDGE('',*,*,#5170,.T.);
#6537=ORIENTED_EDGE('',*,*,#5171,.T.);
#6538=ORIENTED_EDGE('',*,*,#5172,.T.);
#6539=ORIENTED_EDGE('',*,*,#5173,.T.);
#6540=ORIENTED_EDGE('',*,*,#5174,.T.);
#6541=ORIENTED_EDGE('',*,*,#5175,.T.);
#6542=ORIENTED_EDGE('',*,*,#5176,.T.);
#6543=ORIENTED_EDGE('',*,*,#5177,.T.);
#6544=ORIENTED_EDGE('',*,*,#5178,.T.);
#6545=ORIENTED_EDGE('',*,*,#5179,.T.);
#6546=ORIENTED_EDGE('',*,*,#5180,.T.);
#6547=ORIENTED_EDGE('',*,*,#5181,.T.);
#6548=ORIENTED_EDGE('',*,*,#5182,.T.);
#6549=ORIENTED_EDGE('',*,*,#5183,.T.);
#6550=ORIENTED_EDGE('',*,*,#5184,.T.);
#6551=ORIENTED_EDGE('',*,*,#5185,.T.);
#6552=ORIENTED_EDGE('',*,*,#5186,.T.);
#6553=ORIENTED_EDGE('',*,*,#5187,.T.);
#6554=ORIENTED_EDGE('',*,*,#5188,.T.);
#6555=ORIENTED_EDGE('',*,*,#5189,.T.);
#6556=ORIENTED_EDGE('',*,*,#5190,.T.);
#6557=ORIENTED_EDGE('',*,*,#5191,.T.);
#6558=ORIENTED_EDGE('',*,*,#5192,.T.);
#6559=ORIENTED_EDGE('',*,*,#5193,.T.);
#6560=ORIENTED_EDGE('',*,*,#5194,.T.);
#6561=ORIENTED_EDGE('',*,*,#5195,.T.);
#6562=ORIENTED_EDGE('',*,*,#5196,.T.);
#6563=ORIENTED_EDGE('',*,*,#5197,.T.);
#6564=ORIENTED_EDGE('',*,*,#5198,.T.);
#6565=ORIENTED_EDGE('',*,*,#5199,.T.);
#6566=ORIENTED_EDGE('',*,*,#5200,.T.);
#6567=ORIENTED_EDGE('',*,*,#5201,.T.);
#6568=ORIENTED_EDGE('',*,*,#5202,.T.);
#6569=ORIENTED_EDGE('',*,*,#5203,.T.);
#6570=ORIENTED_EDGE('',*,*,#5204,.T.);
#6571=ORIENTED_EDGE('',*,*,#5205,.T.);
#6572=ORIENTED_EDGE('',*,*,#5206,.T.);
#6573=ORIENTED_EDGE('',*,*,#5207,.T.);
#6574=ORIENTED_EDGE('',*,*,#5208,.T.);
#6575=ORIENTED_EDGE('',*,*,#5209,.T.);
#6576=ORIENTED_EDGE('',*,*,#5210,.T.);
#6577=ORIENTED_EDGE('',*,*,#5211,.T.);
#6578=ORIENTED_EDGE('',*,*,#5212,.T.);
#6579=ORIENTED_EDGE('',*,*,#5213,.T.);
#6580=ORIENTED_EDGE('',*,*,#5214,.T.);
#6581=ORIENTED_EDGE('',*,*,#5215,.T.);
#6582=ORIENTED_EDGE('',*,*,#5216,.T.);
#6583=ORIENTED_EDGE('',*,*,#5217,.T.);
#6584=ORIENTED_EDGE('',*,*,#5218,.T.);
#6585=ORIENTED_EDGE('',*,*,#5219,.T.);
#6586=ORIENTED_EDGE('',*,*,#5220,.T.);
#6587=ORIENTED_EDGE('',*,*,#5221,.T.);
#6588=ORIENTED_EDGE('',*,*,#5222,.T.);
#6589=ORIENTED_EDGE('',*,*,#5223,.T.);
#6590=ORIENTED_EDGE('',*,*,#5224,.T.);
#6591=ORIENTED_EDGE('',*,*,#5225,.T.);
#6592=ORIENTED_EDGE('',*,*,#5226,.T.);
#6593=ORIENTED_EDGE('',*,*,#5227,.T.);
#6594=ORIENTED_EDGE('',*,*,#5228,.T.);
#6595=ORIENTED_EDGE('',*,*,#5229,.T.);
#6596=ORIENTED_EDGE('',*,*,#5230,.T.);
#6597=ORIENTED_EDGE('',*,*,#5231,.T.);
#6598=ORIENTED_EDGE('',*,*,#5232,.T.);
#6599=ORIENTED_EDGE('',*,*,#5233,.T.);
#6600=ORIENTED_EDGE('',*,*,#5234,.T.);
#6601=ORIENTED_EDGE('',*,*,#5235,.T.);
#6602=ORIENTED_EDGE('',*,*,#5236,.T.);
#6603=ORIENTED_EDGE('',*,*,#5237,.T.);
#6604=ORIENTED_EDGE('',*,*,#5238,.T.);
#6605=ORIENTED_EDGE('',*,*,#5239,.T.);
#6606=ORIENTED_EDGE('',*,*,#5240,.T.);
#6607=ORIENTED_EDGE('',*,*,#5241,.T.);
#6608=ORIENTED_EDGE('',*,*,#5242,.T.);
#6609=ORIENTED_EDGE('',*,*,#5243,.T.);
#6610=ORIENTED_EDGE('',*,*,#5244,.T.);
#6611=ORIENTED_EDGE('',*,*,#5245,.T.);
#6612=ORIENTED_EDGE('',*,*,#5246,.T.);
#6613=ORIENTED_EDGE('',*,*,#5247,.T.);
#6614=ORIENTED_EDGE('',*,*,#5248,.T.);
#6615=ORIENTED_EDGE('',*,*,#5249,.T.);
#6616=ORIENTED_EDGE('',*,*,#5250,.T.);
#6617=ORIENTED_EDGE('',*,*,#5251,.T.);
#6618=ORIENTED_EDGE('',*,*,#5252,.T.);
#6619=ORIENTED_EDGE('',*,*,#5253,.T.);
#6620=ORIENTED_EDGE('',*,*,#5254,.T.);
#6621=ORIENTED_EDGE('',*,*,#5255,.T.);
#6622=ORIENTED_EDGE('',*,*,#5256,.T.);
#6623=ORIENTED_EDGE('',*,*,#5257,.T.);
#6624=ORIENTED_EDGE('',*,*,#5258,.T.);
#6625=ORIENTED_EDGE('',*,*,#5259,.T.);
#6626=ORIENTED_EDGE('',*,*,#5260,.T.);
#6627=ORIENTED_EDGE('',*,*,#5261,.T.);
#6628=ORIENTED_EDGE('',*,*,#5262,.T.);
#6629=ORIENTED_EDGE('',*,*,#5263,.T.);
#6630=ORIENTED_EDGE('',*,*,#5264,.T.);
#6631=ORIENTED_EDGE('',*,*,#5265,.T.);
#6632=ORIENTED_EDGE('',*,*,#5266,.T.);
#6633=ORIENTED_EDGE('',*,*,#5267,.T.);
#6634=ORIENTED_EDGE('',*,*,#5268,.T.);
#6635=ORIENTED_EDGE('',*,*,#5269,.T.);
#6636=ORIENTED_EDGE('',*,*,#5270,.T.);
#6637=ORIENTED_EDGE('',*,*,#5271,.T.);
#6638=ORIENTED_EDGE('',*,*,#5272,.T.);
#6639=ORIENTED_EDGE('',*,*,#5273,.T.);
#6640=ORIENTED_EDGE('',*,*,#5274,.T.);
#6641=ORIENTED_EDGE('',*,*,#5275,.T.);
#6642=ORIENTED_EDGE('',*,*,#5276,.T.);
#6643=ORIENTED_EDGE('',*,*,#5277,.T.);
#6644=ORIENTED_EDGE('',*,*,#5278,.T.);
#6645=ORIENTED_EDGE('',*,*,#5279,.T.);
#6646=ORIENTED_EDGE('',*,*,#5280,.T.);
#6647=ORIENTED_EDGE('',*,*,#5281,.T.);
#6648=ORIENTED_EDGE('',*,*,#5282,.T.);
#6649=ORIENTED_EDGE('',*,*,#5283,.T.);
#6650=ORIENTED_EDGE('',*,*,#5284,.T.);
#6651=ORIENTED_EDGE('',*,*,#5285,.T.);
#6652=ORIENTED_EDGE('',*,*,#5286,.T.);
#6653=ORIENTED_EDGE('',*,*,#5287,.T.);
#6654=ORIENTED_EDGE('',*,*,#5288,.T.);
#6655=ORIENTED_EDGE('',*,*,#5289,.T.);
#6656=ORIENTED_EDGE('',*,*,#5290,.T.);
#6657=ORIENTED_EDGE('',*,*,#5291,.T.);
#6658=ORIENTED_EDGE('',*,*,#5292,.T.);
#6659=ORIENTED_EDGE('',*,*,#5293,.T.);
#6660=ORIENTED_EDGE('',*,*,#5294,.T.);
#6661=ORIENTED_EDGE('',*,*,#5295,.T.);
#6662=ORIENTED_EDGE('',*,*,#5296,.T.);
#6663=ORIENTED_EDGE('',*,*,#5297,.T.);
#6664=ORIENTED_EDGE('',*,*,#5298,.T.);
#6665=ORIENTED_EDGE('',*,*,#5299,.T.);
#6666=ORIENTED_EDGE('',*,*,#5300,.T.);
#6667=ORIENTED_EDGE('',*,*,#5055,.T.);
#6668=ORIENTED_EDGE('',*,*,#5301,.T.);
#6669=ORIENTED_EDGE('',*,*,#5302,.T.);
#6670=ORIENTED_EDGE('',*,*,#5303,.T.);
#6671=ORIENTED_EDGE('',*,*,#5304,.T.);
#6672=ORIENTED_EDGE('',*,*,#5305,.T.);
#6673=ORIENTED_EDGE('',*,*,#5306,.T.);
#6674=ORIENTED_EDGE('',*,*,#5307,.T.);
#6675=ORIENTED_EDGE('',*,*,#5308,.T.);
#6676=ORIENTED_EDGE('',*,*,#5309,.T.);
#6677=ORIENTED_EDGE('',*,*,#5310,.T.);
#6678=ORIENTED_EDGE('',*,*,#5311,.T.);
#6679=ORIENTED_EDGE('',*,*,#5312,.T.);
#6680=ORIENTED_EDGE('',*,*,#5313,.T.);
#6681=ORIENTED_EDGE('',*,*,#5314,.T.);
#6682=ORIENTED_EDGE('',*,*,#5315,.T.);
#6683=ORIENTED_EDGE('',*,*,#5316,.T.);
#6684=ORIENTED_EDGE('',*,*,#5317,.T.);
#6685=ORIENTED_EDGE('',*,*,#5318,.T.);
#6686=ORIENTED_EDGE('',*,*,#5319,.T.);
#6687=ORIENTED_EDGE('',*,*,#5320,.T.);
#6688=ORIENTED_EDGE('',*,*,#5321,.T.);
#6689=ORIENTED_EDGE('',*,*,#5322,.T.);
#6690=ORIENTED_EDGE('',*,*,#5323,.T.);
#6691=ORIENTED_EDGE('',*,*,#5324,.T.);
#6692=ORIENTED_EDGE('',*,*,#5325,.T.);
#6693=ORIENTED_EDGE('',*,*,#5326,.T.);
#6694=ORIENTED_EDGE('',*,*,#5327,.T.);
#6695=ORIENTED_EDGE('',*,*,#5328,.T.);
#6696=ORIENTED_EDGE('',*,*,#5329,.T.);
#6697=ORIENTED_EDGE('',*,*,#5330,.T.);
#6698=ORIENTED_EDGE('',*,*,#5331,.T.);
#6699=ORIENTED_EDGE('',*,*,#5332,.T.);
#6700=ORIENTED_EDGE('',*,*,#5333,.T.);
#6701=ORIENTED_EDGE('',*,*,#5334,.T.);
#6702=ORIENTED_EDGE('',*,*,#5335,.T.);
#6703=ORIENTED_EDGE('',*,*,#5336,.T.);
#6704=ORIENTED_EDGE('',*,*,#5337,.T.);
#6705=ORIENTED_EDGE('',*,*,#5338,.T.);
#6706=ORIENTED_EDGE('',*,*,#5339,.T.);
#6707=ORIENTED_EDGE('',*,*,#5340,.T.);
#6708=ORIENTED_EDGE('',*,*,#5341,.T.);
#6709=ORIENTED_EDGE('',*,*,#5342,.T.);
#6710=ORIENTED_EDGE('',*,*,#5343,.T.);
#6711=ORIENTED_EDGE('',*,*,#5344,.T.);
#6712=ORIENTED_EDGE('',*,*,#5345,.T.);
#6713=ORIENTED_EDGE('',*,*,#5346,.T.);
#6714=ORIENTED_EDGE('',*,*,#5347,.T.);
#6715=ORIENTED_EDGE('',*,*,#5348,.T.);
#6716=ORIENTED_EDGE('',*,*,#5349,.T.);
#6717=ORIENTED_EDGE('',*,*,#5350,.T.);
#6718=ORIENTED_EDGE('',*,*,#5351,.T.);
#6719=ORIENTED_EDGE('',*,*,#5104,.T.);
#6720=ORIENTED_EDGE('',*,*,#5352,.T.);
#6721=ORIENTED_EDGE('',*,*,#5353,.T.);
#6722=ORIENTED_EDGE('',*,*,#5354,.T.);
#6723=ORIENTED_EDGE('',*,*,#5355,.T.);
#6724=ORIENTED_EDGE('',*,*,#5356,.T.);
#6725=ORIENTED_EDGE('',*,*,#5357,.T.);
#6726=ORIENTED_EDGE('',*,*,#5358,.T.);
#6727=ORIENTED_EDGE('',*,*,#5103,.T.);
#6728=ORIENTED_EDGE('',*,*,#5359,.T.);
#6729=ORIENTED_EDGE('',*,*,#5102,.T.);
#6730=ORIENTED_EDGE('',*,*,#5360,.T.);
#6731=ORIENTED_EDGE('',*,*,#5361,.T.);
#6732=ORIENTED_EDGE('',*,*,#5362,.T.);
#6733=ORIENTED_EDGE('',*,*,#5363,.T.);
#6734=ORIENTED_EDGE('',*,*,#5364,.T.);
#6735=ORIENTED_EDGE('',*,*,#5365,.T.);
#6736=ORIENTED_EDGE('',*,*,#5366,.T.);
#6737=ORIENTED_EDGE('',*,*,#5101,.T.);
#6738=ORIENTED_EDGE('',*,*,#5367,.T.);
#6739=ORIENTED_EDGE('',*,*,#5100,.T.);
#6740=ORIENTED_EDGE('',*,*,#5368,.T.);
#6741=ORIENTED_EDGE('',*,*,#5369,.T.);
#6742=ORIENTED_EDGE('',*,*,#5370,.T.);
#6743=ORIENTED_EDGE('',*,*,#5371,.T.);
#6744=ORIENTED_EDGE('',*,*,#5372,.T.);
#6745=ORIENTED_EDGE('',*,*,#5373,.T.);
#6746=ORIENTED_EDGE('',*,*,#5374,.T.);
#6747=ORIENTED_EDGE('',*,*,#5099,.T.);
#6748=ORIENTED_EDGE('',*,*,#5375,.T.);
#6749=ORIENTED_EDGE('',*,*,#5098,.T.);
#6750=ORIENTED_EDGE('',*,*,#5376,.T.);
#6751=ORIENTED_EDGE('',*,*,#5377,.T.);
#6752=ORIENTED_EDGE('',*,*,#5378,.T.);
#6753=ORIENTED_EDGE('',*,*,#5379,.T.);
#6754=ORIENTED_EDGE('',*,*,#5380,.T.);
#6755=ORIENTED_EDGE('',*,*,#5381,.T.);
#6756=ORIENTED_EDGE('',*,*,#5382,.T.);
#6757=ORIENTED_EDGE('',*,*,#5097,.T.);
#6758=ORIENTED_EDGE('',*,*,#5383,.T.);
#6759=ORIENTED_EDGE('',*,*,#5096,.T.);
#6760=ORIENTED_EDGE('',*,*,#5384,.T.);
#6761=ORIENTED_EDGE('',*,*,#5385,.T.);
#6762=ORIENTED_EDGE('',*,*,#5386,.T.);
#6763=ORIENTED_EDGE('',*,*,#5387,.T.);
#6764=ORIENTED_EDGE('',*,*,#5388,.T.);
#6765=ORIENTED_EDGE('',*,*,#5389,.T.);
#6766=ORIENTED_EDGE('',*,*,#5390,.T.);
#6767=ORIENTED_EDGE('',*,*,#5095,.T.);
#6768=ORIENTED_EDGE('',*,*,#5391,.T.);
#6769=ORIENTED_EDGE('',*,*,#5094,.T.);
#6770=ORIENTED_EDGE('',*,*,#5392,.T.);
#6771=ORIENTED_EDGE('',*,*,#5393,.T.);
#6772=ORIENTED_EDGE('',*,*,#5394,.T.);
#6773=ORIENTED_EDGE('',*,*,#5395,.T.);
#6774=ORIENTED_EDGE('',*,*,#5396,.T.);
#6775=ORIENTED_EDGE('',*,*,#5397,.T.);
#6776=ORIENTED_EDGE('',*,*,#5398,.T.);
#6777=ORIENTED_EDGE('',*,*,#5093,.T.);
#6778=ORIENTED_EDGE('',*,*,#5399,.T.);
#6779=ORIENTED_EDGE('',*,*,#5092,.T.);
#6780=ORIENTED_EDGE('',*,*,#5400,.T.);
#6781=ORIENTED_EDGE('',*,*,#5401,.T.);
#6782=ORIENTED_EDGE('',*,*,#5402,.T.);
#6783=ORIENTED_EDGE('',*,*,#5403,.T.);
#6784=ORIENTED_EDGE('',*,*,#5404,.T.);
#6785=ORIENTED_EDGE('',*,*,#5405,.T.);
#6786=ORIENTED_EDGE('',*,*,#5406,.T.);
#6787=ORIENTED_EDGE('',*,*,#5091,.T.);
#6788=ORIENTED_EDGE('',*,*,#5407,.T.);
#6789=ORIENTED_EDGE('',*,*,#5090,.T.);
#6790=ORIENTED_EDGE('',*,*,#5408,.T.);
#6791=ORIENTED_EDGE('',*,*,#5409,.T.);
#6792=ORIENTED_EDGE('',*,*,#5410,.T.);
#6793=ORIENTED_EDGE('',*,*,#5411,.T.);
#6794=ORIENTED_EDGE('',*,*,#5412,.T.);
#6795=ORIENTED_EDGE('',*,*,#5413,.T.);
#6796=ORIENTED_EDGE('',*,*,#5414,.T.);
#6797=ORIENTED_EDGE('',*,*,#5089,.T.);
#6798=ORIENTED_EDGE('',*,*,#5415,.T.);
#6799=ORIENTED_EDGE('',*,*,#5088,.T.);
#6800=ORIENTED_EDGE('',*,*,#5416,.T.);
#6801=ORIENTED_EDGE('',*,*,#5417,.T.);
#6802=ORIENTED_EDGE('',*,*,#5418,.T.);
#6803=ORIENTED_EDGE('',*,*,#5419,.T.);
#6804=ORIENTED_EDGE('',*,*,#5420,.T.);
#6805=ORIENTED_EDGE('',*,*,#5421,.T.);
#6806=ORIENTED_EDGE('',*,*,#5422,.T.);
#6807=ORIENTED_EDGE('',*,*,#5087,.T.);
#6808=ORIENTED_EDGE('',*,*,#5423,.T.);
#6809=ORIENTED_EDGE('',*,*,#5086,.T.);
#6810=ORIENTED_EDGE('',*,*,#5424,.T.);
#6811=ORIENTED_EDGE('',*,*,#5425,.T.);
#6812=ORIENTED_EDGE('',*,*,#5426,.T.);
#6813=ORIENTED_EDGE('',*,*,#5427,.T.);
#6814=ORIENTED_EDGE('',*,*,#5428,.T.);
#6815=ORIENTED_EDGE('',*,*,#5429,.T.);
#6816=ORIENTED_EDGE('',*,*,#5430,.T.);
#6817=ORIENTED_EDGE('',*,*,#5085,.T.);
#6818=ORIENTED_EDGE('',*,*,#5431,.T.);
#6819=ORIENTED_EDGE('',*,*,#5084,.T.);
#6820=ORIENTED_EDGE('',*,*,#5432,.T.);
#6821=ORIENTED_EDGE('',*,*,#5433,.T.);
#6822=ORIENTED_EDGE('',*,*,#5434,.T.);
#6823=ORIENTED_EDGE('',*,*,#5435,.T.);
#6824=ORIENTED_EDGE('',*,*,#5436,.T.);
#6825=ORIENTED_EDGE('',*,*,#5437,.T.);
#6826=ORIENTED_EDGE('',*,*,#5438,.T.);
#6827=ORIENTED_EDGE('',*,*,#5083,.T.);
#6828=ORIENTED_EDGE('',*,*,#5439,.T.);
#6829=ORIENTED_EDGE('',*,*,#5082,.T.);
#6830=ORIENTED_EDGE('',*,*,#5440,.T.);
#6831=ORIENTED_EDGE('',*,*,#5441,.T.);
#6832=ORIENTED_EDGE('',*,*,#5442,.T.);
#6833=ORIENTED_EDGE('',*,*,#5443,.T.);
#6834=ORIENTED_EDGE('',*,*,#5444,.T.);
#6835=ORIENTED_EDGE('',*,*,#5445,.T.);
#6836=ORIENTED_EDGE('',*,*,#5446,.T.);
#6837=ORIENTED_EDGE('',*,*,#5081,.T.);
#6838=ORIENTED_EDGE('',*,*,#5447,.T.);
#6839=ORIENTED_EDGE('',*,*,#5080,.T.);
#6840=ORIENTED_EDGE('',*,*,#5448,.T.);
#6841=ORIENTED_EDGE('',*,*,#5449,.T.);
#6842=ORIENTED_EDGE('',*,*,#5450,.T.);
#6843=ORIENTED_EDGE('',*,*,#5451,.T.);
#6844=ORIENTED_EDGE('',*,*,#5452,.T.);
#6845=ORIENTED_EDGE('',*,*,#5453,.T.);
#6846=ORIENTED_EDGE('',*,*,#5454,.T.);
#6847=ORIENTED_EDGE('',*,*,#5079,.T.);
#6848=ORIENTED_EDGE('',*,*,#5455,.T.);
#6849=ORIENTED_EDGE('',*,*,#5078,.T.);
#6850=ORIENTED_EDGE('',*,*,#5456,.T.);
#6851=ORIENTED_EDGE('',*,*,#5457,.T.);
#6852=ORIENTED_EDGE('',*,*,#5458,.T.);
#6853=ORIENTED_EDGE('',*,*,#5459,.T.);
#6854=ORIENTED_EDGE('',*,*,#5460,.T.);
#6855=ORIENTED_EDGE('',*,*,#5461,.T.);
#6856=ORIENTED_EDGE('',*,*,#5462,.T.);
#6857=ORIENTED_EDGE('',*,*,#5077,.T.);
#6858=ORIENTED_EDGE('',*,*,#5463,.T.);
#6859=ORIENTED_EDGE('',*,*,#5076,.T.);
#6860=ORIENTED_EDGE('',*,*,#5464,.T.);
#6861=ORIENTED_EDGE('',*,*,#5465,.T.);
#6862=ORIENTED_EDGE('',*,*,#5466,.T.);
#6863=ORIENTED_EDGE('',*,*,#5467,.T.);
#6864=ORIENTED_EDGE('',*,*,#5468,.T.);
#6865=ORIENTED_EDGE('',*,*,#5469,.T.);
#6866=ORIENTED_EDGE('',*,*,#5470,.T.);
#6867=ORIENTED_EDGE('',*,*,#5075,.T.);
#6868=ORIENTED_EDGE('',*,*,#5471,.T.);
#6869=ORIENTED_EDGE('',*,*,#5074,.T.);
#6870=ORIENTED_EDGE('',*,*,#5472,.T.);
#6871=ORIENTED_EDGE('',*,*,#5473,.T.);
#6872=ORIENTED_EDGE('',*,*,#5474,.T.);
#6873=ORIENTED_EDGE('',*,*,#5475,.T.);
#6874=ORIENTED_EDGE('',*,*,#5476,.T.);
#6875=ORIENTED_EDGE('',*,*,#5477,.T.);
#6876=ORIENTED_EDGE('',*,*,#5478,.T.);
#6877=ORIENTED_EDGE('',*,*,#5073,.T.);
#6878=ORIENTED_EDGE('',*,*,#5479,.T.);
#6879=ORIENTED_EDGE('',*,*,#5072,.T.);
#6880=ORIENTED_EDGE('',*,*,#5480,.T.);
#6881=ORIENTED_EDGE('',*,*,#5481,.T.);
#6882=ORIENTED_EDGE('',*,*,#5482,.T.);
#6883=ORIENTED_EDGE('',*,*,#5483,.T.);
#6884=ORIENTED_EDGE('',*,*,#5484,.T.);
#6885=ORIENTED_EDGE('',*,*,#5485,.T.);
#6886=ORIENTED_EDGE('',*,*,#5486,.T.);
#6887=ORIENTED_EDGE('',*,*,#5071,.T.);
#6888=ORIENTED_EDGE('',*,*,#5487,.T.);
#6889=ORIENTED_EDGE('',*,*,#5070,.T.);
#6890=ORIENTED_EDGE('',*,*,#5488,.T.);
#6891=ORIENTED_EDGE('',*,*,#5489,.T.);
#6892=ORIENTED_EDGE('',*,*,#5490,.T.);
#6893=ORIENTED_EDGE('',*,*,#5491,.T.);
#6894=ORIENTED_EDGE('',*,*,#5492,.T.);
#6895=ORIENTED_EDGE('',*,*,#5493,.T.);
#6896=ORIENTED_EDGE('',*,*,#5494,.T.);
#6897=ORIENTED_EDGE('',*,*,#5069,.T.);
#6898=ORIENTED_EDGE('',*,*,#5495,.T.);
#6899=ORIENTED_EDGE('',*,*,#5068,.T.);
#6900=ORIENTED_EDGE('',*,*,#5496,.T.);
#6901=ORIENTED_EDGE('',*,*,#5497,.T.);
#6902=ORIENTED_EDGE('',*,*,#5498,.T.);
#6903=ORIENTED_EDGE('',*,*,#5499,.T.);
#6904=ORIENTED_EDGE('',*,*,#5500,.T.);
#6905=ORIENTED_EDGE('',*,*,#5501,.T.);
#6906=ORIENTED_EDGE('',*,*,#5502,.T.);
#6907=ORIENTED_EDGE('',*,*,#5067,.T.);
#6908=ORIENTED_EDGE('',*,*,#5503,.T.);
#6909=ORIENTED_EDGE('',*,*,#5066,.T.);
#6910=ORIENTED_EDGE('',*,*,#5504,.T.);
#6911=ORIENTED_EDGE('',*,*,#5505,.T.);
#6912=ORIENTED_EDGE('',*,*,#5506,.T.);
#6913=ORIENTED_EDGE('',*,*,#5507,.T.);
#6914=ORIENTED_EDGE('',*,*,#5508,.T.);
#6915=ORIENTED_EDGE('',*,*,#5509,.T.);
#6916=ORIENTED_EDGE('',*,*,#5510,.T.);
#6917=ORIENTED_EDGE('',*,*,#5065,.T.);
#6918=ORIENTED_EDGE('',*,*,#5511,.T.);
#6919=ORIENTED_EDGE('',*,*,#5064,.T.);
#6920=ORIENTED_EDGE('',*,*,#5512,.T.);
#6921=ORIENTED_EDGE('',*,*,#5513,.T.);
#6922=ORIENTED_EDGE('',*,*,#5514,.T.);
#6923=ORIENTED_EDGE('',*,*,#5515,.T.);
#6924=ORIENTED_EDGE('',*,*,#5516,.T.);
#6925=ORIENTED_EDGE('',*,*,#5517,.T.);
#6926=ORIENTED_EDGE('',*,*,#5518,.T.);
#6927=ORIENTED_EDGE('',*,*,#5063,.T.);
#6928=ORIENTED_EDGE('',*,*,#5519,.T.);
#6929=ORIENTED_EDGE('',*,*,#5062,.T.);
#6930=ORIENTED_EDGE('',*,*,#5520,.T.);
#6931=ORIENTED_EDGE('',*,*,#5521,.T.);
#6932=ORIENTED_EDGE('',*,*,#5522,.T.);
#6933=ORIENTED_EDGE('',*,*,#5523,.T.);
#6934=ORIENTED_EDGE('',*,*,#5524,.T.);
#6935=ORIENTED_EDGE('',*,*,#5525,.T.);
#6936=ORIENTED_EDGE('',*,*,#5526,.T.);
#6937=ORIENTED_EDGE('',*,*,#5061,.T.);
#6938=ORIENTED_EDGE('',*,*,#5527,.T.);
#6939=ORIENTED_EDGE('',*,*,#5060,.T.);
#6940=ORIENTED_EDGE('',*,*,#5528,.T.);
#6941=ORIENTED_EDGE('',*,*,#5529,.T.);
#6942=ORIENTED_EDGE('',*,*,#5530,.T.);
#6943=ORIENTED_EDGE('',*,*,#5531,.T.);
#6944=ORIENTED_EDGE('',*,*,#5532,.T.);
#6945=ORIENTED_EDGE('',*,*,#5533,.T.);
#6946=ORIENTED_EDGE('',*,*,#5534,.T.);
#6947=ORIENTED_EDGE('',*,*,#5059,.T.);
#6948=ORIENTED_EDGE('',*,*,#5535,.T.);
#6949=ORIENTED_EDGE('',*,*,#5058,.T.);
#6950=ORIENTED_EDGE('',*,*,#5536,.T.);
#6951=ORIENTED_EDGE('',*,*,#5537,.T.);
#6952=ORIENTED_EDGE('',*,*,#5538,.T.);
#6953=ORIENTED_EDGE('',*,*,#5539,.T.);
#6954=ORIENTED_EDGE('',*,*,#5540,.T.);
#6955=ORIENTED_EDGE('',*,*,#5541,.T.);
#6956=ORIENTED_EDGE('',*,*,#5542,.T.);
#6957=ORIENTED_EDGE('',*,*,#5057,.T.);
#6958=ORIENTED_EDGE('',*,*,#5105,.T.);
#6959=ORIENTED_EDGE('',*,*,#5543,.T.);
#6960=ORIENTED_EDGE('',*,*,#5544,.T.);
#6961=ORIENTED_EDGE('',*,*,#5545,.T.);
#6962=ORIENTED_EDGE('',*,*,#5508,.F.);
#6963=ORIENTED_EDGE('',*,*,#5546,.F.);
#6964=ORIENTED_EDGE('',*,*,#5547,.T.);
#6965=ORIENTED_EDGE('',*,*,#5546,.T.);
#6966=ORIENTED_EDGE('',*,*,#5507,.F.);
#6967=ORIENTED_EDGE('',*,*,#5548,.F.);
#6968=ORIENTED_EDGE('',*,*,#5549,.T.);
#6969=ORIENTED_EDGE('',*,*,#5548,.T.);
#6970=ORIENTED_EDGE('',*,*,#5506,.F.);
#6971=ORIENTED_EDGE('',*,*,#5550,.F.);
#6972=ORIENTED_EDGE('',*,*,#5551,.T.);
#6973=ORIENTED_EDGE('',*,*,#5550,.T.);
#6974=ORIENTED_EDGE('',*,*,#5505,.F.);
#6975=ORIENTED_EDGE('',*,*,#5552,.F.);
#6976=ORIENTED_EDGE('',*,*,#5553,.T.);
#6977=ORIENTED_EDGE('',*,*,#5552,.T.);
#6978=ORIENTED_EDGE('',*,*,#5504,.F.);
#6979=ORIENTED_EDGE('',*,*,#5554,.F.);
#6980=ORIENTED_EDGE('',*,*,#5555,.T.);
#6981=ORIENTED_EDGE('',*,*,#5554,.T.);
#6982=ORIENTED_EDGE('',*,*,#5511,.F.);
#6983=ORIENTED_EDGE('',*,*,#5556,.F.);
#6984=ORIENTED_EDGE('',*,*,#5557,.T.);
#6985=ORIENTED_EDGE('',*,*,#5556,.T.);
#6986=ORIENTED_EDGE('',*,*,#5518,.F.);
#6987=ORIENTED_EDGE('',*,*,#5558,.F.);
#6988=ORIENTED_EDGE('',*,*,#5559,.T.);
#6989=ORIENTED_EDGE('',*,*,#5558,.T.);
#6990=ORIENTED_EDGE('',*,*,#5517,.F.);
#6991=ORIENTED_EDGE('',*,*,#5560,.F.);
#6992=ORIENTED_EDGE('',*,*,#5561,.T.);
#6993=ORIENTED_EDGE('',*,*,#5560,.T.);
#6994=ORIENTED_EDGE('',*,*,#5516,.F.);
#6995=ORIENTED_EDGE('',*,*,#5562,.F.);
#6996=ORIENTED_EDGE('',*,*,#5563,.T.);
#6997=ORIENTED_EDGE('',*,*,#5562,.T.);
#6998=ORIENTED_EDGE('',*,*,#5515,.F.);
#6999=ORIENTED_EDGE('',*,*,#5564,.F.);
#7000=ORIENTED_EDGE('',*,*,#5565,.T.);
#7001=ORIENTED_EDGE('',*,*,#5564,.T.);
#7002=ORIENTED_EDGE('',*,*,#5514,.F.);
#7003=ORIENTED_EDGE('',*,*,#5566,.F.);
#7004=ORIENTED_EDGE('',*,*,#5567,.T.);
#7005=ORIENTED_EDGE('',*,*,#5566,.T.);
#7006=ORIENTED_EDGE('',*,*,#5513,.F.);
#7007=ORIENTED_EDGE('',*,*,#5568,.F.);
#7008=ORIENTED_EDGE('',*,*,#5569,.T.);
#7009=ORIENTED_EDGE('',*,*,#5568,.T.);
#7010=ORIENTED_EDGE('',*,*,#5512,.F.);
#7011=ORIENTED_EDGE('',*,*,#5570,.F.);
#7012=ORIENTED_EDGE('',*,*,#5571,.T.);
#7013=ORIENTED_EDGE('',*,*,#5570,.T.);
#7014=ORIENTED_EDGE('',*,*,#5519,.F.);
#7015=ORIENTED_EDGE('',*,*,#5572,.F.);
#7016=ORIENTED_EDGE('',*,*,#5573,.T.);
#7017=ORIENTED_EDGE('',*,*,#5572,.T.);
#7018=ORIENTED_EDGE('',*,*,#5526,.F.);
#7019=ORIENTED_EDGE('',*,*,#5574,.F.);
#7020=ORIENTED_EDGE('',*,*,#5575,.T.);
#7021=ORIENTED_EDGE('',*,*,#5574,.T.);
#7022=ORIENTED_EDGE('',*,*,#5525,.F.);
#7023=ORIENTED_EDGE('',*,*,#5576,.F.);
#7024=ORIENTED_EDGE('',*,*,#5577,.T.);
#7025=ORIENTED_EDGE('',*,*,#5576,.T.);
#7026=ORIENTED_EDGE('',*,*,#5524,.F.);
#7027=ORIENTED_EDGE('',*,*,#5578,.F.);
#7028=ORIENTED_EDGE('',*,*,#5579,.T.);
#7029=ORIENTED_EDGE('',*,*,#5578,.T.);
#7030=ORIENTED_EDGE('',*,*,#5523,.F.);
#7031=ORIENTED_EDGE('',*,*,#5580,.F.);
#7032=ORIENTED_EDGE('',*,*,#5581,.T.);
#7033=ORIENTED_EDGE('',*,*,#5580,.T.);
#7034=ORIENTED_EDGE('',*,*,#5522,.F.);
#7035=ORIENTED_EDGE('',*,*,#5582,.F.);
#7036=ORIENTED_EDGE('',*,*,#5583,.T.);
#7037=ORIENTED_EDGE('',*,*,#5582,.T.);
#7038=ORIENTED_EDGE('',*,*,#5521,.F.);
#7039=ORIENTED_EDGE('',*,*,#5584,.F.);
#7040=ORIENTED_EDGE('',*,*,#5585,.T.);
#7041=ORIENTED_EDGE('',*,*,#5584,.T.);
#7042=ORIENTED_EDGE('',*,*,#5520,.F.);
#7043=ORIENTED_EDGE('',*,*,#5586,.F.);
#7044=ORIENTED_EDGE('',*,*,#5587,.T.);
#7045=ORIENTED_EDGE('',*,*,#5586,.T.);
#7046=ORIENTED_EDGE('',*,*,#5527,.F.);
#7047=ORIENTED_EDGE('',*,*,#5588,.F.);
#7048=ORIENTED_EDGE('',*,*,#5589,.T.);
#7049=ORIENTED_EDGE('',*,*,#5588,.T.);
#7050=ORIENTED_EDGE('',*,*,#5534,.F.);
#7051=ORIENTED_EDGE('',*,*,#5590,.F.);
#7052=ORIENTED_EDGE('',*,*,#5591,.T.);
#7053=ORIENTED_EDGE('',*,*,#5590,.T.);
#7054=ORIENTED_EDGE('',*,*,#5533,.F.);
#7055=ORIENTED_EDGE('',*,*,#5592,.F.);
#7056=ORIENTED_EDGE('',*,*,#5593,.T.);
#7057=ORIENTED_EDGE('',*,*,#5592,.T.);
#7058=ORIENTED_EDGE('',*,*,#5532,.F.);
#7059=ORIENTED_EDGE('',*,*,#5594,.F.);
#7060=ORIENTED_EDGE('',*,*,#5595,.T.);
#7061=ORIENTED_EDGE('',*,*,#5594,.T.);
#7062=ORIENTED_EDGE('',*,*,#5531,.F.);
#7063=ORIENTED_EDGE('',*,*,#5596,.F.);
#7064=ORIENTED_EDGE('',*,*,#5597,.T.);
#7065=ORIENTED_EDGE('',*,*,#5596,.T.);
#7066=ORIENTED_EDGE('',*,*,#5530,.F.);
#7067=ORIENTED_EDGE('',*,*,#5598,.F.);
#7068=ORIENTED_EDGE('',*,*,#5599,.T.);
#7069=ORIENTED_EDGE('',*,*,#5598,.T.);
#7070=ORIENTED_EDGE('',*,*,#5529,.F.);
#7071=ORIENTED_EDGE('',*,*,#5600,.F.);
#7072=ORIENTED_EDGE('',*,*,#5601,.T.);
#7073=ORIENTED_EDGE('',*,*,#5600,.T.);
#7074=ORIENTED_EDGE('',*,*,#5528,.F.);
#7075=ORIENTED_EDGE('',*,*,#5602,.F.);
#7076=ORIENTED_EDGE('',*,*,#5603,.T.);
#7077=ORIENTED_EDGE('',*,*,#5602,.T.);
#7078=ORIENTED_EDGE('',*,*,#5535,.F.);
#7079=ORIENTED_EDGE('',*,*,#5604,.F.);
#7080=ORIENTED_EDGE('',*,*,#5605,.T.);
#7081=ORIENTED_EDGE('',*,*,#5604,.T.);
#7082=ORIENTED_EDGE('',*,*,#5542,.F.);
#7083=ORIENTED_EDGE('',*,*,#5606,.F.);
#7084=ORIENTED_EDGE('',*,*,#5607,.T.);
#7085=ORIENTED_EDGE('',*,*,#5606,.T.);
#7086=ORIENTED_EDGE('',*,*,#5541,.F.);
#7087=ORIENTED_EDGE('',*,*,#5608,.F.);
#7088=ORIENTED_EDGE('',*,*,#5609,.T.);
#7089=ORIENTED_EDGE('',*,*,#5608,.T.);
#7090=ORIENTED_EDGE('',*,*,#5540,.F.);
#7091=ORIENTED_EDGE('',*,*,#5610,.F.);
#7092=ORIENTED_EDGE('',*,*,#5611,.T.);
#7093=ORIENTED_EDGE('',*,*,#5610,.T.);
#7094=ORIENTED_EDGE('',*,*,#5539,.F.);
#7095=ORIENTED_EDGE('',*,*,#5612,.F.);
#7096=ORIENTED_EDGE('',*,*,#5613,.T.);
#7097=ORIENTED_EDGE('',*,*,#5612,.T.);
#7098=ORIENTED_EDGE('',*,*,#5538,.F.);
#7099=ORIENTED_EDGE('',*,*,#5614,.F.);
#7100=ORIENTED_EDGE('',*,*,#5615,.T.);
#7101=ORIENTED_EDGE('',*,*,#5614,.T.);
#7102=ORIENTED_EDGE('',*,*,#5537,.F.);
#7103=ORIENTED_EDGE('',*,*,#5616,.F.);
#7104=ORIENTED_EDGE('',*,*,#5617,.T.);
#7105=ORIENTED_EDGE('',*,*,#5616,.T.);
#7106=ORIENTED_EDGE('',*,*,#5536,.F.);
#7107=ORIENTED_EDGE('',*,*,#5618,.F.);
#7108=ORIENTED_EDGE('',*,*,#5619,.T.);
#7109=ORIENTED_EDGE('',*,*,#5618,.T.);
#7110=ORIENTED_EDGE('',*,*,#5543,.F.);
#7111=ORIENTED_EDGE('',*,*,#5620,.F.);
#7112=ORIENTED_EDGE('',*,*,#5621,.T.);
#7113=ORIENTED_EDGE('',*,*,#5620,.T.);
#7114=ORIENTED_EDGE('',*,*,#5358,.F.);
#7115=ORIENTED_EDGE('',*,*,#5622,.F.);
#7116=ORIENTED_EDGE('',*,*,#5623,.T.);
#7117=ORIENTED_EDGE('',*,*,#5622,.T.);
#7118=ORIENTED_EDGE('',*,*,#5357,.F.);
#7119=ORIENTED_EDGE('',*,*,#5624,.F.);
#7120=ORIENTED_EDGE('',*,*,#5625,.T.);
#7121=ORIENTED_EDGE('',*,*,#5624,.T.);
#7122=ORIENTED_EDGE('',*,*,#5356,.F.);
#7123=ORIENTED_EDGE('',*,*,#5626,.F.);
#7124=ORIENTED_EDGE('',*,*,#5627,.T.);
#7125=ORIENTED_EDGE('',*,*,#5626,.T.);
#7126=ORIENTED_EDGE('',*,*,#5355,.F.);
#7127=ORIENTED_EDGE('',*,*,#5628,.F.);
#7128=ORIENTED_EDGE('',*,*,#5629,.T.);
#7129=ORIENTED_EDGE('',*,*,#5628,.T.);
#7130=ORIENTED_EDGE('',*,*,#5354,.F.);
#7131=ORIENTED_EDGE('',*,*,#5630,.F.);
#7132=ORIENTED_EDGE('',*,*,#5631,.T.);
#7133=ORIENTED_EDGE('',*,*,#5630,.T.);
#7134=ORIENTED_EDGE('',*,*,#5353,.F.);
#7135=ORIENTED_EDGE('',*,*,#5632,.F.);
#7136=ORIENTED_EDGE('',*,*,#5633,.T.);
#7137=ORIENTED_EDGE('',*,*,#5632,.T.);
#7138=ORIENTED_EDGE('',*,*,#5352,.F.);
#7139=ORIENTED_EDGE('',*,*,#5634,.F.);
#7140=ORIENTED_EDGE('',*,*,#5635,.T.);
#7141=ORIENTED_EDGE('',*,*,#5634,.T.);
#7142=ORIENTED_EDGE('',*,*,#5359,.F.);
#7143=ORIENTED_EDGE('',*,*,#5636,.F.);
#7144=ORIENTED_EDGE('',*,*,#5637,.T.);
#7145=ORIENTED_EDGE('',*,*,#5636,.T.);
#7146=ORIENTED_EDGE('',*,*,#5366,.F.);
#7147=ORIENTED_EDGE('',*,*,#5638,.F.);
#7148=ORIENTED_EDGE('',*,*,#5639,.T.);
#7149=ORIENTED_EDGE('',*,*,#5638,.T.);
#7150=ORIENTED_EDGE('',*,*,#5365,.F.);
#7151=ORIENTED_EDGE('',*,*,#5640,.F.);
#7152=ORIENTED_EDGE('',*,*,#5641,.T.);
#7153=ORIENTED_EDGE('',*,*,#5640,.T.);
#7154=ORIENTED_EDGE('',*,*,#5364,.F.);
#7155=ORIENTED_EDGE('',*,*,#5642,.F.);
#7156=ORIENTED_EDGE('',*,*,#5643,.T.);
#7157=ORIENTED_EDGE('',*,*,#5642,.T.);
#7158=ORIENTED_EDGE('',*,*,#5363,.F.);
#7159=ORIENTED_EDGE('',*,*,#5644,.F.);
#7160=ORIENTED_EDGE('',*,*,#5645,.T.);
#7161=ORIENTED_EDGE('',*,*,#5644,.T.);
#7162=ORIENTED_EDGE('',*,*,#5362,.F.);
#7163=ORIENTED_EDGE('',*,*,#5646,.F.);
#7164=ORIENTED_EDGE('',*,*,#5647,.T.);
#7165=ORIENTED_EDGE('',*,*,#5646,.T.);
#7166=ORIENTED_EDGE('',*,*,#5361,.F.);
#7167=ORIENTED_EDGE('',*,*,#5648,.F.);
#7168=ORIENTED_EDGE('',*,*,#5649,.T.);
#7169=ORIENTED_EDGE('',*,*,#5648,.T.);
#7170=ORIENTED_EDGE('',*,*,#5360,.F.);
#7171=ORIENTED_EDGE('',*,*,#5650,.F.);
#7172=ORIENTED_EDGE('',*,*,#5651,.T.);
#7173=ORIENTED_EDGE('',*,*,#5650,.T.);
#7174=ORIENTED_EDGE('',*,*,#5367,.F.);
#7175=ORIENTED_EDGE('',*,*,#5652,.F.);
#7176=ORIENTED_EDGE('',*,*,#5653,.T.);
#7177=ORIENTED_EDGE('',*,*,#5652,.T.);
#7178=ORIENTED_EDGE('',*,*,#5374,.F.);
#7179=ORIENTED_EDGE('',*,*,#5654,.F.);
#7180=ORIENTED_EDGE('',*,*,#5655,.T.);
#7181=ORIENTED_EDGE('',*,*,#5654,.T.);
#7182=ORIENTED_EDGE('',*,*,#5373,.F.);
#7183=ORIENTED_EDGE('',*,*,#5656,.F.);
#7184=ORIENTED_EDGE('',*,*,#5657,.T.);
#7185=ORIENTED_EDGE('',*,*,#5656,.T.);
#7186=ORIENTED_EDGE('',*,*,#5372,.F.);
#7187=ORIENTED_EDGE('',*,*,#5658,.F.);
#7188=ORIENTED_EDGE('',*,*,#5659,.T.);
#7189=ORIENTED_EDGE('',*,*,#5658,.T.);
#7190=ORIENTED_EDGE('',*,*,#5371,.F.);
#7191=ORIENTED_EDGE('',*,*,#5660,.F.);
#7192=ORIENTED_EDGE('',*,*,#5661,.T.);
#7193=ORIENTED_EDGE('',*,*,#5660,.T.);
#7194=ORIENTED_EDGE('',*,*,#5370,.F.);
#7195=ORIENTED_EDGE('',*,*,#5662,.F.);
#7196=ORIENTED_EDGE('',*,*,#5663,.T.);
#7197=ORIENTED_EDGE('',*,*,#5662,.T.);
#7198=ORIENTED_EDGE('',*,*,#5369,.F.);
#7199=ORIENTED_EDGE('',*,*,#5664,.F.);
#7200=ORIENTED_EDGE('',*,*,#5665,.T.);
#7201=ORIENTED_EDGE('',*,*,#5664,.T.);
#7202=ORIENTED_EDGE('',*,*,#5368,.F.);
#7203=ORIENTED_EDGE('',*,*,#5666,.F.);
#7204=ORIENTED_EDGE('',*,*,#5667,.T.);
#7205=ORIENTED_EDGE('',*,*,#5666,.T.);
#7206=ORIENTED_EDGE('',*,*,#5375,.F.);
#7207=ORIENTED_EDGE('',*,*,#5668,.F.);
#7208=ORIENTED_EDGE('',*,*,#5669,.T.);
#7209=ORIENTED_EDGE('',*,*,#5668,.T.);
#7210=ORIENTED_EDGE('',*,*,#5382,.F.);
#7211=ORIENTED_EDGE('',*,*,#5670,.F.);
#7212=ORIENTED_EDGE('',*,*,#5671,.T.);
#7213=ORIENTED_EDGE('',*,*,#5670,.T.);
#7214=ORIENTED_EDGE('',*,*,#5381,.F.);
#7215=ORIENTED_EDGE('',*,*,#5672,.F.);
#7216=ORIENTED_EDGE('',*,*,#5673,.T.);
#7217=ORIENTED_EDGE('',*,*,#5672,.T.);
#7218=ORIENTED_EDGE('',*,*,#5380,.F.);
#7219=ORIENTED_EDGE('',*,*,#5674,.F.);
#7220=ORIENTED_EDGE('',*,*,#5675,.T.);
#7221=ORIENTED_EDGE('',*,*,#5674,.T.);
#7222=ORIENTED_EDGE('',*,*,#5379,.F.);
#7223=ORIENTED_EDGE('',*,*,#5676,.F.);
#7224=ORIENTED_EDGE('',*,*,#5677,.T.);
#7225=ORIENTED_EDGE('',*,*,#5676,.T.);
#7226=ORIENTED_EDGE('',*,*,#5378,.F.);
#7227=ORIENTED_EDGE('',*,*,#5678,.F.);
#7228=ORIENTED_EDGE('',*,*,#5679,.T.);
#7229=ORIENTED_EDGE('',*,*,#5678,.T.);
#7230=ORIENTED_EDGE('',*,*,#5377,.F.);
#7231=ORIENTED_EDGE('',*,*,#5680,.F.);
#7232=ORIENTED_EDGE('',*,*,#5681,.T.);
#7233=ORIENTED_EDGE('',*,*,#5680,.T.);
#7234=ORIENTED_EDGE('',*,*,#5376,.F.);
#7235=ORIENTED_EDGE('',*,*,#5682,.F.);
#7236=ORIENTED_EDGE('',*,*,#5683,.T.);
#7237=ORIENTED_EDGE('',*,*,#5682,.T.);
#7238=ORIENTED_EDGE('',*,*,#5383,.F.);
#7239=ORIENTED_EDGE('',*,*,#5684,.F.);
#7240=ORIENTED_EDGE('',*,*,#5685,.T.);
#7241=ORIENTED_EDGE('',*,*,#5684,.T.);
#7242=ORIENTED_EDGE('',*,*,#5390,.F.);
#7243=ORIENTED_EDGE('',*,*,#5686,.F.);
#7244=ORIENTED_EDGE('',*,*,#5687,.T.);
#7245=ORIENTED_EDGE('',*,*,#5686,.T.);
#7246=ORIENTED_EDGE('',*,*,#5389,.F.);
#7247=ORIENTED_EDGE('',*,*,#5688,.F.);
#7248=ORIENTED_EDGE('',*,*,#5689,.T.);
#7249=ORIENTED_EDGE('',*,*,#5688,.T.);
#7250=ORIENTED_EDGE('',*,*,#5388,.F.);
#7251=ORIENTED_EDGE('',*,*,#5690,.F.);
#7252=ORIENTED_EDGE('',*,*,#5691,.T.);
#7253=ORIENTED_EDGE('',*,*,#5690,.T.);
#7254=ORIENTED_EDGE('',*,*,#5387,.F.);
#7255=ORIENTED_EDGE('',*,*,#5692,.F.);
#7256=ORIENTED_EDGE('',*,*,#5693,.T.);
#7257=ORIENTED_EDGE('',*,*,#5692,.T.);
#7258=ORIENTED_EDGE('',*,*,#5386,.F.);
#7259=ORIENTED_EDGE('',*,*,#5694,.F.);
#7260=ORIENTED_EDGE('',*,*,#5695,.T.);
#7261=ORIENTED_EDGE('',*,*,#5694,.T.);
#7262=ORIENTED_EDGE('',*,*,#5385,.F.);
#7263=ORIENTED_EDGE('',*,*,#5696,.F.);
#7264=ORIENTED_EDGE('',*,*,#5697,.T.);
#7265=ORIENTED_EDGE('',*,*,#5696,.T.);
#7266=ORIENTED_EDGE('',*,*,#5384,.F.);
#7267=ORIENTED_EDGE('',*,*,#5698,.F.);
#7268=ORIENTED_EDGE('',*,*,#5699,.T.);
#7269=ORIENTED_EDGE('',*,*,#5698,.T.);
#7270=ORIENTED_EDGE('',*,*,#5391,.F.);
#7271=ORIENTED_EDGE('',*,*,#5700,.F.);
#7272=ORIENTED_EDGE('',*,*,#5701,.T.);
#7273=ORIENTED_EDGE('',*,*,#5700,.T.);
#7274=ORIENTED_EDGE('',*,*,#5398,.F.);
#7275=ORIENTED_EDGE('',*,*,#5702,.F.);
#7276=ORIENTED_EDGE('',*,*,#5703,.T.);
#7277=ORIENTED_EDGE('',*,*,#5702,.T.);
#7278=ORIENTED_EDGE('',*,*,#5397,.F.);
#7279=ORIENTED_EDGE('',*,*,#5704,.F.);
#7280=ORIENTED_EDGE('',*,*,#5705,.T.);
#7281=ORIENTED_EDGE('',*,*,#5704,.T.);
#7282=ORIENTED_EDGE('',*,*,#5396,.F.);
#7283=ORIENTED_EDGE('',*,*,#5706,.F.);
#7284=ORIENTED_EDGE('',*,*,#5707,.T.);
#7285=ORIENTED_EDGE('',*,*,#5706,.T.);
#7286=ORIENTED_EDGE('',*,*,#5395,.F.);
#7287=ORIENTED_EDGE('',*,*,#5708,.F.);
#7288=ORIENTED_EDGE('',*,*,#5709,.T.);
#7289=ORIENTED_EDGE('',*,*,#5708,.T.);
#7290=ORIENTED_EDGE('',*,*,#5394,.F.);
#7291=ORIENTED_EDGE('',*,*,#5710,.F.);
#7292=ORIENTED_EDGE('',*,*,#5711,.T.);
#7293=ORIENTED_EDGE('',*,*,#5710,.T.);
#7294=ORIENTED_EDGE('',*,*,#5393,.F.);
#7295=ORIENTED_EDGE('',*,*,#5712,.F.);
#7296=ORIENTED_EDGE('',*,*,#5713,.T.);
#7297=ORIENTED_EDGE('',*,*,#5712,.T.);
#7298=ORIENTED_EDGE('',*,*,#5392,.F.);
#7299=ORIENTED_EDGE('',*,*,#5714,.F.);
#7300=ORIENTED_EDGE('',*,*,#5715,.T.);
#7301=ORIENTED_EDGE('',*,*,#5714,.T.);
#7302=ORIENTED_EDGE('',*,*,#5399,.F.);
#7303=ORIENTED_EDGE('',*,*,#5716,.F.);
#7304=ORIENTED_EDGE('',*,*,#5717,.T.);
#7305=ORIENTED_EDGE('',*,*,#5716,.T.);
#7306=ORIENTED_EDGE('',*,*,#5406,.F.);
#7307=ORIENTED_EDGE('',*,*,#5718,.F.);
#7308=ORIENTED_EDGE('',*,*,#5719,.T.);
#7309=ORIENTED_EDGE('',*,*,#5718,.T.);
#7310=ORIENTED_EDGE('',*,*,#5405,.F.);
#7311=ORIENTED_EDGE('',*,*,#5720,.F.);
#7312=ORIENTED_EDGE('',*,*,#5721,.T.);
#7313=ORIENTED_EDGE('',*,*,#5720,.T.);
#7314=ORIENTED_EDGE('',*,*,#5404,.F.);
#7315=ORIENTED_EDGE('',*,*,#5722,.F.);
#7316=ORIENTED_EDGE('',*,*,#5723,.T.);
#7317=ORIENTED_EDGE('',*,*,#5722,.T.);
#7318=ORIENTED_EDGE('',*,*,#5403,.F.);
#7319=ORIENTED_EDGE('',*,*,#5724,.F.);
#7320=ORIENTED_EDGE('',*,*,#5725,.T.);
#7321=ORIENTED_EDGE('',*,*,#5724,.T.);
#7322=ORIENTED_EDGE('',*,*,#5402,.F.);
#7323=ORIENTED_EDGE('',*,*,#5726,.F.);
#7324=ORIENTED_EDGE('',*,*,#5727,.T.);
#7325=ORIENTED_EDGE('',*,*,#5726,.T.);
#7326=ORIENTED_EDGE('',*,*,#5401,.F.);
#7327=ORIENTED_EDGE('',*,*,#5728,.F.);
#7328=ORIENTED_EDGE('',*,*,#5729,.T.);
#7329=ORIENTED_EDGE('',*,*,#5728,.T.);
#7330=ORIENTED_EDGE('',*,*,#5400,.F.);
#7331=ORIENTED_EDGE('',*,*,#5730,.F.);
#7332=ORIENTED_EDGE('',*,*,#5731,.T.);
#7333=ORIENTED_EDGE('',*,*,#5730,.T.);
#7334=ORIENTED_EDGE('',*,*,#5407,.F.);
#7335=ORIENTED_EDGE('',*,*,#5732,.F.);
#7336=ORIENTED_EDGE('',*,*,#5733,.T.);
#7337=ORIENTED_EDGE('',*,*,#5732,.T.);
#7338=ORIENTED_EDGE('',*,*,#5414,.F.);
#7339=ORIENTED_EDGE('',*,*,#5734,.F.);
#7340=ORIENTED_EDGE('',*,*,#5735,.T.);
#7341=ORIENTED_EDGE('',*,*,#5734,.T.);
#7342=ORIENTED_EDGE('',*,*,#5413,.F.);
#7343=ORIENTED_EDGE('',*,*,#5736,.F.);
#7344=ORIENTED_EDGE('',*,*,#5737,.T.);
#7345=ORIENTED_EDGE('',*,*,#5736,.T.);
#7346=ORIENTED_EDGE('',*,*,#5412,.F.);
#7347=ORIENTED_EDGE('',*,*,#5738,.F.);
#7348=ORIENTED_EDGE('',*,*,#5739,.T.);
#7349=ORIENTED_EDGE('',*,*,#5738,.T.);
#7350=ORIENTED_EDGE('',*,*,#5411,.F.);
#7351=ORIENTED_EDGE('',*,*,#5740,.F.);
#7352=ORIENTED_EDGE('',*,*,#5741,.T.);
#7353=ORIENTED_EDGE('',*,*,#5740,.T.);
#7354=ORIENTED_EDGE('',*,*,#5410,.F.);
#7355=ORIENTED_EDGE('',*,*,#5742,.F.);
#7356=ORIENTED_EDGE('',*,*,#5743,.T.);
#7357=ORIENTED_EDGE('',*,*,#5742,.T.);
#7358=ORIENTED_EDGE('',*,*,#5409,.F.);
#7359=ORIENTED_EDGE('',*,*,#5744,.F.);
#7360=ORIENTED_EDGE('',*,*,#5745,.T.);
#7361=ORIENTED_EDGE('',*,*,#5744,.T.);
#7362=ORIENTED_EDGE('',*,*,#5408,.F.);
#7363=ORIENTED_EDGE('',*,*,#5746,.F.);
#7364=ORIENTED_EDGE('',*,*,#5747,.T.);
#7365=ORIENTED_EDGE('',*,*,#5746,.T.);
#7366=ORIENTED_EDGE('',*,*,#5415,.F.);
#7367=ORIENTED_EDGE('',*,*,#5748,.F.);
#7368=ORIENTED_EDGE('',*,*,#5749,.T.);
#7369=ORIENTED_EDGE('',*,*,#5748,.T.);
#7370=ORIENTED_EDGE('',*,*,#5422,.F.);
#7371=ORIENTED_EDGE('',*,*,#5750,.F.);
#7372=ORIENTED_EDGE('',*,*,#5751,.T.);
#7373=ORIENTED_EDGE('',*,*,#5750,.T.);
#7374=ORIENTED_EDGE('',*,*,#5421,.F.);
#7375=ORIENTED_EDGE('',*,*,#5752,.F.);
#7376=ORIENTED_EDGE('',*,*,#5753,.T.);
#7377=ORIENTED_EDGE('',*,*,#5752,.T.);
#7378=ORIENTED_EDGE('',*,*,#5420,.F.);
#7379=ORIENTED_EDGE('',*,*,#5754,.F.);
#7380=ORIENTED_EDGE('',*,*,#5755,.T.);
#7381=ORIENTED_EDGE('',*,*,#5754,.T.);
#7382=ORIENTED_EDGE('',*,*,#5419,.F.);
#7383=ORIENTED_EDGE('',*,*,#5756,.F.);
#7384=ORIENTED_EDGE('',*,*,#5757,.T.);
#7385=ORIENTED_EDGE('',*,*,#5756,.T.);
#7386=ORIENTED_EDGE('',*,*,#5418,.F.);
#7387=ORIENTED_EDGE('',*,*,#5758,.F.);
#7388=ORIENTED_EDGE('',*,*,#5759,.T.);
#7389=ORIENTED_EDGE('',*,*,#5758,.T.);
#7390=ORIENTED_EDGE('',*,*,#5417,.F.);
#7391=ORIENTED_EDGE('',*,*,#5760,.F.);
#7392=ORIENTED_EDGE('',*,*,#5761,.T.);
#7393=ORIENTED_EDGE('',*,*,#5760,.T.);
#7394=ORIENTED_EDGE('',*,*,#5416,.F.);
#7395=ORIENTED_EDGE('',*,*,#5762,.F.);
#7396=ORIENTED_EDGE('',*,*,#5763,.T.);
#7397=ORIENTED_EDGE('',*,*,#5762,.T.);
#7398=ORIENTED_EDGE('',*,*,#5423,.F.);
#7399=ORIENTED_EDGE('',*,*,#5764,.F.);
#7400=ORIENTED_EDGE('',*,*,#5765,.T.);
#7401=ORIENTED_EDGE('',*,*,#5764,.T.);
#7402=ORIENTED_EDGE('',*,*,#5430,.F.);
#7403=ORIENTED_EDGE('',*,*,#5766,.F.);
#7404=ORIENTED_EDGE('',*,*,#5767,.T.);
#7405=ORIENTED_EDGE('',*,*,#5766,.T.);
#7406=ORIENTED_EDGE('',*,*,#5429,.F.);
#7407=ORIENTED_EDGE('',*,*,#5768,.F.);
#7408=ORIENTED_EDGE('',*,*,#5769,.T.);
#7409=ORIENTED_EDGE('',*,*,#5768,.T.);
#7410=ORIENTED_EDGE('',*,*,#5428,.F.);
#7411=ORIENTED_EDGE('',*,*,#5770,.F.);
#7412=ORIENTED_EDGE('',*,*,#5771,.T.);
#7413=ORIENTED_EDGE('',*,*,#5770,.T.);
#7414=ORIENTED_EDGE('',*,*,#5427,.F.);
#7415=ORIENTED_EDGE('',*,*,#5772,.F.);
#7416=ORIENTED_EDGE('',*,*,#5773,.T.);
#7417=ORIENTED_EDGE('',*,*,#5772,.T.);
#7418=ORIENTED_EDGE('',*,*,#5426,.F.);
#7419=ORIENTED_EDGE('',*,*,#5774,.F.);
#7420=ORIENTED_EDGE('',*,*,#5775,.T.);
#7421=ORIENTED_EDGE('',*,*,#5774,.T.);
#7422=ORIENTED_EDGE('',*,*,#5425,.F.);
#7423=ORIENTED_EDGE('',*,*,#5776,.F.);
#7424=ORIENTED_EDGE('',*,*,#5777,.T.);
#7425=ORIENTED_EDGE('',*,*,#5776,.T.);
#7426=ORIENTED_EDGE('',*,*,#5424,.F.);
#7427=ORIENTED_EDGE('',*,*,#5778,.F.);
#7428=ORIENTED_EDGE('',*,*,#5779,.T.);
#7429=ORIENTED_EDGE('',*,*,#5778,.T.);
#7430=ORIENTED_EDGE('',*,*,#5431,.F.);
#7431=ORIENTED_EDGE('',*,*,#5780,.F.);
#7432=ORIENTED_EDGE('',*,*,#5781,.T.);
#7433=ORIENTED_EDGE('',*,*,#5780,.T.);
#7434=ORIENTED_EDGE('',*,*,#5438,.F.);
#7435=ORIENTED_EDGE('',*,*,#5782,.F.);
#7436=ORIENTED_EDGE('',*,*,#5783,.T.);
#7437=ORIENTED_EDGE('',*,*,#5782,.T.);
#7438=ORIENTED_EDGE('',*,*,#5437,.F.);
#7439=ORIENTED_EDGE('',*,*,#5784,.F.);
#7440=ORIENTED_EDGE('',*,*,#5785,.T.);
#7441=ORIENTED_EDGE('',*,*,#5784,.T.);
#7442=ORIENTED_EDGE('',*,*,#5436,.F.);
#7443=ORIENTED_EDGE('',*,*,#5786,.F.);
#7444=ORIENTED_EDGE('',*,*,#5787,.T.);
#7445=ORIENTED_EDGE('',*,*,#5786,.T.);
#7446=ORIENTED_EDGE('',*,*,#5435,.F.);
#7447=ORIENTED_EDGE('',*,*,#5788,.F.);
#7448=ORIENTED_EDGE('',*,*,#5789,.T.);
#7449=ORIENTED_EDGE('',*,*,#5788,.T.);
#7450=ORIENTED_EDGE('',*,*,#5434,.F.);
#7451=ORIENTED_EDGE('',*,*,#5790,.F.);
#7452=ORIENTED_EDGE('',*,*,#5791,.T.);
#7453=ORIENTED_EDGE('',*,*,#5790,.T.);
#7454=ORIENTED_EDGE('',*,*,#5433,.F.);
#7455=ORIENTED_EDGE('',*,*,#5792,.F.);
#7456=ORIENTED_EDGE('',*,*,#5793,.T.);
#7457=ORIENTED_EDGE('',*,*,#5792,.T.);
#7458=ORIENTED_EDGE('',*,*,#5432,.F.);
#7459=ORIENTED_EDGE('',*,*,#5794,.F.);
#7460=ORIENTED_EDGE('',*,*,#5795,.T.);
#7461=ORIENTED_EDGE('',*,*,#5794,.T.);
#7462=ORIENTED_EDGE('',*,*,#5439,.F.);
#7463=ORIENTED_EDGE('',*,*,#5796,.F.);
#7464=ORIENTED_EDGE('',*,*,#5797,.T.);
#7465=ORIENTED_EDGE('',*,*,#5796,.T.);
#7466=ORIENTED_EDGE('',*,*,#5446,.F.);
#7467=ORIENTED_EDGE('',*,*,#5798,.F.);
#7468=ORIENTED_EDGE('',*,*,#5799,.T.);
#7469=ORIENTED_EDGE('',*,*,#5798,.T.);
#7470=ORIENTED_EDGE('',*,*,#5445,.F.);
#7471=ORIENTED_EDGE('',*,*,#5800,.F.);
#7472=ORIENTED_EDGE('',*,*,#5801,.T.);
#7473=ORIENTED_EDGE('',*,*,#5800,.T.);
#7474=ORIENTED_EDGE('',*,*,#5444,.F.);
#7475=ORIENTED_EDGE('',*,*,#5802,.F.);
#7476=ORIENTED_EDGE('',*,*,#5803,.T.);
#7477=ORIENTED_EDGE('',*,*,#5802,.T.);
#7478=ORIENTED_EDGE('',*,*,#5443,.F.);
#7479=ORIENTED_EDGE('',*,*,#5804,.F.);
#7480=ORIENTED_EDGE('',*,*,#5805,.T.);
#7481=ORIENTED_EDGE('',*,*,#5804,.T.);
#7482=ORIENTED_EDGE('',*,*,#5442,.F.);
#7483=ORIENTED_EDGE('',*,*,#5806,.F.);
#7484=ORIENTED_EDGE('',*,*,#5807,.T.);
#7485=ORIENTED_EDGE('',*,*,#5806,.T.);
#7486=ORIENTED_EDGE('',*,*,#5441,.F.);
#7487=ORIENTED_EDGE('',*,*,#5808,.F.);
#7488=ORIENTED_EDGE('',*,*,#5809,.T.);
#7489=ORIENTED_EDGE('',*,*,#5808,.T.);
#7490=ORIENTED_EDGE('',*,*,#5440,.F.);
#7491=ORIENTED_EDGE('',*,*,#5810,.F.);
#7492=ORIENTED_EDGE('',*,*,#5811,.T.);
#7493=ORIENTED_EDGE('',*,*,#5810,.T.);
#7494=ORIENTED_EDGE('',*,*,#5447,.F.);
#7495=ORIENTED_EDGE('',*,*,#5812,.F.);
#7496=ORIENTED_EDGE('',*,*,#5813,.T.);
#7497=ORIENTED_EDGE('',*,*,#5812,.T.);
#7498=ORIENTED_EDGE('',*,*,#5454,.F.);
#7499=ORIENTED_EDGE('',*,*,#5814,.F.);
#7500=ORIENTED_EDGE('',*,*,#5815,.T.);
#7501=ORIENTED_EDGE('',*,*,#5814,.T.);
#7502=ORIENTED_EDGE('',*,*,#5453,.F.);
#7503=ORIENTED_EDGE('',*,*,#5816,.F.);
#7504=ORIENTED_EDGE('',*,*,#5817,.T.);
#7505=ORIENTED_EDGE('',*,*,#5816,.T.);
#7506=ORIENTED_EDGE('',*,*,#5452,.F.);
#7507=ORIENTED_EDGE('',*,*,#5818,.F.);
#7508=ORIENTED_EDGE('',*,*,#5819,.T.);
#7509=ORIENTED_EDGE('',*,*,#5818,.T.);
#7510=ORIENTED_EDGE('',*,*,#5451,.F.);
#7511=ORIENTED_EDGE('',*,*,#5820,.F.);
#7512=ORIENTED_EDGE('',*,*,#5821,.T.);
#7513=ORIENTED_EDGE('',*,*,#5820,.T.);
#7514=ORIENTED_EDGE('',*,*,#5450,.F.);
#7515=ORIENTED_EDGE('',*,*,#5822,.F.);
#7516=ORIENTED_EDGE('',*,*,#5823,.T.);
#7517=ORIENTED_EDGE('',*,*,#5822,.T.);
#7518=ORIENTED_EDGE('',*,*,#5449,.F.);
#7519=ORIENTED_EDGE('',*,*,#5824,.F.);
#7520=ORIENTED_EDGE('',*,*,#5825,.T.);
#7521=ORIENTED_EDGE('',*,*,#5824,.T.);
#7522=ORIENTED_EDGE('',*,*,#5448,.F.);
#7523=ORIENTED_EDGE('',*,*,#5826,.F.);
#7524=ORIENTED_EDGE('',*,*,#5827,.T.);
#7525=ORIENTED_EDGE('',*,*,#5826,.T.);
#7526=ORIENTED_EDGE('',*,*,#5455,.F.);
#7527=ORIENTED_EDGE('',*,*,#5828,.F.);
#7528=ORIENTED_EDGE('',*,*,#5829,.T.);
#7529=ORIENTED_EDGE('',*,*,#5828,.T.);
#7530=ORIENTED_EDGE('',*,*,#5462,.F.);
#7531=ORIENTED_EDGE('',*,*,#5830,.F.);
#7532=ORIENTED_EDGE('',*,*,#5831,.T.);
#7533=ORIENTED_EDGE('',*,*,#5830,.T.);
#7534=ORIENTED_EDGE('',*,*,#5461,.F.);
#7535=ORIENTED_EDGE('',*,*,#5832,.F.);
#7536=ORIENTED_EDGE('',*,*,#5833,.T.);
#7537=ORIENTED_EDGE('',*,*,#5832,.T.);
#7538=ORIENTED_EDGE('',*,*,#5460,.F.);
#7539=ORIENTED_EDGE('',*,*,#5834,.F.);
#7540=ORIENTED_EDGE('',*,*,#5835,.T.);
#7541=ORIENTED_EDGE('',*,*,#5834,.T.);
#7542=ORIENTED_EDGE('',*,*,#5459,.F.);
#7543=ORIENTED_EDGE('',*,*,#5836,.F.);
#7544=ORIENTED_EDGE('',*,*,#5837,.T.);
#7545=ORIENTED_EDGE('',*,*,#5836,.T.);
#7546=ORIENTED_EDGE('',*,*,#5458,.F.);
#7547=ORIENTED_EDGE('',*,*,#5838,.F.);
#7548=ORIENTED_EDGE('',*,*,#5839,.T.);
#7549=ORIENTED_EDGE('',*,*,#5838,.T.);
#7550=ORIENTED_EDGE('',*,*,#5457,.F.);
#7551=ORIENTED_EDGE('',*,*,#5840,.F.);
#7552=ORIENTED_EDGE('',*,*,#5841,.T.);
#7553=ORIENTED_EDGE('',*,*,#5840,.T.);
#7554=ORIENTED_EDGE('',*,*,#5456,.F.);
#7555=ORIENTED_EDGE('',*,*,#5842,.F.);
#7556=ORIENTED_EDGE('',*,*,#5843,.T.);
#7557=ORIENTED_EDGE('',*,*,#5842,.T.);
#7558=ORIENTED_EDGE('',*,*,#5463,.F.);
#7559=ORIENTED_EDGE('',*,*,#5844,.F.);
#7560=ORIENTED_EDGE('',*,*,#5845,.T.);
#7561=ORIENTED_EDGE('',*,*,#5844,.T.);
#7562=ORIENTED_EDGE('',*,*,#5470,.F.);
#7563=ORIENTED_EDGE('',*,*,#5846,.F.);
#7564=ORIENTED_EDGE('',*,*,#5847,.T.);
#7565=ORIENTED_EDGE('',*,*,#5846,.T.);
#7566=ORIENTED_EDGE('',*,*,#5469,.F.);
#7567=ORIENTED_EDGE('',*,*,#5848,.F.);
#7568=ORIENTED_EDGE('',*,*,#5849,.T.);
#7569=ORIENTED_EDGE('',*,*,#5848,.T.);
#7570=ORIENTED_EDGE('',*,*,#5468,.F.);
#7571=ORIENTED_EDGE('',*,*,#5850,.F.);
#7572=ORIENTED_EDGE('',*,*,#5851,.T.);
#7573=ORIENTED_EDGE('',*,*,#5850,.T.);
#7574=ORIENTED_EDGE('',*,*,#5467,.F.);
#7575=ORIENTED_EDGE('',*,*,#5852,.F.);
#7576=ORIENTED_EDGE('',*,*,#5853,.T.);
#7577=ORIENTED_EDGE('',*,*,#5852,.T.);
#7578=ORIENTED_EDGE('',*,*,#5466,.F.);
#7579=ORIENTED_EDGE('',*,*,#5854,.F.);
#7580=ORIENTED_EDGE('',*,*,#5855,.T.);
#7581=ORIENTED_EDGE('',*,*,#5854,.T.);
#7582=ORIENTED_EDGE('',*,*,#5465,.F.);
#7583=ORIENTED_EDGE('',*,*,#5856,.F.);
#7584=ORIENTED_EDGE('',*,*,#5857,.T.);
#7585=ORIENTED_EDGE('',*,*,#5856,.T.);
#7586=ORIENTED_EDGE('',*,*,#5464,.F.);
#7587=ORIENTED_EDGE('',*,*,#5858,.F.);
#7588=ORIENTED_EDGE('',*,*,#5859,.T.);
#7589=ORIENTED_EDGE('',*,*,#5858,.T.);
#7590=ORIENTED_EDGE('',*,*,#5471,.F.);
#7591=ORIENTED_EDGE('',*,*,#5860,.F.);
#7592=ORIENTED_EDGE('',*,*,#5861,.T.);
#7593=ORIENTED_EDGE('',*,*,#5860,.T.);
#7594=ORIENTED_EDGE('',*,*,#5478,.F.);
#7595=ORIENTED_EDGE('',*,*,#5862,.F.);
#7596=ORIENTED_EDGE('',*,*,#5863,.T.);
#7597=ORIENTED_EDGE('',*,*,#5862,.T.);
#7598=ORIENTED_EDGE('',*,*,#5477,.F.);
#7599=ORIENTED_EDGE('',*,*,#5864,.F.);
#7600=ORIENTED_EDGE('',*,*,#5865,.T.);
#7601=ORIENTED_EDGE('',*,*,#5864,.T.);
#7602=ORIENTED_EDGE('',*,*,#5476,.F.);
#7603=ORIENTED_EDGE('',*,*,#5866,.F.);
#7604=ORIENTED_EDGE('',*,*,#5867,.T.);
#7605=ORIENTED_EDGE('',*,*,#5866,.T.);
#7606=ORIENTED_EDGE('',*,*,#5475,.F.);
#7607=ORIENTED_EDGE('',*,*,#5868,.F.);
#7608=ORIENTED_EDGE('',*,*,#5869,.T.);
#7609=ORIENTED_EDGE('',*,*,#5868,.T.);
#7610=ORIENTED_EDGE('',*,*,#5474,.F.);
#7611=ORIENTED_EDGE('',*,*,#5870,.F.);
#7612=ORIENTED_EDGE('',*,*,#5871,.T.);
#7613=ORIENTED_EDGE('',*,*,#5870,.T.);
#7614=ORIENTED_EDGE('',*,*,#5473,.F.);
#7615=ORIENTED_EDGE('',*,*,#5872,.F.);
#7616=ORIENTED_EDGE('',*,*,#5873,.T.);
#7617=ORIENTED_EDGE('',*,*,#5872,.T.);
#7618=ORIENTED_EDGE('',*,*,#5472,.F.);
#7619=ORIENTED_EDGE('',*,*,#5874,.F.);
#7620=ORIENTED_EDGE('',*,*,#5875,.T.);
#7621=ORIENTED_EDGE('',*,*,#5874,.T.);
#7622=ORIENTED_EDGE('',*,*,#5479,.F.);
#7623=ORIENTED_EDGE('',*,*,#5876,.F.);
#7624=ORIENTED_EDGE('',*,*,#5877,.T.);
#7625=ORIENTED_EDGE('',*,*,#5876,.T.);
#7626=ORIENTED_EDGE('',*,*,#5486,.F.);
#7627=ORIENTED_EDGE('',*,*,#5878,.F.);
#7628=ORIENTED_EDGE('',*,*,#5879,.T.);
#7629=ORIENTED_EDGE('',*,*,#5878,.T.);
#7630=ORIENTED_EDGE('',*,*,#5485,.F.);
#7631=ORIENTED_EDGE('',*,*,#5880,.F.);
#7632=ORIENTED_EDGE('',*,*,#5881,.T.);
#7633=ORIENTED_EDGE('',*,*,#5880,.T.);
#7634=ORIENTED_EDGE('',*,*,#5484,.F.);
#7635=ORIENTED_EDGE('',*,*,#5882,.F.);
#7636=ORIENTED_EDGE('',*,*,#5883,.T.);
#7637=ORIENTED_EDGE('',*,*,#5882,.T.);
#7638=ORIENTED_EDGE('',*,*,#5483,.F.);
#7639=ORIENTED_EDGE('',*,*,#5884,.F.);
#7640=ORIENTED_EDGE('',*,*,#5885,.T.);
#7641=ORIENTED_EDGE('',*,*,#5884,.T.);
#7642=ORIENTED_EDGE('',*,*,#5482,.F.);
#7643=ORIENTED_EDGE('',*,*,#5886,.F.);
#7644=ORIENTED_EDGE('',*,*,#5887,.T.);
#7645=ORIENTED_EDGE('',*,*,#5886,.T.);
#7646=ORIENTED_EDGE('',*,*,#5481,.F.);
#7647=ORIENTED_EDGE('',*,*,#5888,.F.);
#7648=ORIENTED_EDGE('',*,*,#5889,.T.);
#7649=ORIENTED_EDGE('',*,*,#5888,.T.);
#7650=ORIENTED_EDGE('',*,*,#5480,.F.);
#7651=ORIENTED_EDGE('',*,*,#5890,.F.);
#7652=ORIENTED_EDGE('',*,*,#5891,.T.);
#7653=ORIENTED_EDGE('',*,*,#5890,.T.);
#7654=ORIENTED_EDGE('',*,*,#5487,.F.);
#7655=ORIENTED_EDGE('',*,*,#5892,.F.);
#7656=ORIENTED_EDGE('',*,*,#5893,.T.);
#7657=ORIENTED_EDGE('',*,*,#5892,.T.);
#7658=ORIENTED_EDGE('',*,*,#5494,.F.);
#7659=ORIENTED_EDGE('',*,*,#5894,.F.);
#7660=ORIENTED_EDGE('',*,*,#5895,.T.);
#7661=ORIENTED_EDGE('',*,*,#5894,.T.);
#7662=ORIENTED_EDGE('',*,*,#5493,.F.);
#7663=ORIENTED_EDGE('',*,*,#5896,.F.);
#7664=ORIENTED_EDGE('',*,*,#5897,.T.);
#7665=ORIENTED_EDGE('',*,*,#5896,.T.);
#7666=ORIENTED_EDGE('',*,*,#5492,.F.);
#7667=ORIENTED_EDGE('',*,*,#5898,.F.);
#7668=ORIENTED_EDGE('',*,*,#5899,.T.);
#7669=ORIENTED_EDGE('',*,*,#5898,.T.);
#7670=ORIENTED_EDGE('',*,*,#5491,.F.);
#7671=ORIENTED_EDGE('',*,*,#5900,.F.);
#7672=ORIENTED_EDGE('',*,*,#5901,.T.);
#7673=ORIENTED_EDGE('',*,*,#5900,.T.);
#7674=ORIENTED_EDGE('',*,*,#5490,.F.);
#7675=ORIENTED_EDGE('',*,*,#5902,.F.);
#7676=ORIENTED_EDGE('',*,*,#5903,.T.);
#7677=ORIENTED_EDGE('',*,*,#5902,.T.);
#7678=ORIENTED_EDGE('',*,*,#5489,.F.);
#7679=ORIENTED_EDGE('',*,*,#5904,.F.);
#7680=ORIENTED_EDGE('',*,*,#5905,.T.);
#7681=ORIENTED_EDGE('',*,*,#5904,.T.);
#7682=ORIENTED_EDGE('',*,*,#5488,.F.);
#7683=ORIENTED_EDGE('',*,*,#5906,.F.);
#7684=ORIENTED_EDGE('',*,*,#5907,.T.);
#7685=ORIENTED_EDGE('',*,*,#5906,.T.);
#7686=ORIENTED_EDGE('',*,*,#5495,.F.);
#7687=ORIENTED_EDGE('',*,*,#5908,.F.);
#7688=ORIENTED_EDGE('',*,*,#5909,.T.);
#7689=ORIENTED_EDGE('',*,*,#5908,.T.);
#7690=ORIENTED_EDGE('',*,*,#5502,.F.);
#7691=ORIENTED_EDGE('',*,*,#5910,.F.);
#7692=ORIENTED_EDGE('',*,*,#5911,.T.);
#7693=ORIENTED_EDGE('',*,*,#5910,.T.);
#7694=ORIENTED_EDGE('',*,*,#5501,.F.);
#7695=ORIENTED_EDGE('',*,*,#5912,.F.);
#7696=ORIENTED_EDGE('',*,*,#5913,.T.);
#7697=ORIENTED_EDGE('',*,*,#5912,.T.);
#7698=ORIENTED_EDGE('',*,*,#5500,.F.);
#7699=ORIENTED_EDGE('',*,*,#5914,.F.);
#7700=ORIENTED_EDGE('',*,*,#5915,.T.);
#7701=ORIENTED_EDGE('',*,*,#5914,.T.);
#7702=ORIENTED_EDGE('',*,*,#5499,.F.);
#7703=ORIENTED_EDGE('',*,*,#5916,.F.);
#7704=ORIENTED_EDGE('',*,*,#5917,.T.);
#7705=ORIENTED_EDGE('',*,*,#5916,.T.);
#7706=ORIENTED_EDGE('',*,*,#5498,.F.);
#7707=ORIENTED_EDGE('',*,*,#5918,.F.);
#7708=ORIENTED_EDGE('',*,*,#5919,.T.);
#7709=ORIENTED_EDGE('',*,*,#5918,.T.);
#7710=ORIENTED_EDGE('',*,*,#5497,.F.);
#7711=ORIENTED_EDGE('',*,*,#5920,.F.);
#7712=ORIENTED_EDGE('',*,*,#5921,.T.);
#7713=ORIENTED_EDGE('',*,*,#5920,.T.);
#7714=ORIENTED_EDGE('',*,*,#5496,.F.);
#7715=ORIENTED_EDGE('',*,*,#5922,.F.);
#7716=ORIENTED_EDGE('',*,*,#5923,.T.);
#7717=ORIENTED_EDGE('',*,*,#5922,.T.);
#7718=ORIENTED_EDGE('',*,*,#5503,.F.);
#7719=ORIENTED_EDGE('',*,*,#5924,.F.);
#7720=ORIENTED_EDGE('',*,*,#5925,.T.);
#7721=ORIENTED_EDGE('',*,*,#5924,.T.);
#7722=ORIENTED_EDGE('',*,*,#5510,.F.);
#7723=ORIENTED_EDGE('',*,*,#5926,.F.);
#7724=ORIENTED_EDGE('',*,*,#5927,.T.);
#7725=ORIENTED_EDGE('',*,*,#5926,.T.);
#7726=ORIENTED_EDGE('',*,*,#5509,.F.);
#7727=ORIENTED_EDGE('',*,*,#5545,.F.);
#7728=ORIENTED_EDGE('',*,*,#5928,.T.);
#7729=ORIENTED_EDGE('',*,*,#5929,.T.);
#7730=ORIENTED_EDGE('',*,*,#5302,.F.);
#7731=ORIENTED_EDGE('',*,*,#5930,.F.);
#7732=ORIENTED_EDGE('',*,*,#5931,.T.);
#7733=ORIENTED_EDGE('',*,*,#5930,.T.);
#7734=ORIENTED_EDGE('',*,*,#5301,.F.);
#7735=ORIENTED_EDGE('',*,*,#5932,.F.);
#7736=ORIENTED_EDGE('',*,*,#5933,.T.);
#7737=ORIENTED_EDGE('',*,*,#5932,.T.);
#7738=ORIENTED_EDGE('',*,*,#5351,.F.);
#7739=ORIENTED_EDGE('',*,*,#5934,.F.);
#7740=ORIENTED_EDGE('',*,*,#5935,.T.);
#7741=ORIENTED_EDGE('',*,*,#5934,.T.);
#7742=ORIENTED_EDGE('',*,*,#5350,.F.);
#7743=ORIENTED_EDGE('',*,*,#5936,.F.);
#7744=ORIENTED_EDGE('',*,*,#5937,.T.);
#7745=ORIENTED_EDGE('',*,*,#5936,.T.);
#7746=ORIENTED_EDGE('',*,*,#5349,.F.);
#7747=ORIENTED_EDGE('',*,*,#5938,.F.);
#7748=ORIENTED_EDGE('',*,*,#5939,.T.);
#7749=ORIENTED_EDGE('',*,*,#5938,.T.);
#7750=ORIENTED_EDGE('',*,*,#5348,.F.);
#7751=ORIENTED_EDGE('',*,*,#5940,.F.);
#7752=ORIENTED_EDGE('',*,*,#5941,.T.);
#7753=ORIENTED_EDGE('',*,*,#5940,.T.);
#7754=ORIENTED_EDGE('',*,*,#5347,.F.);
#7755=ORIENTED_EDGE('',*,*,#5942,.F.);
#7756=ORIENTED_EDGE('',*,*,#5943,.T.);
#7757=ORIENTED_EDGE('',*,*,#5942,.T.);
#7758=ORIENTED_EDGE('',*,*,#5346,.F.);
#7759=ORIENTED_EDGE('',*,*,#5944,.F.);
#7760=ORIENTED_EDGE('',*,*,#5945,.T.);
#7761=ORIENTED_EDGE('',*,*,#5944,.T.);
#7762=ORIENTED_EDGE('',*,*,#5345,.F.);
#7763=ORIENTED_EDGE('',*,*,#5946,.F.);
#7764=ORIENTED_EDGE('',*,*,#5947,.T.);
#7765=ORIENTED_EDGE('',*,*,#5946,.T.);
#7766=ORIENTED_EDGE('',*,*,#5344,.F.);
#7767=ORIENTED_EDGE('',*,*,#5948,.F.);
#7768=ORIENTED_EDGE('',*,*,#5949,.T.);
#7769=ORIENTED_EDGE('',*,*,#5948,.T.);
#7770=ORIENTED_EDGE('',*,*,#5343,.F.);
#7771=ORIENTED_EDGE('',*,*,#5950,.F.);
#7772=ORIENTED_EDGE('',*,*,#5951,.T.);
#7773=ORIENTED_EDGE('',*,*,#5950,.T.);
#7774=ORIENTED_EDGE('',*,*,#5342,.F.);
#7775=ORIENTED_EDGE('',*,*,#5952,.F.);
#7776=ORIENTED_EDGE('',*,*,#5953,.T.);
#7777=ORIENTED_EDGE('',*,*,#5952,.T.);
#7778=ORIENTED_EDGE('',*,*,#5341,.F.);
#7779=ORIENTED_EDGE('',*,*,#5954,.F.);
#7780=ORIENTED_EDGE('',*,*,#5955,.T.);
#7781=ORIENTED_EDGE('',*,*,#5954,.T.);
#7782=ORIENTED_EDGE('',*,*,#5340,.F.);
#7783=ORIENTED_EDGE('',*,*,#5956,.F.);
#7784=ORIENTED_EDGE('',*,*,#5957,.T.);
#7785=ORIENTED_EDGE('',*,*,#5956,.T.);
#7786=ORIENTED_EDGE('',*,*,#5339,.F.);
#7787=ORIENTED_EDGE('',*,*,#5958,.F.);
#7788=ORIENTED_EDGE('',*,*,#5959,.T.);
#7789=ORIENTED_EDGE('',*,*,#5958,.T.);
#7790=ORIENTED_EDGE('',*,*,#5338,.F.);
#7791=ORIENTED_EDGE('',*,*,#5960,.F.);
#7792=ORIENTED_EDGE('',*,*,#5961,.T.);
#7793=ORIENTED_EDGE('',*,*,#5960,.T.);
#7794=ORIENTED_EDGE('',*,*,#5337,.F.);
#7795=ORIENTED_EDGE('',*,*,#5962,.F.);
#7796=ORIENTED_EDGE('',*,*,#5963,.T.);
#7797=ORIENTED_EDGE('',*,*,#5962,.T.);
#7798=ORIENTED_EDGE('',*,*,#5336,.F.);
#7799=ORIENTED_EDGE('',*,*,#5964,.F.);
#7800=ORIENTED_EDGE('',*,*,#5965,.T.);
#7801=ORIENTED_EDGE('',*,*,#5964,.T.);
#7802=ORIENTED_EDGE('',*,*,#5335,.F.);
#7803=ORIENTED_EDGE('',*,*,#5966,.F.);
#7804=ORIENTED_EDGE('',*,*,#5967,.T.);
#7805=ORIENTED_EDGE('',*,*,#5966,.T.);
#7806=ORIENTED_EDGE('',*,*,#5334,.F.);
#7807=ORIENTED_EDGE('',*,*,#5968,.F.);
#7808=ORIENTED_EDGE('',*,*,#5969,.T.);
#7809=ORIENTED_EDGE('',*,*,#5968,.T.);
#7810=ORIENTED_EDGE('',*,*,#5333,.F.);
#7811=ORIENTED_EDGE('',*,*,#5970,.F.);
#7812=ORIENTED_EDGE('',*,*,#5971,.T.);
#7813=ORIENTED_EDGE('',*,*,#5970,.T.);
#7814=ORIENTED_EDGE('',*,*,#5332,.F.);
#7815=ORIENTED_EDGE('',*,*,#5972,.F.);
#7816=ORIENTED_EDGE('',*,*,#5973,.T.);
#7817=ORIENTED_EDGE('',*,*,#5972,.T.);
#7818=ORIENTED_EDGE('',*,*,#5331,.F.);
#7819=ORIENTED_EDGE('',*,*,#5974,.F.);
#7820=ORIENTED_EDGE('',*,*,#5975,.T.);
#7821=ORIENTED_EDGE('',*,*,#5974,.T.);
#7822=ORIENTED_EDGE('',*,*,#5330,.F.);
#7823=ORIENTED_EDGE('',*,*,#5976,.F.);
#7824=ORIENTED_EDGE('',*,*,#5977,.T.);
#7825=ORIENTED_EDGE('',*,*,#5976,.T.);
#7826=ORIENTED_EDGE('',*,*,#5329,.F.);
#7827=ORIENTED_EDGE('',*,*,#5978,.F.);
#7828=ORIENTED_EDGE('',*,*,#5979,.T.);
#7829=ORIENTED_EDGE('',*,*,#5978,.T.);
#7830=ORIENTED_EDGE('',*,*,#5328,.F.);
#7831=ORIENTED_EDGE('',*,*,#5980,.F.);
#7832=ORIENTED_EDGE('',*,*,#5981,.T.);
#7833=ORIENTED_EDGE('',*,*,#5980,.T.);
#7834=ORIENTED_EDGE('',*,*,#5327,.F.);
#7835=ORIENTED_EDGE('',*,*,#5982,.F.);
#7836=ORIENTED_EDGE('',*,*,#5983,.T.);
#7837=ORIENTED_EDGE('',*,*,#5982,.T.);
#7838=ORIENTED_EDGE('',*,*,#5326,.F.);
#7839=ORIENTED_EDGE('',*,*,#5984,.F.);
#7840=ORIENTED_EDGE('',*,*,#5985,.T.);
#7841=ORIENTED_EDGE('',*,*,#5984,.T.);
#7842=ORIENTED_EDGE('',*,*,#5325,.F.);
#7843=ORIENTED_EDGE('',*,*,#5986,.F.);
#7844=ORIENTED_EDGE('',*,*,#5987,.T.);
#7845=ORIENTED_EDGE('',*,*,#5986,.T.);
#7846=ORIENTED_EDGE('',*,*,#5324,.F.);
#7847=ORIENTED_EDGE('',*,*,#5988,.F.);
#7848=ORIENTED_EDGE('',*,*,#5989,.T.);
#7849=ORIENTED_EDGE('',*,*,#5988,.T.);
#7850=ORIENTED_EDGE('',*,*,#5323,.F.);
#7851=ORIENTED_EDGE('',*,*,#5990,.F.);
#7852=ORIENTED_EDGE('',*,*,#5991,.T.);
#7853=ORIENTED_EDGE('',*,*,#5990,.T.);
#7854=ORIENTED_EDGE('',*,*,#5322,.F.);
#7855=ORIENTED_EDGE('',*,*,#5992,.F.);
#7856=ORIENTED_EDGE('',*,*,#5993,.T.);
#7857=ORIENTED_EDGE('',*,*,#5992,.T.);
#7858=ORIENTED_EDGE('',*,*,#5321,.F.);
#7859=ORIENTED_EDGE('',*,*,#5994,.F.);
#7860=ORIENTED_EDGE('',*,*,#5995,.T.);
#7861=ORIENTED_EDGE('',*,*,#5994,.T.);
#7862=ORIENTED_EDGE('',*,*,#5320,.F.);
#7863=ORIENTED_EDGE('',*,*,#5996,.F.);
#7864=ORIENTED_EDGE('',*,*,#5997,.T.);
#7865=ORIENTED_EDGE('',*,*,#5996,.T.);
#7866=ORIENTED_EDGE('',*,*,#5319,.F.);
#7867=ORIENTED_EDGE('',*,*,#5998,.F.);
#7868=ORIENTED_EDGE('',*,*,#5999,.T.);
#7869=ORIENTED_EDGE('',*,*,#5998,.T.);
#7870=ORIENTED_EDGE('',*,*,#5318,.F.);
#7871=ORIENTED_EDGE('',*,*,#6000,.F.);
#7872=ORIENTED_EDGE('',*,*,#6001,.T.);
#7873=ORIENTED_EDGE('',*,*,#6000,.T.);
#7874=ORIENTED_EDGE('',*,*,#5317,.F.);
#7875=ORIENTED_EDGE('',*,*,#6002,.F.);
#7876=ORIENTED_EDGE('',*,*,#6003,.T.);
#7877=ORIENTED_EDGE('',*,*,#6002,.T.);
#7878=ORIENTED_EDGE('',*,*,#5316,.F.);
#7879=ORIENTED_EDGE('',*,*,#6004,.F.);
#7880=ORIENTED_EDGE('',*,*,#6005,.T.);
#7881=ORIENTED_EDGE('',*,*,#6004,.T.);
#7882=ORIENTED_EDGE('',*,*,#5315,.F.);
#7883=ORIENTED_EDGE('',*,*,#6006,.F.);
#7884=ORIENTED_EDGE('',*,*,#6007,.T.);
#7885=ORIENTED_EDGE('',*,*,#6006,.T.);
#7886=ORIENTED_EDGE('',*,*,#5314,.F.);
#7887=ORIENTED_EDGE('',*,*,#6008,.F.);
#7888=ORIENTED_EDGE('',*,*,#6009,.T.);
#7889=ORIENTED_EDGE('',*,*,#6008,.T.);
#7890=ORIENTED_EDGE('',*,*,#5313,.F.);
#7891=ORIENTED_EDGE('',*,*,#6010,.F.);
#7892=ORIENTED_EDGE('',*,*,#6011,.T.);
#7893=ORIENTED_EDGE('',*,*,#6010,.T.);
#7894=ORIENTED_EDGE('',*,*,#5312,.F.);
#7895=ORIENTED_EDGE('',*,*,#6012,.F.);
#7896=ORIENTED_EDGE('',*,*,#6013,.T.);
#7897=ORIENTED_EDGE('',*,*,#6012,.T.);
#7898=ORIENTED_EDGE('',*,*,#5311,.F.);
#7899=ORIENTED_EDGE('',*,*,#6014,.F.);
#7900=ORIENTED_EDGE('',*,*,#6015,.T.);
#7901=ORIENTED_EDGE('',*,*,#6014,.T.);
#7902=ORIENTED_EDGE('',*,*,#5310,.F.);
#7903=ORIENTED_EDGE('',*,*,#6016,.F.);
#7904=ORIENTED_EDGE('',*,*,#6017,.T.);
#7905=ORIENTED_EDGE('',*,*,#6016,.T.);
#7906=ORIENTED_EDGE('',*,*,#5309,.F.);
#7907=ORIENTED_EDGE('',*,*,#6018,.F.);
#7908=ORIENTED_EDGE('',*,*,#6019,.T.);
#7909=ORIENTED_EDGE('',*,*,#6018,.T.);
#7910=ORIENTED_EDGE('',*,*,#5308,.F.);
#7911=ORIENTED_EDGE('',*,*,#6020,.F.);
#7912=ORIENTED_EDGE('',*,*,#6021,.T.);
#7913=ORIENTED_EDGE('',*,*,#6020,.T.);
#7914=ORIENTED_EDGE('',*,*,#5307,.F.);
#7915=ORIENTED_EDGE('',*,*,#6022,.F.);
#7916=ORIENTED_EDGE('',*,*,#6023,.T.);
#7917=ORIENTED_EDGE('',*,*,#6022,.T.);
#7918=ORIENTED_EDGE('',*,*,#5306,.F.);
#7919=ORIENTED_EDGE('',*,*,#6024,.F.);
#7920=ORIENTED_EDGE('',*,*,#6025,.T.);
#7921=ORIENTED_EDGE('',*,*,#6024,.T.);
#7922=ORIENTED_EDGE('',*,*,#5305,.F.);
#7923=ORIENTED_EDGE('',*,*,#6026,.F.);
#7924=ORIENTED_EDGE('',*,*,#6027,.T.);
#7925=ORIENTED_EDGE('',*,*,#6026,.T.);
#7926=ORIENTED_EDGE('',*,*,#5304,.F.);
#7927=ORIENTED_EDGE('',*,*,#6028,.F.);
#7928=ORIENTED_EDGE('',*,*,#6029,.T.);
#7929=ORIENTED_EDGE('',*,*,#6028,.T.);
#7930=ORIENTED_EDGE('',*,*,#5303,.F.);
#7931=ORIENTED_EDGE('',*,*,#5929,.F.);
#7932=ORIENTED_EDGE('',*,*,#6030,.T.);
#7933=ORIENTED_EDGE('',*,*,#6031,.T.);
#7934=ORIENTED_EDGE('',*,*,#5200,.F.);
#7935=ORIENTED_EDGE('',*,*,#6032,.F.);
#7936=ORIENTED_EDGE('',*,*,#6033,.T.);
#7937=ORIENTED_EDGE('',*,*,#6032,.T.);
#7938=ORIENTED_EDGE('',*,*,#5199,.F.);
#7939=ORIENTED_EDGE('',*,*,#6034,.F.);
#7940=ORIENTED_EDGE('',*,*,#6035,.T.);
#7941=ORIENTED_EDGE('',*,*,#6034,.T.);
#7942=ORIENTED_EDGE('',*,*,#5249,.F.);
#7943=ORIENTED_EDGE('',*,*,#6036,.F.);
#7944=ORIENTED_EDGE('',*,*,#6037,.T.);
#7945=ORIENTED_EDGE('',*,*,#6036,.T.);
#7946=ORIENTED_EDGE('',*,*,#5248,.F.);
#7947=ORIENTED_EDGE('',*,*,#6038,.F.);
#7948=ORIENTED_EDGE('',*,*,#6039,.T.);
#7949=ORIENTED_EDGE('',*,*,#6038,.T.);
#7950=ORIENTED_EDGE('',*,*,#5247,.F.);
#7951=ORIENTED_EDGE('',*,*,#6040,.F.);
#7952=ORIENTED_EDGE('',*,*,#6041,.T.);
#7953=ORIENTED_EDGE('',*,*,#6040,.T.);
#7954=ORIENTED_EDGE('',*,*,#5246,.F.);
#7955=ORIENTED_EDGE('',*,*,#6042,.F.);
#7956=ORIENTED_EDGE('',*,*,#6043,.T.);
#7957=ORIENTED_EDGE('',*,*,#6042,.T.);
#7958=ORIENTED_EDGE('',*,*,#5245,.F.);
#7959=ORIENTED_EDGE('',*,*,#6044,.F.);
#7960=ORIENTED_EDGE('',*,*,#6045,.T.);
#7961=ORIENTED_EDGE('',*,*,#6044,.T.);
#7962=ORIENTED_EDGE('',*,*,#5244,.F.);
#7963=ORIENTED_EDGE('',*,*,#6046,.F.);
#7964=ORIENTED_EDGE('',*,*,#6047,.T.);
#7965=ORIENTED_EDGE('',*,*,#6046,.T.);
#7966=ORIENTED_EDGE('',*,*,#5243,.F.);
#7967=ORIENTED_EDGE('',*,*,#6048,.F.);
#7968=ORIENTED_EDGE('',*,*,#6049,.T.);
#7969=ORIENTED_EDGE('',*,*,#6048,.T.);
#7970=ORIENTED_EDGE('',*,*,#5242,.F.);
#7971=ORIENTED_EDGE('',*,*,#6050,.F.);
#7972=ORIENTED_EDGE('',*,*,#6051,.T.);
#7973=ORIENTED_EDGE('',*,*,#6050,.T.);
#7974=ORIENTED_EDGE('',*,*,#5241,.F.);
#7975=ORIENTED_EDGE('',*,*,#6052,.F.);
#7976=ORIENTED_EDGE('',*,*,#6053,.T.);
#7977=ORIENTED_EDGE('',*,*,#6052,.T.);
#7978=ORIENTED_EDGE('',*,*,#5240,.F.);
#7979=ORIENTED_EDGE('',*,*,#6054,.F.);
#7980=ORIENTED_EDGE('',*,*,#6055,.T.);
#7981=ORIENTED_EDGE('',*,*,#6054,.T.);
#7982=ORIENTED_EDGE('',*,*,#5239,.F.);
#7983=ORIENTED_EDGE('',*,*,#6056,.F.);
#7984=ORIENTED_EDGE('',*,*,#6057,.T.);
#7985=ORIENTED_EDGE('',*,*,#6056,.T.);
#7986=ORIENTED_EDGE('',*,*,#5238,.F.);
#7987=ORIENTED_EDGE('',*,*,#6058,.F.);
#7988=ORIENTED_EDGE('',*,*,#6059,.T.);
#7989=ORIENTED_EDGE('',*,*,#6058,.T.);
#7990=ORIENTED_EDGE('',*,*,#5237,.F.);
#7991=ORIENTED_EDGE('',*,*,#6060,.F.);
#7992=ORIENTED_EDGE('',*,*,#6061,.T.);
#7993=ORIENTED_EDGE('',*,*,#6060,.T.);
#7994=ORIENTED_EDGE('',*,*,#5236,.F.);
#7995=ORIENTED_EDGE('',*,*,#6062,.F.);
#7996=ORIENTED_EDGE('',*,*,#6063,.T.);
#7997=ORIENTED_EDGE('',*,*,#6062,.T.);
#7998=ORIENTED_EDGE('',*,*,#5235,.F.);
#7999=ORIENTED_EDGE('',*,*,#6064,.F.);
#8000=ORIENTED_EDGE('',*,*,#6065,.T.);
#8001=ORIENTED_EDGE('',*,*,#6064,.T.);
#8002=ORIENTED_EDGE('',*,*,#5234,.F.);
#8003=ORIENTED_EDGE('',*,*,#6066,.F.);
#8004=ORIENTED_EDGE('',*,*,#6067,.T.);
#8005=ORIENTED_EDGE('',*,*,#6066,.T.);
#8006=ORIENTED_EDGE('',*,*,#5233,.F.);
#8007=ORIENTED_EDGE('',*,*,#6068,.F.);
#8008=ORIENTED_EDGE('',*,*,#6069,.T.);
#8009=ORIENTED_EDGE('',*,*,#6068,.T.);
#8010=ORIENTED_EDGE('',*,*,#5232,.F.);
#8011=ORIENTED_EDGE('',*,*,#6070,.F.);
#8012=ORIENTED_EDGE('',*,*,#6071,.T.);
#8013=ORIENTED_EDGE('',*,*,#6070,.T.);
#8014=ORIENTED_EDGE('',*,*,#5231,.F.);
#8015=ORIENTED_EDGE('',*,*,#6072,.F.);
#8016=ORIENTED_EDGE('',*,*,#6073,.T.);
#8017=ORIENTED_EDGE('',*,*,#6072,.T.);
#8018=ORIENTED_EDGE('',*,*,#5230,.F.);
#8019=ORIENTED_EDGE('',*,*,#6074,.F.);
#8020=ORIENTED_EDGE('',*,*,#6075,.T.);
#8021=ORIENTED_EDGE('',*,*,#6074,.T.);
#8022=ORIENTED_EDGE('',*,*,#5229,.F.);
#8023=ORIENTED_EDGE('',*,*,#6076,.F.);
#8024=ORIENTED_EDGE('',*,*,#6077,.T.);
#8025=ORIENTED_EDGE('',*,*,#6076,.T.);
#8026=ORIENTED_EDGE('',*,*,#5228,.F.);
#8027=ORIENTED_EDGE('',*,*,#6078,.F.);
#8028=ORIENTED_EDGE('',*,*,#6079,.T.);
#8029=ORIENTED_EDGE('',*,*,#6078,.T.);
#8030=ORIENTED_EDGE('',*,*,#5227,.F.);
#8031=ORIENTED_EDGE('',*,*,#6080,.F.);
#8032=ORIENTED_EDGE('',*,*,#6081,.T.);
#8033=ORIENTED_EDGE('',*,*,#6080,.T.);
#8034=ORIENTED_EDGE('',*,*,#5226,.F.);
#8035=ORIENTED_EDGE('',*,*,#6082,.F.);
#8036=ORIENTED_EDGE('',*,*,#6083,.T.);
#8037=ORIENTED_EDGE('',*,*,#6082,.T.);
#8038=ORIENTED_EDGE('',*,*,#5225,.F.);
#8039=ORIENTED_EDGE('',*,*,#6084,.F.);
#8040=ORIENTED_EDGE('',*,*,#6085,.T.);
#8041=ORIENTED_EDGE('',*,*,#6084,.T.);
#8042=ORIENTED_EDGE('',*,*,#5224,.F.);
#8043=ORIENTED_EDGE('',*,*,#6086,.F.);
#8044=ORIENTED_EDGE('',*,*,#6087,.T.);
#8045=ORIENTED_EDGE('',*,*,#6086,.T.);
#8046=ORIENTED_EDGE('',*,*,#5223,.F.);
#8047=ORIENTED_EDGE('',*,*,#6088,.F.);
#8048=ORIENTED_EDGE('',*,*,#6089,.T.);
#8049=ORIENTED_EDGE('',*,*,#6088,.T.);
#8050=ORIENTED_EDGE('',*,*,#5222,.F.);
#8051=ORIENTED_EDGE('',*,*,#6090,.F.);
#8052=ORIENTED_EDGE('',*,*,#6091,.T.);
#8053=ORIENTED_EDGE('',*,*,#6090,.T.);
#8054=ORIENTED_EDGE('',*,*,#5221,.F.);
#8055=ORIENTED_EDGE('',*,*,#6092,.F.);
#8056=ORIENTED_EDGE('',*,*,#6093,.T.);
#8057=ORIENTED_EDGE('',*,*,#6092,.T.);
#8058=ORIENTED_EDGE('',*,*,#5220,.F.);
#8059=ORIENTED_EDGE('',*,*,#6094,.F.);
#8060=ORIENTED_EDGE('',*,*,#6095,.T.);
#8061=ORIENTED_EDGE('',*,*,#6094,.T.);
#8062=ORIENTED_EDGE('',*,*,#5219,.F.);
#8063=ORIENTED_EDGE('',*,*,#6096,.F.);
#8064=ORIENTED_EDGE('',*,*,#6097,.T.);
#8065=ORIENTED_EDGE('',*,*,#6096,.T.);
#8066=ORIENTED_EDGE('',*,*,#5218,.F.);
#8067=ORIENTED_EDGE('',*,*,#6098,.F.);
#8068=ORIENTED_EDGE('',*,*,#6099,.T.);
#8069=ORIENTED_EDGE('',*,*,#6098,.T.);
#8070=ORIENTED_EDGE('',*,*,#5217,.F.);
#8071=ORIENTED_EDGE('',*,*,#6100,.F.);
#8072=ORIENTED_EDGE('',*,*,#6101,.T.);
#8073=ORIENTED_EDGE('',*,*,#6100,.T.);
#8074=ORIENTED_EDGE('',*,*,#5216,.F.);
#8075=ORIENTED_EDGE('',*,*,#6102,.F.);
#8076=ORIENTED_EDGE('',*,*,#6103,.T.);
#8077=ORIENTED_EDGE('',*,*,#6102,.T.);
#8078=ORIENTED_EDGE('',*,*,#5215,.F.);
#8079=ORIENTED_EDGE('',*,*,#6104,.F.);
#8080=ORIENTED_EDGE('',*,*,#6105,.T.);
#8081=ORIENTED_EDGE('',*,*,#6104,.T.);
#8082=ORIENTED_EDGE('',*,*,#5214,.F.);
#8083=ORIENTED_EDGE('',*,*,#6106,.F.);
#8084=ORIENTED_EDGE('',*,*,#6107,.T.);
#8085=ORIENTED_EDGE('',*,*,#6106,.T.);
#8086=ORIENTED_EDGE('',*,*,#5213,.F.);
#8087=ORIENTED_EDGE('',*,*,#6108,.F.);
#8088=ORIENTED_EDGE('',*,*,#6109,.T.);
#8089=ORIENTED_EDGE('',*,*,#6108,.T.);
#8090=ORIENTED_EDGE('',*,*,#5212,.F.);
#8091=ORIENTED_EDGE('',*,*,#6110,.F.);
#8092=ORIENTED_EDGE('',*,*,#6111,.T.);
#8093=ORIENTED_EDGE('',*,*,#6110,.T.);
#8094=ORIENTED_EDGE('',*,*,#5211,.F.);
#8095=ORIENTED_EDGE('',*,*,#6112,.F.);
#8096=ORIENTED_EDGE('',*,*,#6113,.T.);
#8097=ORIENTED_EDGE('',*,*,#6112,.T.);
#8098=ORIENTED_EDGE('',*,*,#5210,.F.);
#8099=ORIENTED_EDGE('',*,*,#6114,.F.);
#8100=ORIENTED_EDGE('',*,*,#6115,.T.);
#8101=ORIENTED_EDGE('',*,*,#6114,.T.);
#8102=ORIENTED_EDGE('',*,*,#5209,.F.);
#8103=ORIENTED_EDGE('',*,*,#6116,.F.);
#8104=ORIENTED_EDGE('',*,*,#6117,.T.);
#8105=ORIENTED_EDGE('',*,*,#6116,.T.);
#8106=ORIENTED_EDGE('',*,*,#5208,.F.);
#8107=ORIENTED_EDGE('',*,*,#6118,.F.);
#8108=ORIENTED_EDGE('',*,*,#6119,.T.);
#8109=ORIENTED_EDGE('',*,*,#6118,.T.);
#8110=ORIENTED_EDGE('',*,*,#5207,.F.);
#8111=ORIENTED_EDGE('',*,*,#6120,.F.);
#8112=ORIENTED_EDGE('',*,*,#6121,.T.);
#8113=ORIENTED_EDGE('',*,*,#6120,.T.);
#8114=ORIENTED_EDGE('',*,*,#5206,.F.);
#8115=ORIENTED_EDGE('',*,*,#6122,.F.);
#8116=ORIENTED_EDGE('',*,*,#6123,.T.);
#8117=ORIENTED_EDGE('',*,*,#6122,.T.);
#8118=ORIENTED_EDGE('',*,*,#5205,.F.);
#8119=ORIENTED_EDGE('',*,*,#6124,.F.);
#8120=ORIENTED_EDGE('',*,*,#6125,.T.);
#8121=ORIENTED_EDGE('',*,*,#6124,.T.);
#8122=ORIENTED_EDGE('',*,*,#5204,.F.);
#8123=ORIENTED_EDGE('',*,*,#6126,.F.);
#8124=ORIENTED_EDGE('',*,*,#6127,.T.);
#8125=ORIENTED_EDGE('',*,*,#6126,.T.);
#8126=ORIENTED_EDGE('',*,*,#5203,.F.);
#8127=ORIENTED_EDGE('',*,*,#6128,.F.);
#8128=ORIENTED_EDGE('',*,*,#6129,.T.);
#8129=ORIENTED_EDGE('',*,*,#6128,.T.);
#8130=ORIENTED_EDGE('',*,*,#5202,.F.);
#8131=ORIENTED_EDGE('',*,*,#6130,.F.);
#8132=ORIENTED_EDGE('',*,*,#6131,.T.);
#8133=ORIENTED_EDGE('',*,*,#6130,.T.);
#8134=ORIENTED_EDGE('',*,*,#5201,.F.);
#8135=ORIENTED_EDGE('',*,*,#6031,.F.);
#8136=ORIENTED_EDGE('',*,*,#6132,.T.);
#8137=ORIENTED_EDGE('',*,*,#6133,.T.);
#8138=ORIENTED_EDGE('',*,*,#5251,.F.);
#8139=ORIENTED_EDGE('',*,*,#6134,.F.);
#8140=ORIENTED_EDGE('',*,*,#6135,.T.);
#8141=ORIENTED_EDGE('',*,*,#6134,.T.);
#8142=ORIENTED_EDGE('',*,*,#5250,.F.);
#8143=ORIENTED_EDGE('',*,*,#6136,.F.);
#8144=ORIENTED_EDGE('',*,*,#6137,.T.);
#8145=ORIENTED_EDGE('',*,*,#6136,.T.);
#8146=ORIENTED_EDGE('',*,*,#5300,.F.);
#8147=ORIENTED_EDGE('',*,*,#6138,.F.);
#8148=ORIENTED_EDGE('',*,*,#6139,.T.);
#8149=ORIENTED_EDGE('',*,*,#6138,.T.);
#8150=ORIENTED_EDGE('',*,*,#5299,.F.);
#8151=ORIENTED_EDGE('',*,*,#6140,.F.);
#8152=ORIENTED_EDGE('',*,*,#6141,.T.);
#8153=ORIENTED_EDGE('',*,*,#6140,.T.);
#8154=ORIENTED_EDGE('',*,*,#5298,.F.);
#8155=ORIENTED_EDGE('',*,*,#6142,.F.);
#8156=ORIENTED_EDGE('',*,*,#6143,.T.);
#8157=ORIENTED_EDGE('',*,*,#6142,.T.);
#8158=ORIENTED_EDGE('',*,*,#5297,.F.);
#8159=ORIENTED_EDGE('',*,*,#6144,.F.);
#8160=ORIENTED_EDGE('',*,*,#6145,.T.);
#8161=ORIENTED_EDGE('',*,*,#6144,.T.);
#8162=ORIENTED_EDGE('',*,*,#5296,.F.);
#8163=ORIENTED_EDGE('',*,*,#6146,.F.);
#8164=ORIENTED_EDGE('',*,*,#6147,.T.);
#8165=ORIENTED_EDGE('',*,*,#6146,.T.);
#8166=ORIENTED_EDGE('',*,*,#5295,.F.);
#8167=ORIENTED_EDGE('',*,*,#6148,.F.);
#8168=ORIENTED_EDGE('',*,*,#6149,.T.);
#8169=ORIENTED_EDGE('',*,*,#6148,.T.);
#8170=ORIENTED_EDGE('',*,*,#5294,.F.);
#8171=ORIENTED_EDGE('',*,*,#6150,.F.);
#8172=ORIENTED_EDGE('',*,*,#6151,.T.);
#8173=ORIENTED_EDGE('',*,*,#6150,.T.);
#8174=ORIENTED_EDGE('',*,*,#5293,.F.);
#8175=ORIENTED_EDGE('',*,*,#6152,.F.);
#8176=ORIENTED_EDGE('',*,*,#6153,.T.);
#8177=ORIENTED_EDGE('',*,*,#6152,.T.);
#8178=ORIENTED_EDGE('',*,*,#5292,.F.);
#8179=ORIENTED_EDGE('',*,*,#6154,.F.);
#8180=ORIENTED_EDGE('',*,*,#6155,.T.);
#8181=ORIENTED_EDGE('',*,*,#6154,.T.);
#8182=ORIENTED_EDGE('',*,*,#5291,.F.);
#8183=ORIENTED_EDGE('',*,*,#6156,.F.);
#8184=ORIENTED_EDGE('',*,*,#6157,.T.);
#8185=ORIENTED_EDGE('',*,*,#6156,.T.);
#8186=ORIENTED_EDGE('',*,*,#5290,.F.);
#8187=ORIENTED_EDGE('',*,*,#6158,.F.);
#8188=ORIENTED_EDGE('',*,*,#6159,.T.);
#8189=ORIENTED_EDGE('',*,*,#6158,.T.);
#8190=ORIENTED_EDGE('',*,*,#5289,.F.);
#8191=ORIENTED_EDGE('',*,*,#6160,.F.);
#8192=ORIENTED_EDGE('',*,*,#6161,.T.);
#8193=ORIENTED_EDGE('',*,*,#6160,.T.);
#8194=ORIENTED_EDGE('',*,*,#5288,.F.);
#8195=ORIENTED_EDGE('',*,*,#6162,.F.);
#8196=ORIENTED_EDGE('',*,*,#6163,.T.);
#8197=ORIENTED_EDGE('',*,*,#6162,.T.);
#8198=ORIENTED_EDGE('',*,*,#5287,.F.);
#8199=ORIENTED_EDGE('',*,*,#6164,.F.);
#8200=ORIENTED_EDGE('',*,*,#6165,.T.);
#8201=ORIENTED_EDGE('',*,*,#6164,.T.);
#8202=ORIENTED_EDGE('',*,*,#5286,.F.);
#8203=ORIENTED_EDGE('',*,*,#6166,.F.);
#8204=ORIENTED_EDGE('',*,*,#6167,.T.);
#8205=ORIENTED_EDGE('',*,*,#6166,.T.);
#8206=ORIENTED_EDGE('',*,*,#5285,.F.);
#8207=ORIENTED_EDGE('',*,*,#6168,.F.);
#8208=ORIENTED_EDGE('',*,*,#6169,.T.);
#8209=ORIENTED_EDGE('',*,*,#6168,.T.);
#8210=ORIENTED_EDGE('',*,*,#5284,.F.);
#8211=ORIENTED_EDGE('',*,*,#6170,.F.);
#8212=ORIENTED_EDGE('',*,*,#6171,.T.);
#8213=ORIENTED_EDGE('',*,*,#6170,.T.);
#8214=ORIENTED_EDGE('',*,*,#5283,.F.);
#8215=ORIENTED_EDGE('',*,*,#6172,.F.);
#8216=ORIENTED_EDGE('',*,*,#6173,.T.);
#8217=ORIENTED_EDGE('',*,*,#6172,.T.);
#8218=ORIENTED_EDGE('',*,*,#5282,.F.);
#8219=ORIENTED_EDGE('',*,*,#6174,.F.);
#8220=ORIENTED_EDGE('',*,*,#6175,.T.);
#8221=ORIENTED_EDGE('',*,*,#6174,.T.);
#8222=ORIENTED_EDGE('',*,*,#5281,.F.);
#8223=ORIENTED_EDGE('',*,*,#6176,.F.);
#8224=ORIENTED_EDGE('',*,*,#6177,.T.);
#8225=ORIENTED_EDGE('',*,*,#6176,.T.);
#8226=ORIENTED_EDGE('',*,*,#5280,.F.);
#8227=ORIENTED_EDGE('',*,*,#6178,.F.);
#8228=ORIENTED_EDGE('',*,*,#6179,.T.);
#8229=ORIENTED_EDGE('',*,*,#6178,.T.);
#8230=ORIENTED_EDGE('',*,*,#5279,.F.);
#8231=ORIENTED_EDGE('',*,*,#6180,.F.);
#8232=ORIENTED_EDGE('',*,*,#6181,.T.);
#8233=ORIENTED_EDGE('',*,*,#6180,.T.);
#8234=ORIENTED_EDGE('',*,*,#5278,.F.);
#8235=ORIENTED_EDGE('',*,*,#6182,.F.);
#8236=ORIENTED_EDGE('',*,*,#6183,.T.);
#8237=ORIENTED_EDGE('',*,*,#6182,.T.);
#8238=ORIENTED_EDGE('',*,*,#5277,.F.);
#8239=ORIENTED_EDGE('',*,*,#6184,.F.);
#8240=ORIENTED_EDGE('',*,*,#6185,.T.);
#8241=ORIENTED_EDGE('',*,*,#6184,.T.);
#8242=ORIENTED_EDGE('',*,*,#5276,.F.);
#8243=ORIENTED_EDGE('',*,*,#6186,.F.);
#8244=ORIENTED_EDGE('',*,*,#6187,.T.);
#8245=ORIENTED_EDGE('',*,*,#6186,.T.);
#8246=ORIENTED_EDGE('',*,*,#5275,.F.);
#8247=ORIENTED_EDGE('',*,*,#6188,.F.);
#8248=ORIENTED_EDGE('',*,*,#6189,.T.);
#8249=ORIENTED_EDGE('',*,*,#6188,.T.);
#8250=ORIENTED_EDGE('',*,*,#5274,.F.);
#8251=ORIENTED_EDGE('',*,*,#6190,.F.);
#8252=ORIENTED_EDGE('',*,*,#6191,.T.);
#8253=ORIENTED_EDGE('',*,*,#6190,.T.);
#8254=ORIENTED_EDGE('',*,*,#5273,.F.);
#8255=ORIENTED_EDGE('',*,*,#6192,.F.);
#8256=ORIENTED_EDGE('',*,*,#6193,.T.);
#8257=ORIENTED_EDGE('',*,*,#6192,.T.);
#8258=ORIENTED_EDGE('',*,*,#5272,.F.);
#8259=ORIENTED_EDGE('',*,*,#6194,.F.);
#8260=ORIENTED_EDGE('',*,*,#6195,.T.);
#8261=ORIENTED_EDGE('',*,*,#6194,.T.);
#8262=ORIENTED_EDGE('',*,*,#5271,.F.);
#8263=ORIENTED_EDGE('',*,*,#6196,.F.);
#8264=ORIENTED_EDGE('',*,*,#6197,.T.);
#8265=ORIENTED_EDGE('',*,*,#6196,.T.);
#8266=ORIENTED_EDGE('',*,*,#5270,.F.);
#8267=ORIENTED_EDGE('',*,*,#6198,.F.);
#8268=ORIENTED_EDGE('',*,*,#6199,.T.);
#8269=ORIENTED_EDGE('',*,*,#6198,.T.);
#8270=ORIENTED_EDGE('',*,*,#5269,.F.);
#8271=ORIENTED_EDGE('',*,*,#6200,.F.);
#8272=ORIENTED_EDGE('',*,*,#6201,.T.);
#8273=ORIENTED_EDGE('',*,*,#6200,.T.);
#8274=ORIENTED_EDGE('',*,*,#5268,.F.);
#8275=ORIENTED_EDGE('',*,*,#6202,.F.);
#8276=ORIENTED_EDGE('',*,*,#6203,.T.);
#8277=ORIENTED_EDGE('',*,*,#6202,.T.);
#8278=ORIENTED_EDGE('',*,*,#5267,.F.);
#8279=ORIENTED_EDGE('',*,*,#6204,.F.);
#8280=ORIENTED_EDGE('',*,*,#6205,.T.);
#8281=ORIENTED_EDGE('',*,*,#6204,.T.);
#8282=ORIENTED_EDGE('',*,*,#5266,.F.);
#8283=ORIENTED_EDGE('',*,*,#6206,.F.);
#8284=ORIENTED_EDGE('',*,*,#6207,.T.);
#8285=ORIENTED_EDGE('',*,*,#6206,.T.);
#8286=ORIENTED_EDGE('',*,*,#5265,.F.);
#8287=ORIENTED_EDGE('',*,*,#6208,.F.);
#8288=ORIENTED_EDGE('',*,*,#6209,.T.);
#8289=ORIENTED_EDGE('',*,*,#6208,.T.);
#8290=ORIENTED_EDGE('',*,*,#5264,.F.);
#8291=ORIENTED_EDGE('',*,*,#6210,.F.);
#8292=ORIENTED_EDGE('',*,*,#6211,.T.);
#8293=ORIENTED_EDGE('',*,*,#6210,.T.);
#8294=ORIENTED_EDGE('',*,*,#5263,.F.);
#8295=ORIENTED_EDGE('',*,*,#6212,.F.);
#8296=ORIENTED_EDGE('',*,*,#6213,.T.);
#8297=ORIENTED_EDGE('',*,*,#6212,.T.);
#8298=ORIENTED_EDGE('',*,*,#5262,.F.);
#8299=ORIENTED_EDGE('',*,*,#6214,.F.);
#8300=ORIENTED_EDGE('',*,*,#6215,.T.);
#8301=ORIENTED_EDGE('',*,*,#6214,.T.);
#8302=ORIENTED_EDGE('',*,*,#5261,.F.);
#8303=ORIENTED_EDGE('',*,*,#6216,.F.);
#8304=ORIENTED_EDGE('',*,*,#6217,.T.);
#8305=ORIENTED_EDGE('',*,*,#6216,.T.);
#8306=ORIENTED_EDGE('',*,*,#5260,.F.);
#8307=ORIENTED_EDGE('',*,*,#6218,.F.);
#8308=ORIENTED_EDGE('',*,*,#6219,.T.);
#8309=ORIENTED_EDGE('',*,*,#6218,.T.);
#8310=ORIENTED_EDGE('',*,*,#5259,.F.);
#8311=ORIENTED_EDGE('',*,*,#6220,.F.);
#8312=ORIENTED_EDGE('',*,*,#6221,.T.);
#8313=ORIENTED_EDGE('',*,*,#6220,.T.);
#8314=ORIENTED_EDGE('',*,*,#5258,.F.);
#8315=ORIENTED_EDGE('',*,*,#6222,.F.);
#8316=ORIENTED_EDGE('',*,*,#6223,.T.);
#8317=ORIENTED_EDGE('',*,*,#6222,.T.);
#8318=ORIENTED_EDGE('',*,*,#5257,.F.);
#8319=ORIENTED_EDGE('',*,*,#6224,.F.);
#8320=ORIENTED_EDGE('',*,*,#6225,.T.);
#8321=ORIENTED_EDGE('',*,*,#6224,.T.);
#8322=ORIENTED_EDGE('',*,*,#5256,.F.);
#8323=ORIENTED_EDGE('',*,*,#6226,.F.);
#8324=ORIENTED_EDGE('',*,*,#6227,.T.);
#8325=ORIENTED_EDGE('',*,*,#6226,.T.);
#8326=ORIENTED_EDGE('',*,*,#5255,.F.);
#8327=ORIENTED_EDGE('',*,*,#6228,.F.);
#8328=ORIENTED_EDGE('',*,*,#6229,.T.);
#8329=ORIENTED_EDGE('',*,*,#6228,.T.);
#8330=ORIENTED_EDGE('',*,*,#5254,.F.);
#8331=ORIENTED_EDGE('',*,*,#6230,.F.);
#8332=ORIENTED_EDGE('',*,*,#6231,.T.);
#8333=ORIENTED_EDGE('',*,*,#6230,.T.);
#8334=ORIENTED_EDGE('',*,*,#5253,.F.);
#8335=ORIENTED_EDGE('',*,*,#6232,.F.);
#8336=ORIENTED_EDGE('',*,*,#6233,.T.);
#8337=ORIENTED_EDGE('',*,*,#6232,.T.);
#8338=ORIENTED_EDGE('',*,*,#5252,.F.);
#8339=ORIENTED_EDGE('',*,*,#6133,.F.);
#8340=ORIENTED_EDGE('',*,*,#6234,.T.);
#8341=ORIENTED_EDGE('',*,*,#6235,.T.);
#8342=ORIENTED_EDGE('',*,*,#5106,.F.);
#8343=ORIENTED_EDGE('',*,*,#6236,.F.);
#8344=ORIENTED_EDGE('',*,*,#6237,.T.);
#8345=ORIENTED_EDGE('',*,*,#6236,.T.);
#8346=ORIENTED_EDGE('',*,*,#5198,.F.);
#8347=ORIENTED_EDGE('',*,*,#6238,.F.);
#8348=ORIENTED_EDGE('',*,*,#6239,.T.);
#8349=ORIENTED_EDGE('',*,*,#6238,.T.);
#8350=ORIENTED_EDGE('',*,*,#5197,.F.);
#8351=ORIENTED_EDGE('',*,*,#6240,.F.);
#8352=ORIENTED_EDGE('',*,*,#6241,.T.);
#8353=ORIENTED_EDGE('',*,*,#6240,.T.);
#8354=ORIENTED_EDGE('',*,*,#5196,.F.);
#8355=ORIENTED_EDGE('',*,*,#6242,.F.);
#8356=ORIENTED_EDGE('',*,*,#6243,.T.);
#8357=ORIENTED_EDGE('',*,*,#6242,.T.);
#8358=ORIENTED_EDGE('',*,*,#5195,.F.);
#8359=ORIENTED_EDGE('',*,*,#6244,.F.);
#8360=ORIENTED_EDGE('',*,*,#6245,.T.);
#8361=ORIENTED_EDGE('',*,*,#6244,.T.);
#8362=ORIENTED_EDGE('',*,*,#5194,.F.);
#8363=ORIENTED_EDGE('',*,*,#6246,.F.);
#8364=ORIENTED_EDGE('',*,*,#6247,.T.);
#8365=ORIENTED_EDGE('',*,*,#6246,.T.);
#8366=ORIENTED_EDGE('',*,*,#5193,.F.);
#8367=ORIENTED_EDGE('',*,*,#6248,.F.);
#8368=ORIENTED_EDGE('',*,*,#6249,.T.);
#8369=ORIENTED_EDGE('',*,*,#6248,.T.);
#8370=ORIENTED_EDGE('',*,*,#5192,.F.);
#8371=ORIENTED_EDGE('',*,*,#6250,.F.);
#8372=ORIENTED_EDGE('',*,*,#6251,.T.);
#8373=ORIENTED_EDGE('',*,*,#6250,.T.);
#8374=ORIENTED_EDGE('',*,*,#5191,.F.);
#8375=ORIENTED_EDGE('',*,*,#6252,.F.);
#8376=ORIENTED_EDGE('',*,*,#6253,.T.);
#8377=ORIENTED_EDGE('',*,*,#6252,.T.);
#8378=ORIENTED_EDGE('',*,*,#5190,.F.);
#8379=ORIENTED_EDGE('',*,*,#6254,.F.);
#8380=ORIENTED_EDGE('',*,*,#6255,.T.);
#8381=ORIENTED_EDGE('',*,*,#6254,.T.);
#8382=ORIENTED_EDGE('',*,*,#5189,.F.);
#8383=ORIENTED_EDGE('',*,*,#6256,.F.);
#8384=ORIENTED_EDGE('',*,*,#6257,.T.);
#8385=ORIENTED_EDGE('',*,*,#6256,.T.);
#8386=ORIENTED_EDGE('',*,*,#5188,.F.);
#8387=ORIENTED_EDGE('',*,*,#6258,.F.);
#8388=ORIENTED_EDGE('',*,*,#6259,.T.);
#8389=ORIENTED_EDGE('',*,*,#6258,.T.);
#8390=ORIENTED_EDGE('',*,*,#5187,.F.);
#8391=ORIENTED_EDGE('',*,*,#6260,.F.);
#8392=ORIENTED_EDGE('',*,*,#6261,.T.);
#8393=ORIENTED_EDGE('',*,*,#6260,.T.);
#8394=ORIENTED_EDGE('',*,*,#5186,.F.);
#8395=ORIENTED_EDGE('',*,*,#6262,.F.);
#8396=ORIENTED_EDGE('',*,*,#6263,.T.);
#8397=ORIENTED_EDGE('',*,*,#6262,.T.);
#8398=ORIENTED_EDGE('',*,*,#5185,.F.);
#8399=ORIENTED_EDGE('',*,*,#6264,.F.);
#8400=ORIENTED_EDGE('',*,*,#6265,.T.);
#8401=ORIENTED_EDGE('',*,*,#6264,.T.);
#8402=ORIENTED_EDGE('',*,*,#5184,.F.);
#8403=ORIENTED_EDGE('',*,*,#6266,.F.);
#8404=ORIENTED_EDGE('',*,*,#6267,.T.);
#8405=ORIENTED_EDGE('',*,*,#6266,.T.);
#8406=ORIENTED_EDGE('',*,*,#5183,.F.);
#8407=ORIENTED_EDGE('',*,*,#6268,.F.);
#8408=ORIENTED_EDGE('',*,*,#6269,.T.);
#8409=ORIENTED_EDGE('',*,*,#6268,.T.);
#8410=ORIENTED_EDGE('',*,*,#5182,.F.);
#8411=ORIENTED_EDGE('',*,*,#6270,.F.);
#8412=ORIENTED_EDGE('',*,*,#6271,.T.);
#8413=ORIENTED_EDGE('',*,*,#6270,.T.);
#8414=ORIENTED_EDGE('',*,*,#5181,.F.);
#8415=ORIENTED_EDGE('',*,*,#6272,.F.);
#8416=ORIENTED_EDGE('',*,*,#6273,.T.);
#8417=ORIENTED_EDGE('',*,*,#6272,.T.);
#8418=ORIENTED_EDGE('',*,*,#5180,.F.);
#8419=ORIENTED_EDGE('',*,*,#6274,.F.);
#8420=ORIENTED_EDGE('',*,*,#6275,.T.);
#8421=ORIENTED_EDGE('',*,*,#6274,.T.);
#8422=ORIENTED_EDGE('',*,*,#5179,.F.);
#8423=ORIENTED_EDGE('',*,*,#6276,.F.);
#8424=ORIENTED_EDGE('',*,*,#6277,.T.);
#8425=ORIENTED_EDGE('',*,*,#6276,.T.);
#8426=ORIENTED_EDGE('',*,*,#5178,.F.);
#8427=ORIENTED_EDGE('',*,*,#6278,.F.);
#8428=ORIENTED_EDGE('',*,*,#6279,.T.);
#8429=ORIENTED_EDGE('',*,*,#6278,.T.);
#8430=ORIENTED_EDGE('',*,*,#5177,.F.);
#8431=ORIENTED_EDGE('',*,*,#6280,.F.);
#8432=ORIENTED_EDGE('',*,*,#6281,.T.);
#8433=ORIENTED_EDGE('',*,*,#6280,.T.);
#8434=ORIENTED_EDGE('',*,*,#5176,.F.);
#8435=ORIENTED_EDGE('',*,*,#6282,.F.);
#8436=ORIENTED_EDGE('',*,*,#6283,.T.);
#8437=ORIENTED_EDGE('',*,*,#6282,.T.);
#8438=ORIENTED_EDGE('',*,*,#5175,.F.);
#8439=ORIENTED_EDGE('',*,*,#6284,.F.);
#8440=ORIENTED_EDGE('',*,*,#6285,.T.);
#8441=ORIENTED_EDGE('',*,*,#6284,.T.);
#8442=ORIENTED_EDGE('',*,*,#5174,.F.);
#8443=ORIENTED_EDGE('',*,*,#6286,.F.);
#8444=ORIENTED_EDGE('',*,*,#6287,.T.);
#8445=ORIENTED_EDGE('',*,*,#6286,.T.);
#8446=ORIENTED_EDGE('',*,*,#5173,.F.);
#8447=ORIENTED_EDGE('',*,*,#6288,.F.);
#8448=ORIENTED_EDGE('',*,*,#6289,.T.);
#8449=ORIENTED_EDGE('',*,*,#6288,.T.);
#8450=ORIENTED_EDGE('',*,*,#5172,.F.);
#8451=ORIENTED_EDGE('',*,*,#6290,.F.);
#8452=ORIENTED_EDGE('',*,*,#6291,.T.);
#8453=ORIENTED_EDGE('',*,*,#6290,.T.);
#8454=ORIENTED_EDGE('',*,*,#5171,.F.);
#8455=ORIENTED_EDGE('',*,*,#6292,.F.);
#8456=ORIENTED_EDGE('',*,*,#6293,.T.);
#8457=ORIENTED_EDGE('',*,*,#6292,.T.);
#8458=ORIENTED_EDGE('',*,*,#5170,.F.);
#8459=ORIENTED_EDGE('',*,*,#6294,.F.);
#8460=ORIENTED_EDGE('',*,*,#6295,.T.);
#8461=ORIENTED_EDGE('',*,*,#6294,.T.);
#8462=ORIENTED_EDGE('',*,*,#5169,.F.);
#8463=ORIENTED_EDGE('',*,*,#6296,.F.);
#8464=ORIENTED_EDGE('',*,*,#6297,.T.);
#8465=ORIENTED_EDGE('',*,*,#6296,.T.);
#8466=ORIENTED_EDGE('',*,*,#5168,.F.);
#8467=ORIENTED_EDGE('',*,*,#6298,.F.);
#8468=ORIENTED_EDGE('',*,*,#6299,.T.);
#8469=ORIENTED_EDGE('',*,*,#6298,.T.);
#8470=ORIENTED_EDGE('',*,*,#5167,.F.);
#8471=ORIENTED_EDGE('',*,*,#6300,.F.);
#8472=ORIENTED_EDGE('',*,*,#6301,.T.);
#8473=ORIENTED_EDGE('',*,*,#6300,.T.);
#8474=ORIENTED_EDGE('',*,*,#5166,.F.);
#8475=ORIENTED_EDGE('',*,*,#6302,.F.);
#8476=ORIENTED_EDGE('',*,*,#6303,.T.);
#8477=ORIENTED_EDGE('',*,*,#6302,.T.);
#8478=ORIENTED_EDGE('',*,*,#5165,.F.);
#8479=ORIENTED_EDGE('',*,*,#6304,.F.);
#8480=ORIENTED_EDGE('',*,*,#6305,.T.);
#8481=ORIENTED_EDGE('',*,*,#6304,.T.);
#8482=ORIENTED_EDGE('',*,*,#5164,.F.);
#8483=ORIENTED_EDGE('',*,*,#6306,.F.);
#8484=ORIENTED_EDGE('',*,*,#6307,.T.);
#8485=ORIENTED_EDGE('',*,*,#6306,.T.);
#8486=ORIENTED_EDGE('',*,*,#5163,.F.);
#8487=ORIENTED_EDGE('',*,*,#6308,.F.);
#8488=ORIENTED_EDGE('',*,*,#6309,.T.);
#8489=ORIENTED_EDGE('',*,*,#6308,.T.);
#8490=ORIENTED_EDGE('',*,*,#5162,.F.);
#8491=ORIENTED_EDGE('',*,*,#6310,.F.);
#8492=ORIENTED_EDGE('',*,*,#6311,.T.);
#8493=ORIENTED_EDGE('',*,*,#6310,.T.);
#8494=ORIENTED_EDGE('',*,*,#5161,.F.);
#8495=ORIENTED_EDGE('',*,*,#6312,.F.);
#8496=ORIENTED_EDGE('',*,*,#6313,.T.);
#8497=ORIENTED_EDGE('',*,*,#6312,.T.);
#8498=ORIENTED_EDGE('',*,*,#5160,.F.);
#8499=ORIENTED_EDGE('',*,*,#6314,.F.);
#8500=ORIENTED_EDGE('',*,*,#6315,.T.);
#8501=ORIENTED_EDGE('',*,*,#6314,.T.);
#8502=ORIENTED_EDGE('',*,*,#5159,.F.);
#8503=ORIENTED_EDGE('',*,*,#6316,.F.);
#8504=ORIENTED_EDGE('',*,*,#6317,.T.);
#8505=ORIENTED_EDGE('',*,*,#6316,.T.);
#8506=ORIENTED_EDGE('',*,*,#5158,.F.);
#8507=ORIENTED_EDGE('',*,*,#6318,.F.);
#8508=ORIENTED_EDGE('',*,*,#6319,.T.);
#8509=ORIENTED_EDGE('',*,*,#6318,.T.);
#8510=ORIENTED_EDGE('',*,*,#5157,.F.);
#8511=ORIENTED_EDGE('',*,*,#6320,.F.);
#8512=ORIENTED_EDGE('',*,*,#6321,.T.);
#8513=ORIENTED_EDGE('',*,*,#6320,.T.);
#8514=ORIENTED_EDGE('',*,*,#5156,.F.);
#8515=ORIENTED_EDGE('',*,*,#6322,.F.);
#8516=ORIENTED_EDGE('',*,*,#6323,.T.);
#8517=ORIENTED_EDGE('',*,*,#6322,.T.);
#8518=ORIENTED_EDGE('',*,*,#5155,.F.);
#8519=ORIENTED_EDGE('',*,*,#6324,.F.);
#8520=ORIENTED_EDGE('',*,*,#6325,.T.);
#8521=ORIENTED_EDGE('',*,*,#6324,.T.);
#8522=ORIENTED_EDGE('',*,*,#5154,.F.);
#8523=ORIENTED_EDGE('',*,*,#6326,.F.);
#8524=ORIENTED_EDGE('',*,*,#6327,.T.);
#8525=ORIENTED_EDGE('',*,*,#6326,.T.);
#8526=ORIENTED_EDGE('',*,*,#5153,.F.);
#8527=ORIENTED_EDGE('',*,*,#6328,.F.);
#8528=ORIENTED_EDGE('',*,*,#6329,.T.);
#8529=ORIENTED_EDGE('',*,*,#6328,.T.);
#8530=ORIENTED_EDGE('',*,*,#5152,.F.);
#8531=ORIENTED_EDGE('',*,*,#6330,.F.);
#8532=ORIENTED_EDGE('',*,*,#6331,.T.);
#8533=ORIENTED_EDGE('',*,*,#6330,.T.);
#8534=ORIENTED_EDGE('',*,*,#5151,.F.);
#8535=ORIENTED_EDGE('',*,*,#6332,.F.);
#8536=ORIENTED_EDGE('',*,*,#6333,.T.);
#8537=ORIENTED_EDGE('',*,*,#6332,.T.);
#8538=ORIENTED_EDGE('',*,*,#5150,.F.);
#8539=ORIENTED_EDGE('',*,*,#6334,.F.);
#8540=ORIENTED_EDGE('',*,*,#6335,.T.);
#8541=ORIENTED_EDGE('',*,*,#6334,.T.);
#8542=ORIENTED_EDGE('',*,*,#5149,.F.);
#8543=ORIENTED_EDGE('',*,*,#6336,.F.);
#8544=ORIENTED_EDGE('',*,*,#6337,.T.);
#8545=ORIENTED_EDGE('',*,*,#6336,.T.);
#8546=ORIENTED_EDGE('',*,*,#5148,.F.);
#8547=ORIENTED_EDGE('',*,*,#6338,.F.);
#8548=ORIENTED_EDGE('',*,*,#6339,.T.);
#8549=ORIENTED_EDGE('',*,*,#6338,.T.);
#8550=ORIENTED_EDGE('',*,*,#5147,.F.);
#8551=ORIENTED_EDGE('',*,*,#6340,.F.);
#8552=ORIENTED_EDGE('',*,*,#6341,.T.);
#8553=ORIENTED_EDGE('',*,*,#6340,.T.);
#8554=ORIENTED_EDGE('',*,*,#5146,.F.);
#8555=ORIENTED_EDGE('',*,*,#6342,.F.);
#8556=ORIENTED_EDGE('',*,*,#6343,.T.);
#8557=ORIENTED_EDGE('',*,*,#6342,.T.);
#8558=ORIENTED_EDGE('',*,*,#5145,.F.);
#8559=ORIENTED_EDGE('',*,*,#6344,.F.);
#8560=ORIENTED_EDGE('',*,*,#6345,.T.);
#8561=ORIENTED_EDGE('',*,*,#6344,.T.);
#8562=ORIENTED_EDGE('',*,*,#5144,.F.);
#8563=ORIENTED_EDGE('',*,*,#6346,.F.);
#8564=ORIENTED_EDGE('',*,*,#6347,.T.);
#8565=ORIENTED_EDGE('',*,*,#6346,.T.);
#8566=ORIENTED_EDGE('',*,*,#5143,.F.);
#8567=ORIENTED_EDGE('',*,*,#6348,.F.);
#8568=ORIENTED_EDGE('',*,*,#6349,.T.);
#8569=ORIENTED_EDGE('',*,*,#6348,.T.);
#8570=ORIENTED_EDGE('',*,*,#5142,.F.);
#8571=ORIENTED_EDGE('',*,*,#6350,.F.);
#8572=ORIENTED_EDGE('',*,*,#6351,.T.);
#8573=ORIENTED_EDGE('',*,*,#6350,.T.);
#8574=ORIENTED_EDGE('',*,*,#5141,.F.);
#8575=ORIENTED_EDGE('',*,*,#6352,.F.);
#8576=ORIENTED_EDGE('',*,*,#6353,.T.);
#8577=ORIENTED_EDGE('',*,*,#6352,.T.);
#8578=ORIENTED_EDGE('',*,*,#5140,.F.);
#8579=ORIENTED_EDGE('',*,*,#6354,.F.);
#8580=ORIENTED_EDGE('',*,*,#6355,.T.);
#8581=ORIENTED_EDGE('',*,*,#6354,.T.);
#8582=ORIENTED_EDGE('',*,*,#5139,.F.);
#8583=ORIENTED_EDGE('',*,*,#6356,.F.);
#8584=ORIENTED_EDGE('',*,*,#6357,.T.);
#8585=ORIENTED_EDGE('',*,*,#6356,.T.);
#8586=ORIENTED_EDGE('',*,*,#5138,.F.);
#8587=ORIENTED_EDGE('',*,*,#6358,.F.);
#8588=ORIENTED_EDGE('',*,*,#6359,.T.);
#8589=ORIENTED_EDGE('',*,*,#6358,.T.);
#8590=ORIENTED_EDGE('',*,*,#5137,.F.);
#8591=ORIENTED_EDGE('',*,*,#6360,.F.);
#8592=ORIENTED_EDGE('',*,*,#6361,.T.);
#8593=ORIENTED_EDGE('',*,*,#6360,.T.);
#8594=ORIENTED_EDGE('',*,*,#5136,.F.);
#8595=ORIENTED_EDGE('',*,*,#6362,.F.);
#8596=ORIENTED_EDGE('',*,*,#6363,.T.);
#8597=ORIENTED_EDGE('',*,*,#6362,.T.);
#8598=ORIENTED_EDGE('',*,*,#5135,.F.);
#8599=ORIENTED_EDGE('',*,*,#6364,.F.);
#8600=ORIENTED_EDGE('',*,*,#6365,.T.);
#8601=ORIENTED_EDGE('',*,*,#6364,.T.);
#8602=ORIENTED_EDGE('',*,*,#5134,.F.);
#8603=ORIENTED_EDGE('',*,*,#6366,.F.);
#8604=ORIENTED_EDGE('',*,*,#6367,.T.);
#8605=ORIENTED_EDGE('',*,*,#6366,.T.);
#8606=ORIENTED_EDGE('',*,*,#5133,.F.);
#8607=ORIENTED_EDGE('',*,*,#6368,.F.);
#8608=ORIENTED_EDGE('',*,*,#6369,.T.);
#8609=ORIENTED_EDGE('',*,*,#6368,.T.);
#8610=ORIENTED_EDGE('',*,*,#5132,.F.);
#8611=ORIENTED_EDGE('',*,*,#6370,.F.);
#8612=ORIENTED_EDGE('',*,*,#6371,.T.);
#8613=ORIENTED_EDGE('',*,*,#6370,.T.);
#8614=ORIENTED_EDGE('',*,*,#5131,.F.);
#8615=ORIENTED_EDGE('',*,*,#6372,.F.);
#8616=ORIENTED_EDGE('',*,*,#6373,.T.);
#8617=ORIENTED_EDGE('',*,*,#6372,.T.);
#8618=ORIENTED_EDGE('',*,*,#5130,.F.);
#8619=ORIENTED_EDGE('',*,*,#6374,.F.);
#8620=ORIENTED_EDGE('',*,*,#6375,.T.);
#8621=ORIENTED_EDGE('',*,*,#6374,.T.);
#8622=ORIENTED_EDGE('',*,*,#5129,.F.);
#8623=ORIENTED_EDGE('',*,*,#6376,.F.);
#8624=ORIENTED_EDGE('',*,*,#6377,.T.);
#8625=ORIENTED_EDGE('',*,*,#6376,.T.);
#8626=ORIENTED_EDGE('',*,*,#5128,.F.);
#8627=ORIENTED_EDGE('',*,*,#6378,.F.);
#8628=ORIENTED_EDGE('',*,*,#6379,.T.);
#8629=ORIENTED_EDGE('',*,*,#6378,.T.);
#8630=ORIENTED_EDGE('',*,*,#5127,.F.);
#8631=ORIENTED_EDGE('',*,*,#6380,.F.);
#8632=ORIENTED_EDGE('',*,*,#6381,.T.);
#8633=ORIENTED_EDGE('',*,*,#6380,.T.);
#8634=ORIENTED_EDGE('',*,*,#5126,.F.);
#8635=ORIENTED_EDGE('',*,*,#6382,.F.);
#8636=ORIENTED_EDGE('',*,*,#6383,.T.);
#8637=ORIENTED_EDGE('',*,*,#6382,.T.);
#8638=ORIENTED_EDGE('',*,*,#5125,.F.);
#8639=ORIENTED_EDGE('',*,*,#6384,.F.);
#8640=ORIENTED_EDGE('',*,*,#6385,.T.);
#8641=ORIENTED_EDGE('',*,*,#6384,.T.);
#8642=ORIENTED_EDGE('',*,*,#5124,.F.);
#8643=ORIENTED_EDGE('',*,*,#6386,.F.);
#8644=ORIENTED_EDGE('',*,*,#6387,.T.);
#8645=ORIENTED_EDGE('',*,*,#6386,.T.);
#8646=ORIENTED_EDGE('',*,*,#5123,.F.);
#8647=ORIENTED_EDGE('',*,*,#6388,.F.);
#8648=ORIENTED_EDGE('',*,*,#6389,.T.);
#8649=ORIENTED_EDGE('',*,*,#6388,.T.);
#8650=ORIENTED_EDGE('',*,*,#5122,.F.);
#8651=ORIENTED_EDGE('',*,*,#6390,.F.);
#8652=ORIENTED_EDGE('',*,*,#6391,.T.);
#8653=ORIENTED_EDGE('',*,*,#6390,.T.);
#8654=ORIENTED_EDGE('',*,*,#5121,.F.);
#8655=ORIENTED_EDGE('',*,*,#6392,.F.);
#8656=ORIENTED_EDGE('',*,*,#6393,.T.);
#8657=ORIENTED_EDGE('',*,*,#6392,.T.);
#8658=ORIENTED_EDGE('',*,*,#5120,.F.);
#8659=ORIENTED_EDGE('',*,*,#6394,.F.);
#8660=ORIENTED_EDGE('',*,*,#6395,.T.);
#8661=ORIENTED_EDGE('',*,*,#6394,.T.);
#8662=ORIENTED_EDGE('',*,*,#5119,.F.);
#8663=ORIENTED_EDGE('',*,*,#6396,.F.);
#8664=ORIENTED_EDGE('',*,*,#6397,.T.);
#8665=ORIENTED_EDGE('',*,*,#6396,.T.);
#8666=ORIENTED_EDGE('',*,*,#5118,.F.);
#8667=ORIENTED_EDGE('',*,*,#6398,.F.);
#8668=ORIENTED_EDGE('',*,*,#6399,.T.);
#8669=ORIENTED_EDGE('',*,*,#6398,.T.);
#8670=ORIENTED_EDGE('',*,*,#5117,.F.);
#8671=ORIENTED_EDGE('',*,*,#6400,.F.);
#8672=ORIENTED_EDGE('',*,*,#6401,.T.);
#8673=ORIENTED_EDGE('',*,*,#6400,.T.);
#8674=ORIENTED_EDGE('',*,*,#5116,.F.);
#8675=ORIENTED_EDGE('',*,*,#6402,.F.);
#8676=ORIENTED_EDGE('',*,*,#6403,.T.);
#8677=ORIENTED_EDGE('',*,*,#6402,.T.);
#8678=ORIENTED_EDGE('',*,*,#5115,.F.);
#8679=ORIENTED_EDGE('',*,*,#6404,.F.);
#8680=ORIENTED_EDGE('',*,*,#6405,.T.);
#8681=ORIENTED_EDGE('',*,*,#6404,.T.);
#8682=ORIENTED_EDGE('',*,*,#5114,.F.);
#8683=ORIENTED_EDGE('',*,*,#6406,.F.);
#8684=ORIENTED_EDGE('',*,*,#6407,.T.);
#8685=ORIENTED_EDGE('',*,*,#6406,.T.);
#8686=ORIENTED_EDGE('',*,*,#5113,.F.);
#8687=ORIENTED_EDGE('',*,*,#6408,.F.);
#8688=ORIENTED_EDGE('',*,*,#6409,.T.);
#8689=ORIENTED_EDGE('',*,*,#6408,.T.);
#8690=ORIENTED_EDGE('',*,*,#5112,.F.);
#8691=ORIENTED_EDGE('',*,*,#6410,.F.);
#8692=ORIENTED_EDGE('',*,*,#6411,.T.);
#8693=ORIENTED_EDGE('',*,*,#6410,.T.);
#8694=ORIENTED_EDGE('',*,*,#5111,.F.);
#8695=ORIENTED_EDGE('',*,*,#6412,.F.);
#8696=ORIENTED_EDGE('',*,*,#6413,.T.);
#8697=ORIENTED_EDGE('',*,*,#6412,.T.);
#8698=ORIENTED_EDGE('',*,*,#5110,.F.);
#8699=ORIENTED_EDGE('',*,*,#6414,.F.);
#8700=ORIENTED_EDGE('',*,*,#6415,.T.);
#8701=ORIENTED_EDGE('',*,*,#6414,.T.);
#8702=ORIENTED_EDGE('',*,*,#5109,.F.);
#8703=ORIENTED_EDGE('',*,*,#6416,.F.);
#8704=ORIENTED_EDGE('',*,*,#6417,.T.);
#8705=ORIENTED_EDGE('',*,*,#6416,.T.);
#8706=ORIENTED_EDGE('',*,*,#5108,.F.);
#8707=ORIENTED_EDGE('',*,*,#6418,.F.);
#8708=ORIENTED_EDGE('',*,*,#6419,.T.);
#8709=ORIENTED_EDGE('',*,*,#6418,.T.);
#8710=ORIENTED_EDGE('',*,*,#5107,.F.);
#8711=ORIENTED_EDGE('',*,*,#6235,.F.);
#8712=ORIENTED_EDGE('',*,*,#6419,.F.);
#8713=ORIENTED_EDGE('',*,*,#6234,.F.);
#8714=ORIENTED_EDGE('',*,*,#6237,.F.);
#8715=ORIENTED_EDGE('',*,*,#6239,.F.);
#8716=ORIENTED_EDGE('',*,*,#6241,.F.);
#8717=ORIENTED_EDGE('',*,*,#6243,.F.);
#8718=ORIENTED_EDGE('',*,*,#6245,.F.);
#8719=ORIENTED_EDGE('',*,*,#6247,.F.);
#8720=ORIENTED_EDGE('',*,*,#6249,.F.);
#8721=ORIENTED_EDGE('',*,*,#6251,.F.);
#8722=ORIENTED_EDGE('',*,*,#6253,.F.);
#8723=ORIENTED_EDGE('',*,*,#6255,.F.);
#8724=ORIENTED_EDGE('',*,*,#6257,.F.);
#8725=ORIENTED_EDGE('',*,*,#6259,.F.);
#8726=ORIENTED_EDGE('',*,*,#6261,.F.);
#8727=ORIENTED_EDGE('',*,*,#6263,.F.);
#8728=ORIENTED_EDGE('',*,*,#6265,.F.);
#8729=ORIENTED_EDGE('',*,*,#6267,.F.);
#8730=ORIENTED_EDGE('',*,*,#6269,.F.);
#8731=ORIENTED_EDGE('',*,*,#6271,.F.);
#8732=ORIENTED_EDGE('',*,*,#6273,.F.);
#8733=ORIENTED_EDGE('',*,*,#6275,.F.);
#8734=ORIENTED_EDGE('',*,*,#6277,.F.);
#8735=ORIENTED_EDGE('',*,*,#6279,.F.);
#8736=ORIENTED_EDGE('',*,*,#6281,.F.);
#8737=ORIENTED_EDGE('',*,*,#6283,.F.);
#8738=ORIENTED_EDGE('',*,*,#6285,.F.);
#8739=ORIENTED_EDGE('',*,*,#6287,.F.);
#8740=ORIENTED_EDGE('',*,*,#6289,.F.);
#8741=ORIENTED_EDGE('',*,*,#6291,.F.);
#8742=ORIENTED_EDGE('',*,*,#6293,.F.);
#8743=ORIENTED_EDGE('',*,*,#6295,.F.);
#8744=ORIENTED_EDGE('',*,*,#6297,.F.);
#8745=ORIENTED_EDGE('',*,*,#6299,.F.);
#8746=ORIENTED_EDGE('',*,*,#6301,.F.);
#8747=ORIENTED_EDGE('',*,*,#6303,.F.);
#8748=ORIENTED_EDGE('',*,*,#6305,.F.);
#8749=ORIENTED_EDGE('',*,*,#6307,.F.);
#8750=ORIENTED_EDGE('',*,*,#6309,.F.);
#8751=ORIENTED_EDGE('',*,*,#6311,.F.);
#8752=ORIENTED_EDGE('',*,*,#6313,.F.);
#8753=ORIENTED_EDGE('',*,*,#6315,.F.);
#8754=ORIENTED_EDGE('',*,*,#6317,.F.);
#8755=ORIENTED_EDGE('',*,*,#6319,.F.);
#8756=ORIENTED_EDGE('',*,*,#6321,.F.);
#8757=ORIENTED_EDGE('',*,*,#6323,.F.);
#8758=ORIENTED_EDGE('',*,*,#6325,.F.);
#8759=ORIENTED_EDGE('',*,*,#6327,.F.);
#8760=ORIENTED_EDGE('',*,*,#6329,.F.);
#8761=ORIENTED_EDGE('',*,*,#6331,.F.);
#8762=ORIENTED_EDGE('',*,*,#6333,.F.);
#8763=ORIENTED_EDGE('',*,*,#6335,.F.);
#8764=ORIENTED_EDGE('',*,*,#6337,.F.);
#8765=ORIENTED_EDGE('',*,*,#6339,.F.);
#8766=ORIENTED_EDGE('',*,*,#6341,.F.);
#8767=ORIENTED_EDGE('',*,*,#6343,.F.);
#8768=ORIENTED_EDGE('',*,*,#6345,.F.);
#8769=ORIENTED_EDGE('',*,*,#6347,.F.);
#8770=ORIENTED_EDGE('',*,*,#6349,.F.);
#8771=ORIENTED_EDGE('',*,*,#6351,.F.);
#8772=ORIENTED_EDGE('',*,*,#6353,.F.);
#8773=ORIENTED_EDGE('',*,*,#6355,.F.);
#8774=ORIENTED_EDGE('',*,*,#6357,.F.);
#8775=ORIENTED_EDGE('',*,*,#6359,.F.);
#8776=ORIENTED_EDGE('',*,*,#6361,.F.);
#8777=ORIENTED_EDGE('',*,*,#6363,.F.);
#8778=ORIENTED_EDGE('',*,*,#6365,.F.);
#8779=ORIENTED_EDGE('',*,*,#6367,.F.);
#8780=ORIENTED_EDGE('',*,*,#6369,.F.);
#8781=ORIENTED_EDGE('',*,*,#6371,.F.);
#8782=ORIENTED_EDGE('',*,*,#6373,.F.);
#8783=ORIENTED_EDGE('',*,*,#6375,.F.);
#8784=ORIENTED_EDGE('',*,*,#6377,.F.);
#8785=ORIENTED_EDGE('',*,*,#6379,.F.);
#8786=ORIENTED_EDGE('',*,*,#6381,.F.);
#8787=ORIENTED_EDGE('',*,*,#6383,.F.);
#8788=ORIENTED_EDGE('',*,*,#6385,.F.);
#8789=ORIENTED_EDGE('',*,*,#6387,.F.);
#8790=ORIENTED_EDGE('',*,*,#6389,.F.);
#8791=ORIENTED_EDGE('',*,*,#6391,.F.);
#8792=ORIENTED_EDGE('',*,*,#6393,.F.);
#8793=ORIENTED_EDGE('',*,*,#6395,.F.);
#8794=ORIENTED_EDGE('',*,*,#6397,.F.);
#8795=ORIENTED_EDGE('',*,*,#6399,.F.);
#8796=ORIENTED_EDGE('',*,*,#6401,.F.);
#8797=ORIENTED_EDGE('',*,*,#6403,.F.);
#8798=ORIENTED_EDGE('',*,*,#6405,.F.);
#8799=ORIENTED_EDGE('',*,*,#6407,.F.);
#8800=ORIENTED_EDGE('',*,*,#6409,.F.);
#8801=ORIENTED_EDGE('',*,*,#6411,.F.);
#8802=ORIENTED_EDGE('',*,*,#6413,.F.);
#8803=ORIENTED_EDGE('',*,*,#6415,.F.);
#8804=ORIENTED_EDGE('',*,*,#6417,.F.);
#8805=ORIENTED_EDGE('',*,*,#6233,.F.);
#8806=ORIENTED_EDGE('',*,*,#6132,.F.);
#8807=ORIENTED_EDGE('',*,*,#6135,.F.);
#8808=ORIENTED_EDGE('',*,*,#6137,.F.);
#8809=ORIENTED_EDGE('',*,*,#6139,.F.);
#8810=ORIENTED_EDGE('',*,*,#6141,.F.);
#8811=ORIENTED_EDGE('',*,*,#6143,.F.);
#8812=ORIENTED_EDGE('',*,*,#6145,.F.);
#8813=ORIENTED_EDGE('',*,*,#6147,.F.);
#8814=ORIENTED_EDGE('',*,*,#6149,.F.);
#8815=ORIENTED_EDGE('',*,*,#6151,.F.);
#8816=ORIENTED_EDGE('',*,*,#6153,.F.);
#8817=ORIENTED_EDGE('',*,*,#6155,.F.);
#8818=ORIENTED_EDGE('',*,*,#6157,.F.);
#8819=ORIENTED_EDGE('',*,*,#6159,.F.);
#8820=ORIENTED_EDGE('',*,*,#6161,.F.);
#8821=ORIENTED_EDGE('',*,*,#6163,.F.);
#8822=ORIENTED_EDGE('',*,*,#6165,.F.);
#8823=ORIENTED_EDGE('',*,*,#6167,.F.);
#8824=ORIENTED_EDGE('',*,*,#6169,.F.);
#8825=ORIENTED_EDGE('',*,*,#6171,.F.);
#8826=ORIENTED_EDGE('',*,*,#6173,.F.);
#8827=ORIENTED_EDGE('',*,*,#6175,.F.);
#8828=ORIENTED_EDGE('',*,*,#6177,.F.);
#8829=ORIENTED_EDGE('',*,*,#6179,.F.);
#8830=ORIENTED_EDGE('',*,*,#6181,.F.);
#8831=ORIENTED_EDGE('',*,*,#6183,.F.);
#8832=ORIENTED_EDGE('',*,*,#6185,.F.);
#8833=ORIENTED_EDGE('',*,*,#6187,.F.);
#8834=ORIENTED_EDGE('',*,*,#6189,.F.);
#8835=ORIENTED_EDGE('',*,*,#6191,.F.);
#8836=ORIENTED_EDGE('',*,*,#6193,.F.);
#8837=ORIENTED_EDGE('',*,*,#6195,.F.);
#8838=ORIENTED_EDGE('',*,*,#6197,.F.);
#8839=ORIENTED_EDGE('',*,*,#6199,.F.);
#8840=ORIENTED_EDGE('',*,*,#6201,.F.);
#8841=ORIENTED_EDGE('',*,*,#6203,.F.);
#8842=ORIENTED_EDGE('',*,*,#6205,.F.);
#8843=ORIENTED_EDGE('',*,*,#6207,.F.);
#8844=ORIENTED_EDGE('',*,*,#6209,.F.);
#8845=ORIENTED_EDGE('',*,*,#6211,.F.);
#8846=ORIENTED_EDGE('',*,*,#6213,.F.);
#8847=ORIENTED_EDGE('',*,*,#6215,.F.);
#8848=ORIENTED_EDGE('',*,*,#6217,.F.);
#8849=ORIENTED_EDGE('',*,*,#6219,.F.);
#8850=ORIENTED_EDGE('',*,*,#6221,.F.);
#8851=ORIENTED_EDGE('',*,*,#6223,.F.);
#8852=ORIENTED_EDGE('',*,*,#6225,.F.);
#8853=ORIENTED_EDGE('',*,*,#6227,.F.);
#8854=ORIENTED_EDGE('',*,*,#6229,.F.);
#8855=ORIENTED_EDGE('',*,*,#6231,.F.);
#8856=ORIENTED_EDGE('',*,*,#6131,.F.);
#8857=ORIENTED_EDGE('',*,*,#6030,.F.);
#8858=ORIENTED_EDGE('',*,*,#6033,.F.);
#8859=ORIENTED_EDGE('',*,*,#6035,.F.);
#8860=ORIENTED_EDGE('',*,*,#6037,.F.);
#8861=ORIENTED_EDGE('',*,*,#6039,.F.);
#8862=ORIENTED_EDGE('',*,*,#6041,.F.);
#8863=ORIENTED_EDGE('',*,*,#6043,.F.);
#8864=ORIENTED_EDGE('',*,*,#6045,.F.);
#8865=ORIENTED_EDGE('',*,*,#6047,.F.);
#8866=ORIENTED_EDGE('',*,*,#6049,.F.);
#8867=ORIENTED_EDGE('',*,*,#6051,.F.);
#8868=ORIENTED_EDGE('',*,*,#6053,.F.);
#8869=ORIENTED_EDGE('',*,*,#6055,.F.);
#8870=ORIENTED_EDGE('',*,*,#6057,.F.);
#8871=ORIENTED_EDGE('',*,*,#6059,.F.);
#8872=ORIENTED_EDGE('',*,*,#6061,.F.);
#8873=ORIENTED_EDGE('',*,*,#6063,.F.);
#8874=ORIENTED_EDGE('',*,*,#6065,.F.);
#8875=ORIENTED_EDGE('',*,*,#6067,.F.);
#8876=ORIENTED_EDGE('',*,*,#6069,.F.);
#8877=ORIENTED_EDGE('',*,*,#6071,.F.);
#8878=ORIENTED_EDGE('',*,*,#6073,.F.);
#8879=ORIENTED_EDGE('',*,*,#6075,.F.);
#8880=ORIENTED_EDGE('',*,*,#6077,.F.);
#8881=ORIENTED_EDGE('',*,*,#6079,.F.);
#8882=ORIENTED_EDGE('',*,*,#6081,.F.);
#8883=ORIENTED_EDGE('',*,*,#6083,.F.);
#8884=ORIENTED_EDGE('',*,*,#6085,.F.);
#8885=ORIENTED_EDGE('',*,*,#6087,.F.);
#8886=ORIENTED_EDGE('',*,*,#6089,.F.);
#8887=ORIENTED_EDGE('',*,*,#6091,.F.);
#8888=ORIENTED_EDGE('',*,*,#6093,.F.);
#8889=ORIENTED_EDGE('',*,*,#6095,.F.);
#8890=ORIENTED_EDGE('',*,*,#6097,.F.);
#8891=ORIENTED_EDGE('',*,*,#6099,.F.);
#8892=ORIENTED_EDGE('',*,*,#6101,.F.);
#8893=ORIENTED_EDGE('',*,*,#6103,.F.);
#8894=ORIENTED_EDGE('',*,*,#6105,.F.);
#8895=ORIENTED_EDGE('',*,*,#6107,.F.);
#8896=ORIENTED_EDGE('',*,*,#6109,.F.);
#8897=ORIENTED_EDGE('',*,*,#6111,.F.);
#8898=ORIENTED_EDGE('',*,*,#6113,.F.);
#8899=ORIENTED_EDGE('',*,*,#6115,.F.);
#8900=ORIENTED_EDGE('',*,*,#6117,.F.);
#8901=ORIENTED_EDGE('',*,*,#6119,.F.);
#8902=ORIENTED_EDGE('',*,*,#6121,.F.);
#8903=ORIENTED_EDGE('',*,*,#6123,.F.);
#8904=ORIENTED_EDGE('',*,*,#6125,.F.);
#8905=ORIENTED_EDGE('',*,*,#6127,.F.);
#8906=ORIENTED_EDGE('',*,*,#6129,.F.);
#8907=ORIENTED_EDGE('',*,*,#6029,.F.);
#8908=ORIENTED_EDGE('',*,*,#5928,.F.);
#8909=ORIENTED_EDGE('',*,*,#5931,.F.);
#8910=ORIENTED_EDGE('',*,*,#5933,.F.);
#8911=ORIENTED_EDGE('',*,*,#5935,.F.);
#8912=ORIENTED_EDGE('',*,*,#5937,.F.);
#8913=ORIENTED_EDGE('',*,*,#5939,.F.);
#8914=ORIENTED_EDGE('',*,*,#5941,.F.);
#8915=ORIENTED_EDGE('',*,*,#5943,.F.);
#8916=ORIENTED_EDGE('',*,*,#5945,.F.);
#8917=ORIENTED_EDGE('',*,*,#5947,.F.);
#8918=ORIENTED_EDGE('',*,*,#5949,.F.);
#8919=ORIENTED_EDGE('',*,*,#5951,.F.);
#8920=ORIENTED_EDGE('',*,*,#5953,.F.);
#8921=ORIENTED_EDGE('',*,*,#5955,.F.);
#8922=ORIENTED_EDGE('',*,*,#5957,.F.);
#8923=ORIENTED_EDGE('',*,*,#5959,.F.);
#8924=ORIENTED_EDGE('',*,*,#5961,.F.);
#8925=ORIENTED_EDGE('',*,*,#5963,.F.);
#8926=ORIENTED_EDGE('',*,*,#5965,.F.);
#8927=ORIENTED_EDGE('',*,*,#5967,.F.);
#8928=ORIENTED_EDGE('',*,*,#5969,.F.);
#8929=ORIENTED_EDGE('',*,*,#5971,.F.);
#8930=ORIENTED_EDGE('',*,*,#5973,.F.);
#8931=ORIENTED_EDGE('',*,*,#5975,.F.);
#8932=ORIENTED_EDGE('',*,*,#5977,.F.);
#8933=ORIENTED_EDGE('',*,*,#5979,.F.);
#8934=ORIENTED_EDGE('',*,*,#5981,.F.);
#8935=ORIENTED_EDGE('',*,*,#5983,.F.);
#8936=ORIENTED_EDGE('',*,*,#5985,.F.);
#8937=ORIENTED_EDGE('',*,*,#5987,.F.);
#8938=ORIENTED_EDGE('',*,*,#5989,.F.);
#8939=ORIENTED_EDGE('',*,*,#5991,.F.);
#8940=ORIENTED_EDGE('',*,*,#5993,.F.);
#8941=ORIENTED_EDGE('',*,*,#5995,.F.);
#8942=ORIENTED_EDGE('',*,*,#5997,.F.);
#8943=ORIENTED_EDGE('',*,*,#5999,.F.);
#8944=ORIENTED_EDGE('',*,*,#6001,.F.);
#8945=ORIENTED_EDGE('',*,*,#6003,.F.);
#8946=ORIENTED_EDGE('',*,*,#6005,.F.);
#8947=ORIENTED_EDGE('',*,*,#6007,.F.);
#8948=ORIENTED_EDGE('',*,*,#6009,.F.);
#8949=ORIENTED_EDGE('',*,*,#6011,.F.);
#8950=ORIENTED_EDGE('',*,*,#6013,.F.);
#8951=ORIENTED_EDGE('',*,*,#6015,.F.);
#8952=ORIENTED_EDGE('',*,*,#6017,.F.);
#8953=ORIENTED_EDGE('',*,*,#6019,.F.);
#8954=ORIENTED_EDGE('',*,*,#6021,.F.);
#8955=ORIENTED_EDGE('',*,*,#6023,.F.);
#8956=ORIENTED_EDGE('',*,*,#6025,.F.);
#8957=ORIENTED_EDGE('',*,*,#6027,.F.);
#8958=ORIENTED_EDGE('',*,*,#5927,.F.);
#8959=ORIENTED_EDGE('',*,*,#5544,.F.);
#8960=ORIENTED_EDGE('',*,*,#5547,.F.);
#8961=ORIENTED_EDGE('',*,*,#5549,.F.);
#8962=ORIENTED_EDGE('',*,*,#5551,.F.);
#8963=ORIENTED_EDGE('',*,*,#5553,.F.);
#8964=ORIENTED_EDGE('',*,*,#5555,.F.);
#8965=ORIENTED_EDGE('',*,*,#5557,.F.);
#8966=ORIENTED_EDGE('',*,*,#5559,.F.);
#8967=ORIENTED_EDGE('',*,*,#5561,.F.);
#8968=ORIENTED_EDGE('',*,*,#5563,.F.);
#8969=ORIENTED_EDGE('',*,*,#5565,.F.);
#8970=ORIENTED_EDGE('',*,*,#5567,.F.);
#8971=ORIENTED_EDGE('',*,*,#5569,.F.);
#8972=ORIENTED_EDGE('',*,*,#5571,.F.);
#8973=ORIENTED_EDGE('',*,*,#5573,.F.);
#8974=ORIENTED_EDGE('',*,*,#5575,.F.);
#8975=ORIENTED_EDGE('',*,*,#5577,.F.);
#8976=ORIENTED_EDGE('',*,*,#5579,.F.);
#8977=ORIENTED_EDGE('',*,*,#5581,.F.);
#8978=ORIENTED_EDGE('',*,*,#5583,.F.);
#8979=ORIENTED_EDGE('',*,*,#5585,.F.);
#8980=ORIENTED_EDGE('',*,*,#5587,.F.);
#8981=ORIENTED_EDGE('',*,*,#5589,.F.);
#8982=ORIENTED_EDGE('',*,*,#5591,.F.);
#8983=ORIENTED_EDGE('',*,*,#5593,.F.);
#8984=ORIENTED_EDGE('',*,*,#5595,.F.);
#8985=ORIENTED_EDGE('',*,*,#5597,.F.);
#8986=ORIENTED_EDGE('',*,*,#5599,.F.);
#8987=ORIENTED_EDGE('',*,*,#5601,.F.);
#8988=ORIENTED_EDGE('',*,*,#5603,.F.);
#8989=ORIENTED_EDGE('',*,*,#5605,.F.);
#8990=ORIENTED_EDGE('',*,*,#5607,.F.);
#8991=ORIENTED_EDGE('',*,*,#5609,.F.);
#8992=ORIENTED_EDGE('',*,*,#5611,.F.);
#8993=ORIENTED_EDGE('',*,*,#5613,.F.);
#8994=ORIENTED_EDGE('',*,*,#5615,.F.);
#8995=ORIENTED_EDGE('',*,*,#5617,.F.);
#8996=ORIENTED_EDGE('',*,*,#5619,.F.);
#8997=ORIENTED_EDGE('',*,*,#5621,.F.);
#8998=ORIENTED_EDGE('',*,*,#5623,.F.);
#8999=ORIENTED_EDGE('',*,*,#5625,.F.);
#9000=ORIENTED_EDGE('',*,*,#5627,.F.);
#9001=ORIENTED_EDGE('',*,*,#5629,.F.);
#9002=ORIENTED_EDGE('',*,*,#5631,.F.);
#9003=ORIENTED_EDGE('',*,*,#5633,.F.);
#9004=ORIENTED_EDGE('',*,*,#5635,.F.);
#9005=ORIENTED_EDGE('',*,*,#5637,.F.);
#9006=ORIENTED_EDGE('',*,*,#5639,.F.);
#9007=ORIENTED_EDGE('',*,*,#5641,.F.);
#9008=ORIENTED_EDGE('',*,*,#5643,.F.);
#9009=ORIENTED_EDGE('',*,*,#5645,.F.);
#9010=ORIENTED_EDGE('',*,*,#5647,.F.);
#9011=ORIENTED_EDGE('',*,*,#5649,.F.);
#9012=ORIENTED_EDGE('',*,*,#5651,.F.);
#9013=ORIENTED_EDGE('',*,*,#5653,.F.);
#9014=ORIENTED_EDGE('',*,*,#5655,.F.);
#9015=ORIENTED_EDGE('',*,*,#5657,.F.);
#9016=ORIENTED_EDGE('',*,*,#5659,.F.);
#9017=ORIENTED_EDGE('',*,*,#5661,.F.);
#9018=ORIENTED_EDGE('',*,*,#5663,.F.);
#9019=ORIENTED_EDGE('',*,*,#5665,.F.);
#9020=ORIENTED_EDGE('',*,*,#5667,.F.);
#9021=ORIENTED_EDGE('',*,*,#5669,.F.);
#9022=ORIENTED_EDGE('',*,*,#5671,.F.);
#9023=ORIENTED_EDGE('',*,*,#5673,.F.);
#9024=ORIENTED_EDGE('',*,*,#5675,.F.);
#9025=ORIENTED_EDGE('',*,*,#5677,.F.);
#9026=ORIENTED_EDGE('',*,*,#5679,.F.);
#9027=ORIENTED_EDGE('',*,*,#5681,.F.);
#9028=ORIENTED_EDGE('',*,*,#5683,.F.);
#9029=ORIENTED_EDGE('',*,*,#5685,.F.);
#9030=ORIENTED_EDGE('',*,*,#5687,.F.);
#9031=ORIENTED_EDGE('',*,*,#5689,.F.);
#9032=ORIENTED_EDGE('',*,*,#5691,.F.);
#9033=ORIENTED_EDGE('',*,*,#5693,.F.);
#9034=ORIENTED_EDGE('',*,*,#5695,.F.);
#9035=ORIENTED_EDGE('',*,*,#5697,.F.);
#9036=ORIENTED_EDGE('',*,*,#5699,.F.);
#9037=ORIENTED_EDGE('',*,*,#5701,.F.);
#9038=ORIENTED_EDGE('',*,*,#5703,.F.);
#9039=ORIENTED_EDGE('',*,*,#5705,.F.);
#9040=ORIENTED_EDGE('',*,*,#5707,.F.);
#9041=ORIENTED_EDGE('',*,*,#5709,.F.);
#9042=ORIENTED_EDGE('',*,*,#5711,.F.);
#9043=ORIENTED_EDGE('',*,*,#5713,.F.);
#9044=ORIENTED_EDGE('',*,*,#5715,.F.);
#9045=ORIENTED_EDGE('',*,*,#5717,.F.);
#9046=ORIENTED_EDGE('',*,*,#5719,.F.);
#9047=ORIENTED_EDGE('',*,*,#5721,.F.);
#9048=ORIENTED_EDGE('',*,*,#5723,.F.);
#9049=ORIENTED_EDGE('',*,*,#5725,.F.);
#9050=ORIENTED_EDGE('',*,*,#5727,.F.);
#9051=ORIENTED_EDGE('',*,*,#5729,.F.);
#9052=ORIENTED_EDGE('',*,*,#5731,.F.);
#9053=ORIENTED_EDGE('',*,*,#5733,.F.);
#9054=ORIENTED_EDGE('',*,*,#5735,.F.);
#9055=ORIENTED_EDGE('',*,*,#5737,.F.);
#9056=ORIENTED_EDGE('',*,*,#5739,.F.);
#9057=ORIENTED_EDGE('',*,*,#5741,.F.);
#9058=ORIENTED_EDGE('',*,*,#5743,.F.);
#9059=ORIENTED_EDGE('',*,*,#5745,.F.);
#9060=ORIENTED_EDGE('',*,*,#5747,.F.);
#9061=ORIENTED_EDGE('',*,*,#5749,.F.);
#9062=ORIENTED_EDGE('',*,*,#5751,.F.);
#9063=ORIENTED_EDGE('',*,*,#5753,.F.);
#9064=ORIENTED_EDGE('',*,*,#5755,.F.);
#9065=ORIENTED_EDGE('',*,*,#5757,.F.);
#9066=ORIENTED_EDGE('',*,*,#5759,.F.);
#9067=ORIENTED_EDGE('',*,*,#5761,.F.);
#9068=ORIENTED_EDGE('',*,*,#5763,.F.);
#9069=ORIENTED_EDGE('',*,*,#5765,.F.);
#9070=ORIENTED_EDGE('',*,*,#5767,.F.);
#9071=ORIENTED_EDGE('',*,*,#5769,.F.);
#9072=ORIENTED_EDGE('',*,*,#5771,.F.);
#9073=ORIENTED_EDGE('',*,*,#5773,.F.);
#9074=ORIENTED_EDGE('',*,*,#5775,.F.);
#9075=ORIENTED_EDGE('',*,*,#5777,.F.);
#9076=ORIENTED_EDGE('',*,*,#5779,.F.);
#9077=ORIENTED_EDGE('',*,*,#5781,.F.);
#9078=ORIENTED_EDGE('',*,*,#5783,.F.);
#9079=ORIENTED_EDGE('',*,*,#5785,.F.);
#9080=ORIENTED_EDGE('',*,*,#5787,.F.);
#9081=ORIENTED_EDGE('',*,*,#5789,.F.);
#9082=ORIENTED_EDGE('',*,*,#5791,.F.);
#9083=ORIENTED_EDGE('',*,*,#5793,.F.);
#9084=ORIENTED_EDGE('',*,*,#5795,.F.);
#9085=ORIENTED_EDGE('',*,*,#5797,.F.);
#9086=ORIENTED_EDGE('',*,*,#5799,.F.);
#9087=ORIENTED_EDGE('',*,*,#5801,.F.);
#9088=ORIENTED_EDGE('',*,*,#5803,.F.);
#9089=ORIENTED_EDGE('',*,*,#5805,.F.);
#9090=ORIENTED_EDGE('',*,*,#5807,.F.);
#9091=ORIENTED_EDGE('',*,*,#5809,.F.);
#9092=ORIENTED_EDGE('',*,*,#5811,.F.);
#9093=ORIENTED_EDGE('',*,*,#5813,.F.);
#9094=ORIENTED_EDGE('',*,*,#5815,.F.);
#9095=ORIENTED_EDGE('',*,*,#5817,.F.);
#9096=ORIENTED_EDGE('',*,*,#5819,.F.);
#9097=ORIENTED_EDGE('',*,*,#5821,.F.);
#9098=ORIENTED_EDGE('',*,*,#5823,.F.);
#9099=ORIENTED_EDGE('',*,*,#5825,.F.);
#9100=ORIENTED_EDGE('',*,*,#5827,.F.);
#9101=ORIENTED_EDGE('',*,*,#5829,.F.);
#9102=ORIENTED_EDGE('',*,*,#5831,.F.);
#9103=ORIENTED_EDGE('',*,*,#5833,.F.);
#9104=ORIENTED_EDGE('',*,*,#5835,.F.);
#9105=ORIENTED_EDGE('',*,*,#5837,.F.);
#9106=ORIENTED_EDGE('',*,*,#5839,.F.);
#9107=ORIENTED_EDGE('',*,*,#5841,.F.);
#9108=ORIENTED_EDGE('',*,*,#5843,.F.);
#9109=ORIENTED_EDGE('',*,*,#5845,.F.);
#9110=ORIENTED_EDGE('',*,*,#5847,.F.);
#9111=ORIENTED_EDGE('',*,*,#5849,.F.);
#9112=ORIENTED_EDGE('',*,*,#5851,.F.);
#9113=ORIENTED_EDGE('',*,*,#5853,.F.);
#9114=ORIENTED_EDGE('',*,*,#5855,.F.);
#9115=ORIENTED_EDGE('',*,*,#5857,.F.);
#9116=ORIENTED_EDGE('',*,*,#5859,.F.);
#9117=ORIENTED_EDGE('',*,*,#5861,.F.);
#9118=ORIENTED_EDGE('',*,*,#5863,.F.);
#9119=ORIENTED_EDGE('',*,*,#5865,.F.);
#9120=ORIENTED_EDGE('',*,*,#5867,.F.);
#9121=ORIENTED_EDGE('',*,*,#5869,.F.);
#9122=ORIENTED_EDGE('',*,*,#5871,.F.);
#9123=ORIENTED_EDGE('',*,*,#5873,.F.);
#9124=ORIENTED_EDGE('',*,*,#5875,.F.);
#9125=ORIENTED_EDGE('',*,*,#5877,.F.);
#9126=ORIENTED_EDGE('',*,*,#5879,.F.);
#9127=ORIENTED_EDGE('',*,*,#5881,.F.);
#9128=ORIENTED_EDGE('',*,*,#5883,.F.);
#9129=ORIENTED_EDGE('',*,*,#5885,.F.);
#9130=ORIENTED_EDGE('',*,*,#5887,.F.);
#9131=ORIENTED_EDGE('',*,*,#5889,.F.);
#9132=ORIENTED_EDGE('',*,*,#5891,.F.);
#9133=ORIENTED_EDGE('',*,*,#5893,.F.);
#9134=ORIENTED_EDGE('',*,*,#5895,.F.);
#9135=ORIENTED_EDGE('',*,*,#5897,.F.);
#9136=ORIENTED_EDGE('',*,*,#5899,.F.);
#9137=ORIENTED_EDGE('',*,*,#5901,.F.);
#9138=ORIENTED_EDGE('',*,*,#5903,.F.);
#9139=ORIENTED_EDGE('',*,*,#5905,.F.);
#9140=ORIENTED_EDGE('',*,*,#5907,.F.);
#9141=ORIENTED_EDGE('',*,*,#5909,.F.);
#9142=ORIENTED_EDGE('',*,*,#5911,.F.);
#9143=ORIENTED_EDGE('',*,*,#5913,.F.);
#9144=ORIENTED_EDGE('',*,*,#5915,.F.);
#9145=ORIENTED_EDGE('',*,*,#5917,.F.);
#9146=ORIENTED_EDGE('',*,*,#5919,.F.);
#9147=ORIENTED_EDGE('',*,*,#5921,.F.);
#9148=ORIENTED_EDGE('',*,*,#5923,.F.);
#9149=ORIENTED_EDGE('',*,*,#5925,.F.);
#9150=CYLINDRICAL_SURFACE('',#9654,13.2509993581906);
#9151=ADVANCED_FACE('',(#511),#9150,.F.);
#9152=ADVANCED_FACE('',(#512,#15,#16,#17,#18),#23,.T.);
#9153=ADVANCED_FACE('',(#513),#24,.T.);
#9154=ADVANCED_FACE('',(#514),#25,.T.);
#9155=ADVANCED_FACE('',(#515),#26,.T.);
#9156=ADVANCED_FACE('',(#516),#27,.T.);
#9157=ADVANCED_FACE('',(#517),#28,.T.);
#9158=ADVANCED_FACE('',(#518),#29,.T.);
#9159=ADVANCED_FACE('',(#519),#30,.T.);
#9160=ADVANCED_FACE('',(#520),#31,.T.);
#9161=ADVANCED_FACE('',(#521),#32,.T.);
#9162=ADVANCED_FACE('',(#522),#33,.T.);
#9163=ADVANCED_FACE('',(#523),#34,.T.);
#9164=ADVANCED_FACE('',(#524),#35,.T.);
#9165=ADVANCED_FACE('',(#525),#36,.T.);
#9166=ADVANCED_FACE('',(#526),#37,.T.);
#9167=ADVANCED_FACE('',(#527),#38,.T.);
#9168=ADVANCED_FACE('',(#528),#39,.T.);
#9169=ADVANCED_FACE('',(#529),#40,.T.);
#9170=ADVANCED_FACE('',(#530),#41,.T.);
#9171=ADVANCED_FACE('',(#531),#42,.T.);
#9172=ADVANCED_FACE('',(#532),#43,.T.);
#9173=ADVANCED_FACE('',(#533),#44,.T.);
#9174=ADVANCED_FACE('',(#534),#45,.T.);
#9175=ADVANCED_FACE('',(#535),#46,.T.);
#9176=ADVANCED_FACE('',(#536),#47,.T.);
#9177=ADVANCED_FACE('',(#537),#48,.T.);
#9178=ADVANCED_FACE('',(#538),#49,.T.);
#9179=ADVANCED_FACE('',(#539),#50,.T.);
#9180=ADVANCED_FACE('',(#540),#51,.T.);
#9181=ADVANCED_FACE('',(#541),#52,.T.);
#9182=ADVANCED_FACE('',(#542),#53,.T.);
#9183=ADVANCED_FACE('',(#543),#54,.T.);
#9184=ADVANCED_FACE('',(#544),#55,.T.);
#9185=ADVANCED_FACE('',(#545),#56,.T.);
#9186=ADVANCED_FACE('',(#546),#57,.T.);
#9187=ADVANCED_FACE('',(#547),#58,.T.);
#9188=ADVANCED_FACE('',(#548),#59,.T.);
#9189=ADVANCED_FACE('',(#549),#60,.T.);
#9190=ADVANCED_FACE('',(#550),#61,.T.);
#9191=ADVANCED_FACE('',(#551),#62,.T.);
#9192=ADVANCED_FACE('',(#552),#63,.T.);
#9193=ADVANCED_FACE('',(#553),#64,.T.);
#9194=ADVANCED_FACE('',(#554),#65,.T.);
#9195=ADVANCED_FACE('',(#555),#66,.T.);
#9196=ADVANCED_FACE('',(#556),#67,.T.);
#9197=ADVANCED_FACE('',(#557),#68,.T.);
#9198=ADVANCED_FACE('',(#558),#69,.T.);
#9199=ADVANCED_FACE('',(#559),#70,.T.);
#9200=ADVANCED_FACE('',(#560),#71,.T.);
#9201=ADVANCED_FACE('',(#561),#72,.T.);
#9202=ADVANCED_FACE('',(#562),#73,.T.);
#9203=ADVANCED_FACE('',(#563),#74,.T.);
#9204=ADVANCED_FACE('',(#564),#75,.T.);
#9205=ADVANCED_FACE('',(#565),#76,.T.);
#9206=ADVANCED_FACE('',(#566),#77,.T.);
#9207=ADVANCED_FACE('',(#567),#78,.T.);
#9208=ADVANCED_FACE('',(#568),#79,.T.);
#9209=ADVANCED_FACE('',(#569),#80,.T.);
#9210=ADVANCED_FACE('',(#570),#81,.T.);
#9211=ADVANCED_FACE('',(#571),#82,.T.);
#9212=ADVANCED_FACE('',(#572),#83,.T.);
#9213=ADVANCED_FACE('',(#573),#84,.T.);
#9214=ADVANCED_FACE('',(#574),#85,.T.);
#9215=ADVANCED_FACE('',(#575),#86,.T.);
#9216=ADVANCED_FACE('',(#576),#87,.T.);
#9217=ADVANCED_FACE('',(#577),#88,.T.);
#9218=ADVANCED_FACE('',(#578),#89,.T.);
#9219=ADVANCED_FACE('',(#579),#90,.T.);
#9220=ADVANCED_FACE('',(#580),#91,.T.);
#9221=ADVANCED_FACE('',(#581),#92,.T.);
#9222=ADVANCED_FACE('',(#582),#93,.T.);
#9223=ADVANCED_FACE('',(#583),#94,.T.);
#9224=ADVANCED_FACE('',(#584),#95,.T.);
#9225=ADVANCED_FACE('',(#585),#96,.T.);
#9226=ADVANCED_FACE('',(#586),#97,.T.);
#9227=ADVANCED_FACE('',(#587),#98,.T.);
#9228=ADVANCED_FACE('',(#588),#99,.T.);
#9229=ADVANCED_FACE('',(#589),#100,.T.);
#9230=ADVANCED_FACE('',(#590),#101,.T.);
#9231=ADVANCED_FACE('',(#591),#102,.T.);
#9232=ADVANCED_FACE('',(#592),#103,.T.);
#9233=ADVANCED_FACE('',(#593),#104,.T.);
#9234=ADVANCED_FACE('',(#594),#105,.T.);
#9235=ADVANCED_FACE('',(#595),#106,.T.);
#9236=ADVANCED_FACE('',(#596),#107,.T.);
#9237=ADVANCED_FACE('',(#597),#108,.T.);
#9238=ADVANCED_FACE('',(#598),#109,.T.);
#9239=ADVANCED_FACE('',(#599),#110,.T.);
#9240=ADVANCED_FACE('',(#600),#111,.T.);
#9241=ADVANCED_FACE('',(#601),#112,.T.);
#9242=ADVANCED_FACE('',(#602),#113,.T.);
#9243=ADVANCED_FACE('',(#603),#114,.T.);
#9244=ADVANCED_FACE('',(#604),#115,.T.);
#9245=ADVANCED_FACE('',(#605),#116,.T.);
#9246=ADVANCED_FACE('',(#606),#117,.T.);
#9247=ADVANCED_FACE('',(#607),#118,.T.);
#9248=ADVANCED_FACE('',(#608),#119,.T.);
#9249=ADVANCED_FACE('',(#609),#120,.T.);
#9250=ADVANCED_FACE('',(#610),#121,.T.);
#9251=ADVANCED_FACE('',(#611),#122,.T.);
#9252=ADVANCED_FACE('',(#612),#123,.T.);
#9253=ADVANCED_FACE('',(#613),#124,.T.);
#9254=ADVANCED_FACE('',(#614),#125,.T.);
#9255=ADVANCED_FACE('',(#615),#126,.T.);
#9256=ADVANCED_FACE('',(#616),#127,.T.);
#9257=ADVANCED_FACE('',(#617),#128,.T.);
#9258=ADVANCED_FACE('',(#618),#129,.T.);
#9259=ADVANCED_FACE('',(#619),#130,.T.);
#9260=ADVANCED_FACE('',(#620),#131,.T.);
#9261=ADVANCED_FACE('',(#621),#132,.T.);
#9262=ADVANCED_FACE('',(#622),#133,.T.);
#9263=ADVANCED_FACE('',(#623),#134,.T.);
#9264=ADVANCED_FACE('',(#624),#135,.T.);
#9265=ADVANCED_FACE('',(#625),#136,.T.);
#9266=ADVANCED_FACE('',(#626),#137,.T.);
#9267=ADVANCED_FACE('',(#627),#138,.T.);
#9268=ADVANCED_FACE('',(#628),#139,.T.);
#9269=ADVANCED_FACE('',(#629),#140,.T.);
#9270=ADVANCED_FACE('',(#630),#141,.T.);
#9271=ADVANCED_FACE('',(#631),#142,.T.);
#9272=ADVANCED_FACE('',(#632),#143,.T.);
#9273=ADVANCED_FACE('',(#633),#144,.T.);
#9274=ADVANCED_FACE('',(#634),#145,.T.);
#9275=ADVANCED_FACE('',(#635),#146,.T.);
#9276=ADVANCED_FACE('',(#636),#147,.T.);
#9277=ADVANCED_FACE('',(#637),#148,.T.);
#9278=ADVANCED_FACE('',(#638),#149,.T.);
#9279=ADVANCED_FACE('',(#639),#150,.T.);
#9280=ADVANCED_FACE('',(#640),#151,.T.);
#9281=ADVANCED_FACE('',(#641),#152,.T.);
#9282=ADVANCED_FACE('',(#642),#153,.T.);
#9283=ADVANCED_FACE('',(#643),#154,.T.);
#9284=ADVANCED_FACE('',(#644),#155,.T.);
#9285=ADVANCED_FACE('',(#645),#156,.T.);
#9286=ADVANCED_FACE('',(#646),#157,.T.);
#9287=ADVANCED_FACE('',(#647),#158,.T.);
#9288=ADVANCED_FACE('',(#648),#159,.T.);
#9289=ADVANCED_FACE('',(#649),#160,.T.);
#9290=ADVANCED_FACE('',(#650),#161,.T.);
#9291=ADVANCED_FACE('',(#651),#162,.T.);
#9292=ADVANCED_FACE('',(#652),#163,.T.);
#9293=ADVANCED_FACE('',(#653),#164,.T.);
#9294=ADVANCED_FACE('',(#654),#165,.T.);
#9295=ADVANCED_FACE('',(#655),#166,.T.);
#9296=ADVANCED_FACE('',(#656),#167,.T.);
#9297=ADVANCED_FACE('',(#657),#168,.T.);
#9298=ADVANCED_FACE('',(#658),#169,.T.);
#9299=ADVANCED_FACE('',(#659),#170,.T.);
#9300=ADVANCED_FACE('',(#660),#171,.T.);
#9301=ADVANCED_FACE('',(#661),#172,.T.);
#9302=ADVANCED_FACE('',(#662),#173,.T.);
#9303=ADVANCED_FACE('',(#663),#174,.T.);
#9304=ADVANCED_FACE('',(#664),#175,.T.);
#9305=ADVANCED_FACE('',(#665),#176,.T.);
#9306=ADVANCED_FACE('',(#666),#177,.T.);
#9307=ADVANCED_FACE('',(#667),#178,.T.);
#9308=ADVANCED_FACE('',(#668),#179,.T.);
#9309=ADVANCED_FACE('',(#669),#180,.T.);
#9310=ADVANCED_FACE('',(#670),#181,.T.);
#9311=ADVANCED_FACE('',(#671),#182,.T.);
#9312=ADVANCED_FACE('',(#672),#183,.T.);
#9313=ADVANCED_FACE('',(#673),#184,.T.);
#9314=ADVANCED_FACE('',(#674),#185,.T.);
#9315=ADVANCED_FACE('',(#675),#186,.T.);
#9316=ADVANCED_FACE('',(#676),#187,.T.);
#9317=ADVANCED_FACE('',(#677),#188,.T.);
#9318=ADVANCED_FACE('',(#678),#189,.T.);
#9319=ADVANCED_FACE('',(#679),#190,.T.);
#9320=ADVANCED_FACE('',(#680),#191,.T.);
#9321=ADVANCED_FACE('',(#681),#192,.T.);
#9322=ADVANCED_FACE('',(#682),#193,.T.);
#9323=ADVANCED_FACE('',(#683),#194,.T.);
#9324=ADVANCED_FACE('',(#684),#195,.T.);
#9325=ADVANCED_FACE('',(#685),#196,.T.);
#9326=ADVANCED_FACE('',(#686),#197,.T.);
#9327=ADVANCED_FACE('',(#687),#198,.T.);
#9328=ADVANCED_FACE('',(#688),#199,.T.);
#9329=ADVANCED_FACE('',(#689),#200,.T.);
#9330=ADVANCED_FACE('',(#690),#201,.T.);
#9331=ADVANCED_FACE('',(#691),#202,.T.);
#9332=ADVANCED_FACE('',(#692),#203,.T.);
#9333=ADVANCED_FACE('',(#693),#204,.T.);
#9334=ADVANCED_FACE('',(#694),#205,.T.);
#9335=ADVANCED_FACE('',(#695),#206,.T.);
#9336=ADVANCED_FACE('',(#696),#207,.T.);
#9337=ADVANCED_FACE('',(#697),#208,.T.);
#9338=ADVANCED_FACE('',(#698),#209,.T.);
#9339=ADVANCED_FACE('',(#699),#210,.T.);
#9340=ADVANCED_FACE('',(#700),#211,.T.);
#9341=ADVANCED_FACE('',(#701),#212,.T.);
#9342=ADVANCED_FACE('',(#702),#213,.T.);
#9343=ADVANCED_FACE('',(#703),#214,.T.);
#9344=ADVANCED_FACE('',(#704),#215,.T.);
#9345=ADVANCED_FACE('',(#705),#216,.T.);
#9346=ADVANCED_FACE('',(#706),#217,.T.);
#9347=ADVANCED_FACE('',(#707),#218,.T.);
#9348=ADVANCED_FACE('',(#708),#219,.T.);
#9349=ADVANCED_FACE('',(#709),#220,.T.);
#9350=ADVANCED_FACE('',(#710),#221,.T.);
#9351=ADVANCED_FACE('',(#711),#222,.T.);
#9352=ADVANCED_FACE('',(#712),#223,.T.);
#9353=ADVANCED_FACE('',(#713),#224,.T.);
#9354=ADVANCED_FACE('',(#714),#225,.T.);
#9355=ADVANCED_FACE('',(#715),#226,.T.);
#9356=ADVANCED_FACE('',(#716),#227,.T.);
#9357=ADVANCED_FACE('',(#717),#228,.T.);
#9358=ADVANCED_FACE('',(#718),#229,.T.);
#9359=ADVANCED_FACE('',(#719),#230,.T.);
#9360=ADVANCED_FACE('',(#720),#231,.T.);
#9361=ADVANCED_FACE('',(#721),#232,.T.);
#9362=ADVANCED_FACE('',(#722),#233,.T.);
#9363=ADVANCED_FACE('',(#723),#234,.T.);
#9364=ADVANCED_FACE('',(#724),#235,.T.);
#9365=ADVANCED_FACE('',(#725),#236,.T.);
#9366=ADVANCED_FACE('',(#726),#237,.T.);
#9367=ADVANCED_FACE('',(#727),#238,.T.);
#9368=ADVANCED_FACE('',(#728),#239,.T.);
#9369=ADVANCED_FACE('',(#729),#240,.T.);
#9370=ADVANCED_FACE('',(#730),#241,.T.);
#9371=ADVANCED_FACE('',(#731),#242,.T.);
#9372=ADVANCED_FACE('',(#732),#243,.T.);
#9373=ADVANCED_FACE('',(#733),#244,.T.);
#9374=ADVANCED_FACE('',(#734),#245,.T.);
#9375=ADVANCED_FACE('',(#735),#246,.T.);
#9376=ADVANCED_FACE('',(#736),#247,.T.);
#9377=ADVANCED_FACE('',(#737),#248,.T.);
#9378=ADVANCED_FACE('',(#738),#249,.T.);
#9379=ADVANCED_FACE('',(#739),#250,.T.);
#9380=ADVANCED_FACE('',(#740),#251,.T.);
#9381=ADVANCED_FACE('',(#741),#252,.T.);
#9382=ADVANCED_FACE('',(#742),#253,.T.);
#9383=ADVANCED_FACE('',(#743),#254,.T.);
#9384=ADVANCED_FACE('',(#744),#255,.T.);
#9385=ADVANCED_FACE('',(#745),#256,.T.);
#9386=ADVANCED_FACE('',(#746),#257,.T.);
#9387=ADVANCED_FACE('',(#747),#258,.T.);
#9388=ADVANCED_FACE('',(#748),#259,.T.);
#9389=ADVANCED_FACE('',(#749),#260,.T.);
#9390=ADVANCED_FACE('',(#750),#261,.T.);
#9391=ADVANCED_FACE('',(#751),#262,.T.);
#9392=ADVANCED_FACE('',(#752),#263,.T.);
#9393=ADVANCED_FACE('',(#753),#264,.T.);
#9394=ADVANCED_FACE('',(#754),#265,.T.);
#9395=ADVANCED_FACE('',(#755),#266,.T.);
#9396=ADVANCED_FACE('',(#756),#267,.T.);
#9397=ADVANCED_FACE('',(#757),#268,.T.);
#9398=ADVANCED_FACE('',(#758),#269,.T.);
#9399=ADVANCED_FACE('',(#759),#270,.T.);
#9400=ADVANCED_FACE('',(#760),#271,.T.);
#9401=ADVANCED_FACE('',(#761),#272,.T.);
#9402=ADVANCED_FACE('',(#762),#273,.T.);
#9403=ADVANCED_FACE('',(#763),#274,.T.);
#9404=ADVANCED_FACE('',(#764),#275,.T.);
#9405=ADVANCED_FACE('',(#765),#276,.T.);
#9406=ADVANCED_FACE('',(#766),#277,.T.);
#9407=ADVANCED_FACE('',(#767),#278,.T.);
#9408=ADVANCED_FACE('',(#768),#279,.T.);
#9409=ADVANCED_FACE('',(#769),#280,.T.);
#9410=ADVANCED_FACE('',(#770),#281,.T.);
#9411=ADVANCED_FACE('',(#771),#282,.T.);
#9412=ADVANCED_FACE('',(#772),#283,.T.);
#9413=ADVANCED_FACE('',(#773),#284,.T.);
#9414=ADVANCED_FACE('',(#774),#285,.T.);
#9415=ADVANCED_FACE('',(#775),#286,.T.);
#9416=ADVANCED_FACE('',(#776),#287,.T.);
#9417=ADVANCED_FACE('',(#777),#288,.T.);
#9418=ADVANCED_FACE('',(#778),#289,.T.);
#9419=ADVANCED_FACE('',(#779),#290,.T.);
#9420=ADVANCED_FACE('',(#780),#291,.T.);
#9421=ADVANCED_FACE('',(#781),#292,.T.);
#9422=ADVANCED_FACE('',(#782),#293,.T.);
#9423=ADVANCED_FACE('',(#783),#294,.T.);
#9424=ADVANCED_FACE('',(#784),#295,.T.);
#9425=ADVANCED_FACE('',(#785),#296,.T.);
#9426=ADVANCED_FACE('',(#786),#297,.T.);
#9427=ADVANCED_FACE('',(#787),#298,.T.);
#9428=ADVANCED_FACE('',(#788),#299,.T.);
#9429=ADVANCED_FACE('',(#789),#300,.T.);
#9430=ADVANCED_FACE('',(#790),#301,.T.);
#9431=ADVANCED_FACE('',(#791),#302,.T.);
#9432=ADVANCED_FACE('',(#792),#303,.T.);
#9433=ADVANCED_FACE('',(#793),#304,.T.);
#9434=ADVANCED_FACE('',(#794),#305,.T.);
#9435=ADVANCED_FACE('',(#795),#306,.T.);
#9436=ADVANCED_FACE('',(#796),#307,.T.);
#9437=ADVANCED_FACE('',(#797),#308,.T.);
#9438=ADVANCED_FACE('',(#798),#309,.T.);
#9439=ADVANCED_FACE('',(#799),#310,.T.);
#9440=ADVANCED_FACE('',(#800),#311,.T.);
#9441=ADVANCED_FACE('',(#801),#312,.T.);
#9442=ADVANCED_FACE('',(#802),#313,.T.);
#9443=ADVANCED_FACE('',(#803),#314,.T.);
#9444=ADVANCED_FACE('',(#804),#315,.T.);
#9445=ADVANCED_FACE('',(#805),#316,.T.);
#9446=ADVANCED_FACE('',(#806),#317,.T.);
#9447=ADVANCED_FACE('',(#807),#318,.T.);
#9448=ADVANCED_FACE('',(#808),#319,.T.);
#9449=ADVANCED_FACE('',(#809),#320,.T.);
#9450=ADVANCED_FACE('',(#810),#321,.T.);
#9451=ADVANCED_FACE('',(#811),#322,.T.);
#9452=ADVANCED_FACE('',(#812),#323,.T.);
#9453=ADVANCED_FACE('',(#813),#324,.T.);
#9454=ADVANCED_FACE('',(#814),#325,.T.);
#9455=ADVANCED_FACE('',(#815),#326,.T.);
#9456=ADVANCED_FACE('',(#816),#327,.T.);
#9457=ADVANCED_FACE('',(#817),#328,.T.);
#9458=ADVANCED_FACE('',(#818),#329,.T.);
#9459=ADVANCED_FACE('',(#819),#330,.T.);
#9460=ADVANCED_FACE('',(#820),#331,.T.);
#9461=ADVANCED_FACE('',(#821),#332,.T.);
#9462=ADVANCED_FACE('',(#822),#333,.T.);
#9463=ADVANCED_FACE('',(#823),#334,.T.);
#9464=ADVANCED_FACE('',(#824),#335,.T.);
#9465=ADVANCED_FACE('',(#825),#336,.T.);
#9466=ADVANCED_FACE('',(#826),#337,.T.);
#9467=ADVANCED_FACE('',(#827),#338,.T.);
#9468=ADVANCED_FACE('',(#828),#339,.T.);
#9469=ADVANCED_FACE('',(#829),#340,.T.);
#9470=ADVANCED_FACE('',(#830),#341,.T.);
#9471=ADVANCED_FACE('',(#831),#342,.T.);
#9472=ADVANCED_FACE('',(#832),#343,.T.);
#9473=ADVANCED_FACE('',(#833),#344,.T.);
#9474=ADVANCED_FACE('',(#834),#345,.T.);
#9475=ADVANCED_FACE('',(#835),#346,.T.);
#9476=ADVANCED_FACE('',(#836),#347,.T.);
#9477=ADVANCED_FACE('',(#837),#348,.T.);
#9478=ADVANCED_FACE('',(#838),#349,.T.);
#9479=ADVANCED_FACE('',(#839),#350,.T.);
#9480=ADVANCED_FACE('',(#840),#351,.T.);
#9481=ADVANCED_FACE('',(#841),#352,.T.);
#9482=ADVANCED_FACE('',(#842),#353,.T.);
#9483=ADVANCED_FACE('',(#843),#354,.T.);
#9484=ADVANCED_FACE('',(#844),#355,.T.);
#9485=ADVANCED_FACE('',(#845),#356,.T.);
#9486=ADVANCED_FACE('',(#846),#357,.T.);
#9487=ADVANCED_FACE('',(#847),#358,.T.);
#9488=ADVANCED_FACE('',(#848),#359,.T.);
#9489=ADVANCED_FACE('',(#849),#360,.T.);
#9490=ADVANCED_FACE('',(#850),#361,.T.);
#9491=ADVANCED_FACE('',(#851),#362,.T.);
#9492=ADVANCED_FACE('',(#852),#363,.T.);
#9493=ADVANCED_FACE('',(#853),#364,.T.);
#9494=ADVANCED_FACE('',(#854),#365,.T.);
#9495=ADVANCED_FACE('',(#855),#366,.T.);
#9496=ADVANCED_FACE('',(#856),#367,.T.);
#9497=ADVANCED_FACE('',(#857),#368,.T.);
#9498=ADVANCED_FACE('',(#858),#369,.T.);
#9499=ADVANCED_FACE('',(#859),#370,.T.);
#9500=ADVANCED_FACE('',(#860),#371,.T.);
#9501=ADVANCED_FACE('',(#861),#372,.T.);
#9502=ADVANCED_FACE('',(#862),#373,.T.);
#9503=ADVANCED_FACE('',(#863),#374,.T.);
#9504=ADVANCED_FACE('',(#864),#375,.T.);
#9505=ADVANCED_FACE('',(#865),#376,.T.);
#9506=ADVANCED_FACE('',(#866),#377,.T.);
#9507=ADVANCED_FACE('',(#867),#378,.T.);
#9508=ADVANCED_FACE('',(#868),#379,.T.);
#9509=ADVANCED_FACE('',(#869),#380,.T.);
#9510=ADVANCED_FACE('',(#870),#381,.T.);
#9511=ADVANCED_FACE('',(#871),#382,.T.);
#9512=ADVANCED_FACE('',(#872),#383,.T.);
#9513=ADVANCED_FACE('',(#873),#384,.T.);
#9514=ADVANCED_FACE('',(#874),#385,.T.);
#9515=ADVANCED_FACE('',(#875),#386,.T.);
#9516=ADVANCED_FACE('',(#876),#387,.T.);
#9517=ADVANCED_FACE('',(#877),#388,.T.);
#9518=ADVANCED_FACE('',(#878),#389,.T.);
#9519=ADVANCED_FACE('',(#879),#390,.T.);
#9520=ADVANCED_FACE('',(#880),#391,.T.);
#9521=ADVANCED_FACE('',(#881),#392,.T.);
#9522=ADVANCED_FACE('',(#882),#393,.T.);
#9523=ADVANCED_FACE('',(#883),#394,.T.);
#9524=ADVANCED_FACE('',(#884),#395,.T.);
#9525=ADVANCED_FACE('',(#885),#396,.T.);
#9526=ADVANCED_FACE('',(#886),#397,.T.);
#9527=ADVANCED_FACE('',(#887),#398,.T.);
#9528=ADVANCED_FACE('',(#888),#399,.T.);
#9529=ADVANCED_FACE('',(#889),#400,.T.);
#9530=ADVANCED_FACE('',(#890),#401,.T.);
#9531=ADVANCED_FACE('',(#891),#402,.T.);
#9532=ADVANCED_FACE('',(#892),#403,.T.);
#9533=ADVANCED_FACE('',(#893),#404,.T.);
#9534=ADVANCED_FACE('',(#894),#405,.T.);
#9535=ADVANCED_FACE('',(#895),#406,.T.);
#9536=ADVANCED_FACE('',(#896),#407,.T.);
#9537=ADVANCED_FACE('',(#897),#408,.T.);
#9538=ADVANCED_FACE('',(#898),#409,.T.);
#9539=ADVANCED_FACE('',(#899),#410,.T.);
#9540=ADVANCED_FACE('',(#900),#411,.T.);
#9541=ADVANCED_FACE('',(#901),#412,.T.);
#9542=ADVANCED_FACE('',(#902),#413,.T.);
#9543=ADVANCED_FACE('',(#903),#414,.T.);
#9544=ADVANCED_FACE('',(#904),#415,.T.);
#9545=ADVANCED_FACE('',(#905),#416,.T.);
#9546=ADVANCED_FACE('',(#906),#417,.T.);
#9547=ADVANCED_FACE('',(#907),#418,.T.);
#9548=ADVANCED_FACE('',(#908),#419,.T.);
#9549=ADVANCED_FACE('',(#909),#420,.T.);
#9550=ADVANCED_FACE('',(#910),#421,.T.);
#9551=ADVANCED_FACE('',(#911),#422,.T.);
#9552=ADVANCED_FACE('',(#912),#423,.T.);
#9553=ADVANCED_FACE('',(#913),#424,.T.);
#9554=ADVANCED_FACE('',(#914),#425,.T.);
#9555=ADVANCED_FACE('',(#915),#426,.T.);
#9556=ADVANCED_FACE('',(#916),#427,.T.);
#9557=ADVANCED_FACE('',(#917),#428,.T.);
#9558=ADVANCED_FACE('',(#918),#429,.T.);
#9559=ADVANCED_FACE('',(#919),#430,.T.);
#9560=ADVANCED_FACE('',(#920),#431,.T.);
#9561=ADVANCED_FACE('',(#921),#432,.T.);
#9562=ADVANCED_FACE('',(#922),#433,.T.);
#9563=ADVANCED_FACE('',(#923),#434,.T.);
#9564=ADVANCED_FACE('',(#924),#435,.T.);
#9565=ADVANCED_FACE('',(#925),#436,.T.);
#9566=ADVANCED_FACE('',(#926),#437,.T.);
#9567=ADVANCED_FACE('',(#927),#438,.T.);
#9568=ADVANCED_FACE('',(#928),#439,.T.);
#9569=ADVANCED_FACE('',(#929),#440,.T.);
#9570=ADVANCED_FACE('',(#930),#441,.T.);
#9571=ADVANCED_FACE('',(#931),#442,.T.);
#9572=ADVANCED_FACE('',(#932),#443,.T.);
#9573=ADVANCED_FACE('',(#933),#444,.T.);
#9574=ADVANCED_FACE('',(#934),#445,.T.);
#9575=ADVANCED_FACE('',(#935),#446,.T.);
#9576=ADVANCED_FACE('',(#936),#447,.T.);
#9577=ADVANCED_FACE('',(#937),#448,.T.);
#9578=ADVANCED_FACE('',(#938),#449,.T.);
#9579=ADVANCED_FACE('',(#939),#450,.T.);
#9580=ADVANCED_FACE('',(#940),#451,.T.);
#9581=ADVANCED_FACE('',(#941),#452,.T.);
#9582=ADVANCED_FACE('',(#942),#453,.T.);
#9583=ADVANCED_FACE('',(#943),#454,.T.);
#9584=ADVANCED_FACE('',(#944),#455,.T.);
#9585=ADVANCED_FACE('',(#945),#456,.T.);
#9586=ADVANCED_FACE('',(#946),#457,.T.);
#9587=ADVANCED_FACE('',(#947),#458,.T.);
#9588=ADVANCED_FACE('',(#948),#459,.T.);
#9589=ADVANCED_FACE('',(#949),#460,.T.);
#9590=ADVANCED_FACE('',(#950),#461,.T.);
#9591=ADVANCED_FACE('',(#951),#462,.T.);
#9592=ADVANCED_FACE('',(#952),#463,.T.);
#9593=ADVANCED_FACE('',(#953),#464,.T.);
#9594=ADVANCED_FACE('',(#954),#465,.T.);
#9595=ADVANCED_FACE('',(#955),#466,.T.);
#9596=ADVANCED_FACE('',(#956),#467,.T.);
#9597=ADVANCED_FACE('',(#957),#468,.T.);
#9598=ADVANCED_FACE('',(#958),#469,.T.);
#9599=ADVANCED_FACE('',(#959),#470,.T.);
#9600=ADVANCED_FACE('',(#960),#471,.T.);
#9601=ADVANCED_FACE('',(#961),#472,.T.);
#9602=ADVANCED_FACE('',(#962),#473,.T.);
#9603=ADVANCED_FACE('',(#963),#474,.T.);
#9604=ADVANCED_FACE('',(#964),#475,.T.);
#9605=ADVANCED_FACE('',(#965),#476,.T.);
#9606=ADVANCED_FACE('',(#966),#477,.T.);
#9607=ADVANCED_FACE('',(#967),#478,.T.);
#9608=ADVANCED_FACE('',(#968),#479,.T.);
#9609=ADVANCED_FACE('',(#969),#480,.T.);
#9610=ADVANCED_FACE('',(#970),#481,.T.);
#9611=ADVANCED_FACE('',(#971),#482,.T.);
#9612=ADVANCED_FACE('',(#972),#483,.T.);
#9613=ADVANCED_FACE('',(#973),#484,.T.);
#9614=ADVANCED_FACE('',(#974),#485,.T.);
#9615=ADVANCED_FACE('',(#975),#486,.T.);
#9616=ADVANCED_FACE('',(#976),#487,.T.);
#9617=ADVANCED_FACE('',(#977),#488,.T.);
#9618=ADVANCED_FACE('',(#978),#489,.T.);
#9619=ADVANCED_FACE('',(#979),#490,.T.);
#9620=ADVANCED_FACE('',(#980),#491,.T.);
#9621=ADVANCED_FACE('',(#981),#492,.T.);
#9622=ADVANCED_FACE('',(#982),#493,.T.);
#9623=ADVANCED_FACE('',(#983),#494,.T.);
#9624=ADVANCED_FACE('',(#984),#495,.T.);
#9625=ADVANCED_FACE('',(#985),#496,.T.);
#9626=ADVANCED_FACE('',(#986),#497,.T.);
#9627=ADVANCED_FACE('',(#987),#498,.T.);
#9628=ADVANCED_FACE('',(#988),#499,.T.);
#9629=ADVANCED_FACE('',(#989),#500,.T.);
#9630=ADVANCED_FACE('',(#990),#501,.T.);
#9631=ADVANCED_FACE('',(#991),#502,.T.);
#9632=ADVANCED_FACE('',(#992),#503,.T.);
#9633=ADVANCED_FACE('',(#993),#504,.T.);
#9634=ADVANCED_FACE('',(#994),#505,.T.);
#9635=ADVANCED_FACE('',(#995),#506,.T.);
#9636=ADVANCED_FACE('',(#996),#507,.T.);
#9637=ADVANCED_FACE('',(#997),#508,.T.);
#9638=ADVANCED_FACE('',(#998),#509,.T.);
#9639=ADVANCED_FACE('',(#999,#19,#20,#21,#22),#510,.F.);
#9640=CLOSED_SHELL('',(#9151,#9152,#9153,#9154,#9155,#9156,#9157,#9158,
#9159,#9160,#9161,#9162,#9163,#9164,#9165,#9166,#9167,#9168,#9169,#9170,
#9171,#9172,#9173,#9174,#9175,#9176,#9177,#9178,#9179,#9180,#9181,#9182,
#9183,#9184,#9185,#9186,#9187,#9188,#9189,#9190,#9191,#9192,#9193,#9194,
#9195,#9196,#9197,#9198,#9199,#9200,#9201,#9202,#9203,#9204,#9205,#9206,
#9207,#9208,#9209,#9210,#9211,#9212,#9213,#9214,#9215,#9216,#9217,#9218,
#9219,#9220,#9221,#9222,#9223,#9224,#9225,#9226,#9227,#9228,#9229,#9230,
#9231,#9232,#9233,#9234,#9235,#9236,#9237,#9238,#9239,#9240,#9241,#9242,
#9243,#9244,#9245,#9246,#9247,#9248,#9249,#9250,#9251,#9252,#9253,#9254,
#9255,#9256,#9257,#9258,#9259,#9260,#9261,#9262,#9263,#9264,#9265,#9266,
#9267,#9268,#9269,#9270,#9271,#9272,#9273,#9274,#9275,#9276,#9277,#9278,
#9279,#9280,#9281,#9282,#9283,#9284,#9285,#9286,#9287,#9288,#9289,#9290,
#9291,#9292,#9293,#9294,#9295,#9296,#9297,#9298,#9299,#9300,#9301,#9302,
#9303,#9304,#9305,#9306,#9307,#9308,#9309,#9310,#9311,#9312,#9313,#9314,
#9315,#9316,#9317,#9318,#9319,#9320,#9321,#9322,#9323,#9324,#9325,#9326,
#9327,#9328,#9329,#9330,#9331,#9332,#9333,#9334,#9335,#9336,#9337,#9338,
#9339,#9340,#9341,#9342,#9343,#9344,#9345,#9346,#9347,#9348,#9349,#9350,
#9351,#9352,#9353,#9354,#9355,#9356,#9357,#9358,#9359,#9360,#9361,#9362,
#9363,#9364,#9365,#9366,#9367,#9368,#9369,#9370,#9371,#9372,#9373,#9374,
#9375,#9376,#9377,#9378,#9379,#9380,#9381,#9382,#9383,#9384,#9385,#9386,
#9387,#9388,#9389,#9390,#9391,#9392,#9393,#9394,#9395,#9396,#9397,#9398,
#9399,#9400,#9401,#9402,#9403,#9404,#9405,#9406,#9407,#9408,#9409,#9410,
#9411,#9412,#9413,#9414,#9415,#9416,#9417,#9418,#9419,#9420,#9421,#9422,
#9423,#9424,#9425,#9426,#9427,#9428,#9429,#9430,#9431,#9432,#9433,#9434,
#9435,#9436,#9437,#9438,#9439,#9440,#9441,#9442,#9443,#9444,#9445,#9446,
#9447,#9448,#9449,#9450,#9451,#9452,#9453,#9454,#9455,#9456,#9457,#9458,
#9459,#9460,#9461,#9462,#9463,#9464,#9465,#9466,#9467,#9468,#9469,#9470,
#9471,#9472,#9473,#9474,#9475,#9476,#9477,#9478,#9479,#9480,#9481,#9482,
#9483,#9484,#9485,#9486,#9487,#9488,#9489,#9490,#9491,#9492,#9493,#9494,
#9495,#9496,#9497,#9498,#9499,#9500,#9501,#9502,#9503,#9504,#9505,#9506,
#9507,#9508,#9509,#9510,#9511,#9512,#9513,#9514,#9515,#9516,#9517,#9518,
#9519,#9520,#9521,#9522,#9523,#9524,#9525,#9526,#9527,#9528,#9529,#9530,
#9531,#9532,#9533,#9534,#9535,#9536,#9537,#9538,#9539,#9540,#9541,#9542,
#9543,#9544,#9545,#9546,#9547,#9548,#9549,#9550,#9551,#9552,#9553,#9554,
#9555,#9556,#9557,#9558,#9559,#9560,#9561,#9562,#9563,#9564,#9565,#9566,
#9567,#9568,#9569,#9570,#9571,#9572,#9573,#9574,#9575,#9576,#9577,#9578,
#9579,#9580,#9581,#9582,#9583,#9584,#9585,#9586,#9587,#9588,#9589,#9590,
#9591,#9592,#9593,#9594,#9595,#9596,#9597,#9598,#9599,#9600,#9601,#9602,
#9603,#9604,#9605,#9606,#9607,#9608,#9609,#9610,#9611,#9612,#9613,#9614,
#9615,#9616,#9617,#9618,#9619,#9620,#9621,#9622,#9623,#9624,#9625,#9626,
#9627,#9628,#9629,#9630,#9631,#9632,#9633,#9634,#9635,#9636,#9637,#9638,
#9639));
#9641=DERIVED_UNIT_ELEMENT(#9643,1.);
#9642=DERIVED_UNIT_ELEMENT(#15326,-3.);
#9643=(
MASS_UNIT()
NAMED_UNIT(*)
SI_UNIT(.KILO.,.GRAM.)
);
#9644=DERIVED_UNIT((#9641,#9642));
#9645=MEASURE_REPRESENTATION_ITEM('density measure',
POSITIVE_RATIO_MEASURE(7850.),#9644);
#9646=PROPERTY_DEFINITION_REPRESENTATION(#9651,#9648);
#9647=PROPERTY_DEFINITION_REPRESENTATION(#9652,#9649);
#9648=REPRESENTATION('material name',(#9650),#15323);
#9649=REPRESENTATION('density',(#9645),#15323);
#9650=DESCRIPTIVE_REPRESENTATION_ITEM('Steel','Steel');
#9651=PROPERTY_DEFINITION('material property','material name',#15333);
#9652=PROPERTY_DEFINITION('material property','density of part',#15333);
#9653=AXIS2_PLACEMENT_3D('',#12588,#10193,#10194);
#9654=AXIS2_PLACEMENT_3D('',#12589,#10195,#10196);
#9655=AXIS2_PLACEMENT_3D('',#12591,#10197,#10198);
#9656=AXIS2_PLACEMENT_3D('',#12595,#10200,#10201);
#9657=AXIS2_PLACEMENT_3D('',#12597,#10202,#10203);
#9658=AXIS2_PLACEMENT_3D('',#12599,#10204,#10205);
#9659=AXIS2_PLACEMENT_3D('',#12601,#10206,#10207);
#9660=AXIS2_PLACEMENT_3D('',#12603,#10208,#10209);
#9661=AXIS2_PLACEMENT_3D('',#12605,#10210,#10211);
#9662=AXIS2_PLACEMENT_3D('',#12607,#10212,#10213);
#9663=AXIS2_PLACEMENT_3D('',#12609,#10214,#10215);
#9664=AXIS2_PLACEMENT_3D('',#12611,#10216,#10217);
#9665=AXIS2_PLACEMENT_3D('',#12613,#10218,#10219);
#9666=AXIS2_PLACEMENT_3D('',#12615,#10220,#10221);
#9667=AXIS2_PLACEMENT_3D('',#12617,#10222,#10223);
#9668=AXIS2_PLACEMENT_3D('',#12619,#10224,#10225);
#9669=AXIS2_PLACEMENT_3D('',#12621,#10226,#10227);
#9670=AXIS2_PLACEMENT_3D('',#12623,#10228,#10229);
#9671=AXIS2_PLACEMENT_3D('',#12625,#10230,#10231);
#9672=AXIS2_PLACEMENT_3D('',#12627,#10232,#10233);
#9673=AXIS2_PLACEMENT_3D('',#12629,#10234,#10235);
#9674=AXIS2_PLACEMENT_3D('',#12631,#10236,#10237);
#9675=AXIS2_PLACEMENT_3D('',#12633,#10238,#10239);
#9676=AXIS2_PLACEMENT_3D('',#12635,#10240,#10241);
#9677=AXIS2_PLACEMENT_3D('',#12637,#10242,#10243);
#9678=AXIS2_PLACEMENT_3D('',#12639,#10244,#10245);
#9679=AXIS2_PLACEMENT_3D('',#12641,#10246,#10247);
#9680=AXIS2_PLACEMENT_3D('',#12643,#10248,#10249);
#9681=AXIS2_PLACEMENT_3D('',#12645,#10250,#10251);
#9682=AXIS2_PLACEMENT_3D('',#12647,#10252,#10253);
#9683=AXIS2_PLACEMENT_3D('',#12649,#10254,#10255);
#9684=AXIS2_PLACEMENT_3D('',#12651,#10256,#10257);
#9685=AXIS2_PLACEMENT_3D('',#12653,#10258,#10259);
#9686=AXIS2_PLACEMENT_3D('',#12655,#10260,#10261);
#9687=AXIS2_PLACEMENT_3D('',#12657,#10262,#10263);
#9688=AXIS2_PLACEMENT_3D('',#12659,#10264,#10265);
#9689=AXIS2_PLACEMENT_3D('',#12661,#10266,#10267);
#9690=AXIS2_PLACEMENT_3D('',#12663,#10268,#10269);
#9691=AXIS2_PLACEMENT_3D('',#12665,#10270,#10271);
#9692=AXIS2_PLACEMENT_3D('',#12667,#10272,#10273);
#9693=AXIS2_PLACEMENT_3D('',#12669,#10274,#10275);
#9694=AXIS2_PLACEMENT_3D('',#12671,#10276,#10277);
#9695=AXIS2_PLACEMENT_3D('',#12673,#10278,#10279);
#9696=AXIS2_PLACEMENT_3D('',#12675,#10280,#10281);
#9697=AXIS2_PLACEMENT_3D('',#12677,#10282,#10283);
#9698=AXIS2_PLACEMENT_3D('',#12679,#10284,#10285);
#9699=AXIS2_PLACEMENT_3D('',#12681,#10286,#10287);
#9700=AXIS2_PLACEMENT_3D('',#12683,#10288,#10289);
#9701=AXIS2_PLACEMENT_3D('',#12685,#10290,#10291);
#9702=AXIS2_PLACEMENT_3D('',#12687,#10292,#10293);
#9703=AXIS2_PLACEMENT_3D('',#12689,#10294,#10295);
#9704=AXIS2_PLACEMENT_3D('',#12690,#10296,#10297);
#9705=AXIS2_PLACEMENT_3D('',#12691,#10298,#10299);
#9706=AXIS2_PLACEMENT_3D('',#13184,#10546,#10547);
#9707=AXIS2_PLACEMENT_3D('',#13198,#10555,#10556);
#9708=AXIS2_PLACEMENT_3D('',#13200,#10558,#10559);
#9709=AXIS2_PLACEMENT_3D('',#13214,#10567,#10568);
#9710=AXIS2_PLACEMENT_3D('',#13216,#10570,#10571);
#9711=AXIS2_PLACEMENT_3D('',#13230,#10579,#10580);
#9712=AXIS2_PLACEMENT_3D('',#13232,#10582,#10583);
#9713=AXIS2_PLACEMENT_3D('',#13246,#10591,#10592);
#9714=AXIS2_PLACEMENT_3D('',#13248,#10594,#10595);
#9715=AXIS2_PLACEMENT_3D('',#13262,#10603,#10604);
#9716=AXIS2_PLACEMENT_3D('',#13264,#10606,#10607);
#9717=AXIS2_PLACEMENT_3D('',#13278,#10615,#10616);
#9718=AXIS2_PLACEMENT_3D('',#13280,#10618,#10619);
#9719=AXIS2_PLACEMENT_3D('',#13294,#10627,#10628);
#9720=AXIS2_PLACEMENT_3D('',#13296,#10630,#10631);
#9721=AXIS2_PLACEMENT_3D('',#13310,#10639,#10640);
#9722=AXIS2_PLACEMENT_3D('',#13312,#10642,#10643);
#9723=AXIS2_PLACEMENT_3D('',#13326,#10651,#10652);
#9724=AXIS2_PLACEMENT_3D('',#13328,#10654,#10655);
#9725=AXIS2_PLACEMENT_3D('',#13342,#10663,#10664);
#9726=AXIS2_PLACEMENT_3D('',#13344,#10666,#10667);
#9727=AXIS2_PLACEMENT_3D('',#13358,#10675,#10676);
#9728=AXIS2_PLACEMENT_3D('',#13360,#10678,#10679);
#9729=AXIS2_PLACEMENT_3D('',#13374,#10687,#10688);
#9730=AXIS2_PLACEMENT_3D('',#13376,#10690,#10691);
#9731=AXIS2_PLACEMENT_3D('',#13390,#10699,#10700);
#9732=AXIS2_PLACEMENT_3D('',#13392,#10702,#10703);
#9733=AXIS2_PLACEMENT_3D('',#13406,#10711,#10712);
#9734=AXIS2_PLACEMENT_3D('',#13408,#10714,#10715);
#9735=AXIS2_PLACEMENT_3D('',#13422,#10723,#10724);
#9736=AXIS2_PLACEMENT_3D('',#13424,#10726,#10727);
#9737=AXIS2_PLACEMENT_3D('',#13438,#10735,#10736);
#9738=AXIS2_PLACEMENT_3D('',#13440,#10738,#10739);
#9739=AXIS2_PLACEMENT_3D('',#13454,#10747,#10748);
#9740=AXIS2_PLACEMENT_3D('',#13456,#10750,#10751);
#9741=AXIS2_PLACEMENT_3D('',#13470,#10759,#10760);
#9742=AXIS2_PLACEMENT_3D('',#13472,#10762,#10763);
#9743=AXIS2_PLACEMENT_3D('',#13486,#10771,#10772);
#9744=AXIS2_PLACEMENT_3D('',#13488,#10774,#10775);
#9745=AXIS2_PLACEMENT_3D('',#13502,#10783,#10784);
#9746=AXIS2_PLACEMENT_3D('',#13504,#10786,#10787);
#9747=AXIS2_PLACEMENT_3D('',#13518,#10795,#10796);
#9748=AXIS2_PLACEMENT_3D('',#13520,#10798,#10799);
#9749=AXIS2_PLACEMENT_3D('',#13534,#10807,#10808);
#9750=AXIS2_PLACEMENT_3D('',#13536,#10810,#10811);
#9751=AXIS2_PLACEMENT_3D('',#13550,#10819,#10820);
#9752=AXIS2_PLACEMENT_3D('',#13552,#10822,#10823);
#9753=AXIS2_PLACEMENT_3D('',#13566,#10831,#10832);
#9754=AXIS2_PLACEMENT_3D('',#13568,#10834,#10835);
#9755=AXIS2_PLACEMENT_3D('',#13574,#10839,#10840);
#9756=AXIS2_PLACEMENT_3D('',#13578,#10843,#10844);
#9757=AXIS2_PLACEMENT_3D('',#13582,#10847,#10848);
#9758=AXIS2_PLACEMENT_3D('',#13586,#10851,#10852);
#9759=AXIS2_PLACEMENT_3D('',#13590,#10855,#10856);
#9760=AXIS2_PLACEMENT_3D('',#13594,#10859,#10860);
#9761=AXIS2_PLACEMENT_3D('',#13598,#10863,#10864);
#9762=AXIS2_PLACEMENT_3D('',#13602,#10867,#10868);
#9763=AXIS2_PLACEMENT_3D('',#13606,#10871,#10872);
#9764=AXIS2_PLACEMENT_3D('',#13610,#10875,#10876);
#9765=AXIS2_PLACEMENT_3D('',#13614,#10879,#10880);
#9766=AXIS2_PLACEMENT_3D('',#13618,#10883,#10884);
#9767=AXIS2_PLACEMENT_3D('',#13622,#10887,#10888);
#9768=AXIS2_PLACEMENT_3D('',#13626,#10891,#10892);
#9769=AXIS2_PLACEMENT_3D('',#13630,#10895,#10896);
#9770=AXIS2_PLACEMENT_3D('',#13634,#10899,#10900);
#9771=AXIS2_PLACEMENT_3D('',#13638,#10903,#10904);
#9772=AXIS2_PLACEMENT_3D('',#13642,#10907,#10908);
#9773=AXIS2_PLACEMENT_3D('',#13646,#10911,#10912);
#9774=AXIS2_PLACEMENT_3D('',#13650,#10915,#10916);
#9775=AXIS2_PLACEMENT_3D('',#13654,#10919,#10920);
#9776=AXIS2_PLACEMENT_3D('',#13658,#10923,#10924);
#9777=AXIS2_PLACEMENT_3D('',#13662,#10927,#10928);
#9778=AXIS2_PLACEMENT_3D('',#13666,#10931,#10932);
#9779=AXIS2_PLACEMENT_3D('',#13670,#10935,#10936);
#9780=AXIS2_PLACEMENT_3D('',#13674,#10939,#10940);
#9781=AXIS2_PLACEMENT_3D('',#13678,#10943,#10944);
#9782=AXIS2_PLACEMENT_3D('',#13682,#10947,#10948);
#9783=AXIS2_PLACEMENT_3D('',#13686,#10951,#10952);
#9784=AXIS2_PLACEMENT_3D('',#13690,#10955,#10956);
#9785=AXIS2_PLACEMENT_3D('',#13694,#10959,#10960);
#9786=AXIS2_PLACEMENT_3D('',#13698,#10963,#10964);
#9787=AXIS2_PLACEMENT_3D('',#13702,#10967,#10968);
#9788=AXIS2_PLACEMENT_3D('',#13706,#10971,#10972);
#9789=AXIS2_PLACEMENT_3D('',#13710,#10975,#10976);
#9790=AXIS2_PLACEMENT_3D('',#13714,#10979,#10980);
#9791=AXIS2_PLACEMENT_3D('',#13718,#10983,#10984);
#9792=AXIS2_PLACEMENT_3D('',#13722,#10987,#10988);
#9793=AXIS2_PLACEMENT_3D('',#13726,#10991,#10992);
#9794=AXIS2_PLACEMENT_3D('',#13730,#10995,#10996);
#9795=AXIS2_PLACEMENT_3D('',#13734,#10999,#11000);
#9796=AXIS2_PLACEMENT_3D('',#13738,#11003,#11004);
#9797=AXIS2_PLACEMENT_3D('',#13742,#11007,#11008);
#9798=AXIS2_PLACEMENT_3D('',#13746,#11011,#11012);
#9799=AXIS2_PLACEMENT_3D('',#13750,#11015,#11016);
#9800=AXIS2_PLACEMENT_3D('',#13754,#11019,#11020);
#9801=AXIS2_PLACEMENT_3D('',#13758,#11023,#11024);
#9802=AXIS2_PLACEMENT_3D('',#13762,#11027,#11028);
#9803=AXIS2_PLACEMENT_3D('',#13766,#11031,#11032);
#9804=AXIS2_PLACEMENT_3D('',#13770,#11035,#11036);
#9805=AXIS2_PLACEMENT_3D('',#13774,#11039,#11040);
#9806=AXIS2_PLACEMENT_3D('',#13778,#11043,#11044);
#9807=AXIS2_PLACEMENT_3D('',#13782,#11047,#11048);
#9808=AXIS2_PLACEMENT_3D('',#13786,#11051,#11052);
#9809=AXIS2_PLACEMENT_3D('',#13790,#11055,#11056);
#9810=AXIS2_PLACEMENT_3D('',#13794,#11059,#11060);
#9811=AXIS2_PLACEMENT_3D('',#13798,#11063,#11064);
#9812=AXIS2_PLACEMENT_3D('',#13802,#11067,#11068);
#9813=AXIS2_PLACEMENT_3D('',#13806,#11071,#11072);
#9814=AXIS2_PLACEMENT_3D('',#13810,#11075,#11076);
#9815=AXIS2_PLACEMENT_3D('',#13814,#11079,#11080);
#9816=AXIS2_PLACEMENT_3D('',#13818,#11083,#11084);
#9817=AXIS2_PLACEMENT_3D('',#13822,#11087,#11088);
#9818=AXIS2_PLACEMENT_3D('',#13826,#11091,#11092);
#9819=AXIS2_PLACEMENT_3D('',#13830,#11095,#11096);
#9820=AXIS2_PLACEMENT_3D('',#13834,#11099,#11100);
#9821=AXIS2_PLACEMENT_3D('',#13838,#11103,#11104);
#9822=AXIS2_PLACEMENT_3D('',#13842,#11107,#11108);
#9823=AXIS2_PLACEMENT_3D('',#13846,#11111,#11112);
#9824=AXIS2_PLACEMENT_3D('',#13850,#11115,#11116);
#9825=AXIS2_PLACEMENT_3D('',#13854,#11119,#11120);
#9826=AXIS2_PLACEMENT_3D('',#13858,#11123,#11124);
#9827=AXIS2_PLACEMENT_3D('',#13862,#11127,#11128);
#9828=AXIS2_PLACEMENT_3D('',#13866,#11131,#11132);
#9829=AXIS2_PLACEMENT_3D('',#13870,#11135,#11136);
#9830=AXIS2_PLACEMENT_3D('',#13874,#11139,#11140);
#9831=AXIS2_PLACEMENT_3D('',#13878,#11143,#11144);
#9832=AXIS2_PLACEMENT_3D('',#13882,#11147,#11148);
#9833=AXIS2_PLACEMENT_3D('',#13886,#11151,#11152);
#9834=AXIS2_PLACEMENT_3D('',#13890,#11155,#11156);
#9835=AXIS2_PLACEMENT_3D('',#13894,#11159,#11160);
#9836=AXIS2_PLACEMENT_3D('',#13898,#11163,#11164);
#9837=AXIS2_PLACEMENT_3D('',#13902,#11167,#11168);
#9838=AXIS2_PLACEMENT_3D('',#13906,#11171,#11172);
#9839=AXIS2_PLACEMENT_3D('',#13910,#11175,#11176);
#9840=AXIS2_PLACEMENT_3D('',#13914,#11179,#11180);
#9841=AXIS2_PLACEMENT_3D('',#13918,#11183,#11184);
#9842=AXIS2_PLACEMENT_3D('',#13922,#11187,#11188);
#9843=AXIS2_PLACEMENT_3D('',#13926,#11191,#11192);
#9844=AXIS2_PLACEMENT_3D('',#13930,#11195,#11196);
#9845=AXIS2_PLACEMENT_3D('',#13934,#11199,#11200);
#9846=AXIS2_PLACEMENT_3D('',#13938,#11203,#11204);
#9847=AXIS2_PLACEMENT_3D('',#13942,#11207,#11208);
#9848=AXIS2_PLACEMENT_3D('',#13946,#11211,#11212);
#9849=AXIS2_PLACEMENT_3D('',#13950,#11215,#11216);
#9850=AXIS2_PLACEMENT_3D('',#13954,#11219,#11220);
#9851=AXIS2_PLACEMENT_3D('',#13958,#11223,#11224);
#9852=AXIS2_PLACEMENT_3D('',#13962,#11227,#11228);
#9853=AXIS2_PLACEMENT_3D('',#13966,#11231,#11232);
#9854=AXIS2_PLACEMENT_3D('',#13970,#11235,#11236);
#9855=AXIS2_PLACEMENT_3D('',#13974,#11239,#11240);
#9856=AXIS2_PLACEMENT_3D('',#13978,#11243,#11244);
#9857=AXIS2_PLACEMENT_3D('',#13982,#11247,#11248);
#9858=AXIS2_PLACEMENT_3D('',#13986,#11251,#11252);
#9859=AXIS2_PLACEMENT_3D('',#13990,#11255,#11256);
#9860=AXIS2_PLACEMENT_3D('',#13994,#11259,#11260);
#9861=AXIS2_PLACEMENT_3D('',#13998,#11263,#11264);
#9862=AXIS2_PLACEMENT_3D('',#14002,#11267,#11268);
#9863=AXIS2_PLACEMENT_3D('',#14006,#11271,#11272);
#9864=AXIS2_PLACEMENT_3D('',#14010,#11275,#11276);
#9865=AXIS2_PLACEMENT_3D('',#14014,#11279,#11280);
#9866=AXIS2_PLACEMENT_3D('',#14018,#11283,#11284);
#9867=AXIS2_PLACEMENT_3D('',#14022,#11287,#11288);
#9868=AXIS2_PLACEMENT_3D('',#14026,#11291,#11292);
#9869=AXIS2_PLACEMENT_3D('',#14030,#11295,#11296);
#9870=AXIS2_PLACEMENT_3D('',#14034,#11299,#11300);
#9871=AXIS2_PLACEMENT_3D('',#14038,#11303,#11304);
#9872=AXIS2_PLACEMENT_3D('',#14042,#11307,#11308);
#9873=AXIS2_PLACEMENT_3D('',#14046,#11311,#11312);
#9874=AXIS2_PLACEMENT_3D('',#14050,#11315,#11316);
#9875=AXIS2_PLACEMENT_3D('',#14054,#11319,#11320);
#9876=AXIS2_PLACEMENT_3D('',#14058,#11323,#11324);
#9877=AXIS2_PLACEMENT_3D('',#14062,#11327,#11328);
#9878=AXIS2_PLACEMENT_3D('',#14066,#11331,#11332);
#9879=AXIS2_PLACEMENT_3D('',#14070,#11335,#11336);
#9880=AXIS2_PLACEMENT_3D('',#14074,#11339,#11340);
#9881=AXIS2_PLACEMENT_3D('',#14078,#11343,#11344);
#9882=AXIS2_PLACEMENT_3D('',#14082,#11347,#11348);
#9883=AXIS2_PLACEMENT_3D('',#14086,#11351,#11352);
#9884=AXIS2_PLACEMENT_3D('',#14090,#11355,#11356);
#9885=AXIS2_PLACEMENT_3D('',#14094,#11359,#11360);
#9886=AXIS2_PLACEMENT_3D('',#14098,#11363,#11364);
#9887=AXIS2_PLACEMENT_3D('',#14102,#11367,#11368);
#9888=AXIS2_PLACEMENT_3D('',#14106,#11371,#11372);
#9889=AXIS2_PLACEMENT_3D('',#14110,#11375,#11376);
#9890=AXIS2_PLACEMENT_3D('',#14114,#11379,#11380);
#9891=AXIS2_PLACEMENT_3D('',#14118,#11383,#11384);
#9892=AXIS2_PLACEMENT_3D('',#14122,#11387,#11388);
#9893=AXIS2_PLACEMENT_3D('',#14126,#11391,#11392);
#9894=AXIS2_PLACEMENT_3D('',#14130,#11395,#11396);
#9895=AXIS2_PLACEMENT_3D('',#14134,#11399,#11400);
#9896=AXIS2_PLACEMENT_3D('',#14138,#11403,#11404);
#9897=AXIS2_PLACEMENT_3D('',#14142,#11407,#11408);
#9898=AXIS2_PLACEMENT_3D('',#14146,#11411,#11412);
#9899=AXIS2_PLACEMENT_3D('',#14150,#11415,#11416);
#9900=AXIS2_PLACEMENT_3D('',#14154,#11419,#11420);
#9901=AXIS2_PLACEMENT_3D('',#14158,#11423,#11424);
#9902=AXIS2_PLACEMENT_3D('',#14162,#11427,#11428);
#9903=AXIS2_PLACEMENT_3D('',#14166,#11431,#11432);
#9904=AXIS2_PLACEMENT_3D('',#14170,#11435,#11436);
#9905=AXIS2_PLACEMENT_3D('',#14174,#11439,#11440);
#9906=AXIS2_PLACEMENT_3D('',#14178,#11443,#11444);
#9907=AXIS2_PLACEMENT_3D('',#14182,#11447,#11448);
#9908=AXIS2_PLACEMENT_3D('',#14186,#11451,#11452);
#9909=AXIS2_PLACEMENT_3D('',#14190,#11455,#11456);
#9910=AXIS2_PLACEMENT_3D('',#14194,#11459,#11460);
#9911=AXIS2_PLACEMENT_3D('',#14198,#11463,#11464);
#9912=AXIS2_PLACEMENT_3D('',#14202,#11467,#11468);
#9913=AXIS2_PLACEMENT_3D('',#14206,#11471,#11472);
#9914=AXIS2_PLACEMENT_3D('',#14210,#11475,#11476);
#9915=AXIS2_PLACEMENT_3D('',#14214,#11479,#11480);
#9916=AXIS2_PLACEMENT_3D('',#14218,#11483,#11484);
#9917=AXIS2_PLACEMENT_3D('',#14222,#11487,#11488);
#9918=AXIS2_PLACEMENT_3D('',#14226,#11491,#11492);
#9919=AXIS2_PLACEMENT_3D('',#14230,#11495,#11496);
#9920=AXIS2_PLACEMENT_3D('',#14234,#11499,#11500);
#9921=AXIS2_PLACEMENT_3D('',#14238,#11503,#11504);
#9922=AXIS2_PLACEMENT_3D('',#14242,#11507,#11508);
#9923=AXIS2_PLACEMENT_3D('',#14246,#11511,#11512);
#9924=AXIS2_PLACEMENT_3D('',#14250,#11515,#11516);
#9925=AXIS2_PLACEMENT_3D('',#14254,#11519,#11520);
#9926=AXIS2_PLACEMENT_3D('',#14258,#11523,#11524);
#9927=AXIS2_PLACEMENT_3D('',#14262,#11527,#11528);
#9928=AXIS2_PLACEMENT_3D('',#14266,#11531,#11532);
#9929=AXIS2_PLACEMENT_3D('',#14270,#11535,#11536);
#9930=AXIS2_PLACEMENT_3D('',#14274,#11539,#11540);
#9931=AXIS2_PLACEMENT_3D('',#14278,#11543,#11544);
#9932=AXIS2_PLACEMENT_3D('',#14282,#11547,#11548);
#9933=AXIS2_PLACEMENT_3D('',#14286,#11551,#11552);
#9934=AXIS2_PLACEMENT_3D('',#14290,#11555,#11556);
#9935=AXIS2_PLACEMENT_3D('',#14294,#11559,#11560);
#9936=AXIS2_PLACEMENT_3D('',#14298,#11563,#11564);
#9937=AXIS2_PLACEMENT_3D('',#14302,#11567,#11568);
#9938=AXIS2_PLACEMENT_3D('',#14306,#11571,#11572);
#9939=AXIS2_PLACEMENT_3D('',#14310,#11575,#11576);
#9940=AXIS2_PLACEMENT_3D('',#14314,#11579,#11580);
#9941=AXIS2_PLACEMENT_3D('',#14318,#11583,#11584);
#9942=AXIS2_PLACEMENT_3D('',#14322,#11587,#11588);
#9943=AXIS2_PLACEMENT_3D('',#14326,#11591,#11592);
#9944=AXIS2_PLACEMENT_3D('',#14330,#11595,#11596);
#9945=AXIS2_PLACEMENT_3D('',#14334,#11599,#11600);
#9946=AXIS2_PLACEMENT_3D('',#14336,#11602,#11603);
#9947=AXIS2_PLACEMENT_3D('',#14342,#11607,#11608);
#9948=AXIS2_PLACEMENT_3D('',#14346,#11611,#11612);
#9949=AXIS2_PLACEMENT_3D('',#14350,#11615,#11616);
#9950=AXIS2_PLACEMENT_3D('',#14354,#11619,#11620);
#9951=AXIS2_PLACEMENT_3D('',#14358,#11623,#11624);
#9952=AXIS2_PLACEMENT_3D('',#14362,#11627,#11628);
#9953=AXIS2_PLACEMENT_3D('',#14366,#11631,#11632);
#9954=AXIS2_PLACEMENT_3D('',#14370,#11635,#11636);
#9955=AXIS2_PLACEMENT_3D('',#14374,#11639,#11640);
#9956=AXIS2_PLACEMENT_3D('',#14378,#11643,#11644);
#9957=AXIS2_PLACEMENT_3D('',#14382,#11647,#11648);
#9958=AXIS2_PLACEMENT_3D('',#14386,#11651,#11652);
#9959=AXIS2_PLACEMENT_3D('',#14390,#11655,#11656);
#9960=AXIS2_PLACEMENT_3D('',#14394,#11659,#11660);
#9961=AXIS2_PLACEMENT_3D('',#14398,#11663,#11664);
#9962=AXIS2_PLACEMENT_3D('',#14402,#11667,#11668);
#9963=AXIS2_PLACEMENT_3D('',#14406,#11671,#11672);
#9964=AXIS2_PLACEMENT_3D('',#14410,#11675,#11676);
#9965=AXIS2_PLACEMENT_3D('',#14414,#11679,#11680);
#9966=AXIS2_PLACEMENT_3D('',#14418,#11683,#11684);
#9967=AXIS2_PLACEMENT_3D('',#14422,#11687,#11688);
#9968=AXIS2_PLACEMENT_3D('',#14426,#11691,#11692);
#9969=AXIS2_PLACEMENT_3D('',#14430,#11695,#11696);
#9970=AXIS2_PLACEMENT_3D('',#14434,#11699,#11700);
#9971=AXIS2_PLACEMENT_3D('',#14438,#11703,#11704);
#9972=AXIS2_PLACEMENT_3D('',#14442,#11707,#11708);
#9973=AXIS2_PLACEMENT_3D('',#14446,#11711,#11712);
#9974=AXIS2_PLACEMENT_3D('',#14450,#11715,#11716);
#9975=AXIS2_PLACEMENT_3D('',#14454,#11719,#11720);
#9976=AXIS2_PLACEMENT_3D('',#14458,#11723,#11724);
#9977=AXIS2_PLACEMENT_3D('',#14462,#11727,#11728);
#9978=AXIS2_PLACEMENT_3D('',#14466,#11731,#11732);
#9979=AXIS2_PLACEMENT_3D('',#14470,#11735,#11736);
#9980=AXIS2_PLACEMENT_3D('',#14474,#11739,#11740);
#9981=AXIS2_PLACEMENT_3D('',#14478,#11743,#11744);
#9982=AXIS2_PLACEMENT_3D('',#14482,#11747,#11748);
#9983=AXIS2_PLACEMENT_3D('',#14486,#11751,#11752);
#9984=AXIS2_PLACEMENT_3D('',#14490,#11755,#11756);
#9985=AXIS2_PLACEMENT_3D('',#14494,#11759,#11760);
#9986=AXIS2_PLACEMENT_3D('',#14498,#11763,#11764);
#9987=AXIS2_PLACEMENT_3D('',#14502,#11767,#11768);
#9988=AXIS2_PLACEMENT_3D('',#14506,#11771,#11772);
#9989=AXIS2_PLACEMENT_3D('',#14510,#11775,#11776);
#9990=AXIS2_PLACEMENT_3D('',#14514,#11779,#11780);
#9991=AXIS2_PLACEMENT_3D('',#14518,#11783,#11784);
#9992=AXIS2_PLACEMENT_3D('',#14522,#11787,#11788);
#9993=AXIS2_PLACEMENT_3D('',#14526,#11791,#11792);
#9994=AXIS2_PLACEMENT_3D('',#14530,#11795,#11796);
#9995=AXIS2_PLACEMENT_3D('',#14534,#11799,#11800);
#9996=AXIS2_PLACEMENT_3D('',#14538,#11803,#11804);
#9997=AXIS2_PLACEMENT_3D('',#14540,#11806,#11807);
#9998=AXIS2_PLACEMENT_3D('',#14546,#11811,#11812);
#9999=AXIS2_PLACEMENT_3D('',#14550,#11815,#11816);
#10000=AXIS2_PLACEMENT_3D('',#14554,#11819,#11820);
#10001=AXIS2_PLACEMENT_3D('',#14558,#11823,#11824);
#10002=AXIS2_PLACEMENT_3D('',#14562,#11827,#11828);
#10003=AXIS2_PLACEMENT_3D('',#14566,#11831,#11832);
#10004=AXIS2_PLACEMENT_3D('',#14570,#11835,#11836);
#10005=AXIS2_PLACEMENT_3D('',#14574,#11839,#11840);
#10006=AXIS2_PLACEMENT_3D('',#14578,#11843,#11844);
#10007=AXIS2_PLACEMENT_3D('',#14582,#11847,#11848);
#10008=AXIS2_PLACEMENT_3D('',#14586,#11851,#11852);
#10009=AXIS2_PLACEMENT_3D('',#14590,#11855,#11856);
#10010=AXIS2_PLACEMENT_3D('',#14594,#11859,#11860);
#10011=AXIS2_PLACEMENT_3D('',#14598,#11863,#11864);
#10012=AXIS2_PLACEMENT_3D('',#14602,#11867,#11868);
#10013=AXIS2_PLACEMENT_3D('',#14606,#11871,#11872);
#10014=AXIS2_PLACEMENT_3D('',#14610,#11875,#11876);
#10015=AXIS2_PLACEMENT_3D('',#14614,#11879,#11880);
#10016=AXIS2_PLACEMENT_3D('',#14618,#11883,#11884);
#10017=AXIS2_PLACEMENT_3D('',#14622,#11887,#11888);
#10018=AXIS2_PLACEMENT_3D('',#14626,#11891,#11892);
#10019=AXIS2_PLACEMENT_3D('',#14630,#11895,#11896);
#10020=AXIS2_PLACEMENT_3D('',#14634,#11899,#11900);
#10021=AXIS2_PLACEMENT_3D('',#14638,#11903,#11904);
#10022=AXIS2_PLACEMENT_3D('',#14642,#11907,#11908);
#10023=AXIS2_PLACEMENT_3D('',#14646,#11911,#11912);
#10024=AXIS2_PLACEMENT_3D('',#14650,#11915,#11916);
#10025=AXIS2_PLACEMENT_3D('',#14654,#11919,#11920);
#10026=AXIS2_PLACEMENT_3D('',#14658,#11923,#11924);
#10027=AXIS2_PLACEMENT_3D('',#14662,#11927,#11928);
#10028=AXIS2_PLACEMENT_3D('',#14666,#11931,#11932);
#10029=AXIS2_PLACEMENT_3D('',#14670,#11935,#11936);
#10030=AXIS2_PLACEMENT_3D('',#14674,#11939,#11940);
#10031=AXIS2_PLACEMENT_3D('',#14678,#11943,#11944);
#10032=AXIS2_PLACEMENT_3D('',#14682,#11947,#11948);
#10033=AXIS2_PLACEMENT_3D('',#14686,#11951,#11952);
#10034=AXIS2_PLACEMENT_3D('',#14690,#11955,#11956);
#10035=AXIS2_PLACEMENT_3D('',#14694,#11959,#11960);
#10036=AXIS2_PLACEMENT_3D('',#14698,#11963,#11964);
#10037=AXIS2_PLACEMENT_3D('',#14702,#11967,#11968);
#10038=AXIS2_PLACEMENT_3D('',#14706,#11971,#11972);
#10039=AXIS2_PLACEMENT_3D('',#14710,#11975,#11976);
#10040=AXIS2_PLACEMENT_3D('',#14714,#11979,#11980);
#10041=AXIS2_PLACEMENT_3D('',#14718,#11983,#11984);
#10042=AXIS2_PLACEMENT_3D('',#14722,#11987,#11988);
#10043=AXIS2_PLACEMENT_3D('',#14726,#11991,#11992);
#10044=AXIS2_PLACEMENT_3D('',#14730,#11995,#11996);
#10045=AXIS2_PLACEMENT_3D('',#14734,#11999,#12000);
#10046=AXIS2_PLACEMENT_3D('',#14738,#12003,#12004);
#10047=AXIS2_PLACEMENT_3D('',#14742,#12007,#12008);
#10048=AXIS2_PLACEMENT_3D('',#14744,#12010,#12011);
#10049=AXIS2_PLACEMENT_3D('',#14750,#12015,#12016);
#10050=AXIS2_PLACEMENT_3D('',#14754,#12019,#12020);
#10051=AXIS2_PLACEMENT_3D('',#14758,#12023,#12024);
#10052=AXIS2_PLACEMENT_3D('',#14762,#12027,#12028);
#10053=AXIS2_PLACEMENT_3D('',#14766,#12031,#12032);
#10054=AXIS2_PLACEMENT_3D('',#14770,#12035,#12036);
#10055=AXIS2_PLACEMENT_3D('',#14774,#12039,#12040);
#10056=AXIS2_PLACEMENT_3D('',#14778,#12043,#12044);
#10057=AXIS2_PLACEMENT_3D('',#14782,#12047,#12048);
#10058=AXIS2_PLACEMENT_3D('',#14786,#12051,#12052);
#10059=AXIS2_PLACEMENT_3D('',#14790,#12055,#12056);
#10060=AXIS2_PLACEMENT_3D('',#14794,#12059,#12060);
#10061=AXIS2_PLACEMENT_3D('',#14798,#12063,#12064);
#10062=AXIS2_PLACEMENT_3D('',#14802,#12067,#12068);
#10063=AXIS2_PLACEMENT_3D('',#14806,#12071,#12072);
#10064=AXIS2_PLACEMENT_3D('',#14810,#12075,#12076);
#10065=AXIS2_PLACEMENT_3D('',#14814,#12079,#12080);
#10066=AXIS2_PLACEMENT_3D('',#14818,#12083,#12084);
#10067=AXIS2_PLACEMENT_3D('',#14822,#12087,#12088);
#10068=AXIS2_PLACEMENT_3D('',#14826,#12091,#12092);
#10069=AXIS2_PLACEMENT_3D('',#14830,#12095,#12096);
#10070=AXIS2_PLACEMENT_3D('',#14834,#12099,#12100);
#10071=AXIS2_PLACEMENT_3D('',#14838,#12103,#12104);
#10072=AXIS2_PLACEMENT_3D('',#14842,#12107,#12108);
#10073=AXIS2_PLACEMENT_3D('',#14846,#12111,#12112);
#10074=AXIS2_PLACEMENT_3D('',#14850,#12115,#12116);
#10075=AXIS2_PLACEMENT_3D('',#14854,#12119,#12120);
#10076=AXIS2_PLACEMENT_3D('',#14858,#12123,#12124);
#10077=AXIS2_PLACEMENT_3D('',#14862,#12127,#12128);
#10078=AXIS2_PLACEMENT_3D('',#14866,#12131,#12132);
#10079=AXIS2_PLACEMENT_3D('',#14870,#12135,#12136);
#10080=AXIS2_PLACEMENT_3D('',#14874,#12139,#12140);
#10081=AXIS2_PLACEMENT_3D('',#14878,#12143,#12144);
#10082=AXIS2_PLACEMENT_3D('',#14882,#12147,#12148);
#10083=AXIS2_PLACEMENT_3D('',#14886,#12151,#12152);
#10084=AXIS2_PLACEMENT_3D('',#14890,#12155,#12156);
#10085=AXIS2_PLACEMENT_3D('',#14894,#12159,#12160);
#10086=AXIS2_PLACEMENT_3D('',#14898,#12163,#12164);
#10087=AXIS2_PLACEMENT_3D('',#14902,#12167,#12168);
#10088=AXIS2_PLACEMENT_3D('',#14906,#12171,#12172);
#10089=AXIS2_PLACEMENT_3D('',#14910,#12175,#12176);
#10090=AXIS2_PLACEMENT_3D('',#14914,#12179,#12180);
#10091=AXIS2_PLACEMENT_3D('',#14918,#12183,#12184);
#10092=AXIS2_PLACEMENT_3D('',#14922,#12187,#12188);
#10093=AXIS2_PLACEMENT_3D('',#14926,#12191,#12192);
#10094=AXIS2_PLACEMENT_3D('',#14930,#12195,#12196);
#10095=AXIS2_PLACEMENT_3D('',#14934,#12199,#12200);
#10096=AXIS2_PLACEMENT_3D('',#14938,#12203,#12204);
#10097=AXIS2_PLACEMENT_3D('',#14942,#12207,#12208);
#10098=AXIS2_PLACEMENT_3D('',#14946,#12211,#12212);
#10099=AXIS2_PLACEMENT_3D('',#14948,#12214,#12215);
#10100=AXIS2_PLACEMENT_3D('',#14954,#12219,#12220);
#10101=AXIS2_PLACEMENT_3D('',#14958,#12223,#12224);
#10102=AXIS2_PLACEMENT_3D('',#14962,#12227,#12228);
#10103=AXIS2_PLACEMENT_3D('',#14966,#12231,#12232);
#10104=AXIS2_PLACEMENT_3D('',#14970,#12235,#12236);
#10105=AXIS2_PLACEMENT_3D('',#14974,#12239,#12240);
#10106=AXIS2_PLACEMENT_3D('',#14978,#12243,#12244);
#10107=AXIS2_PLACEMENT_3D('',#14982,#12247,#12248);
#10108=AXIS2_PLACEMENT_3D('',#14986,#12251,#12252);
#10109=AXIS2_PLACEMENT_3D('',#14990,#12255,#12256);
#10110=AXIS2_PLACEMENT_3D('',#14994,#12259,#12260);
#10111=AXIS2_PLACEMENT_3D('',#14998,#12263,#12264);
#10112=AXIS2_PLACEMENT_3D('',#15002,#12267,#12268);
#10113=AXIS2_PLACEMENT_3D('',#15006,#12271,#12272);
#10114=AXIS2_PLACEMENT_3D('',#15010,#12275,#12276);
#10115=AXIS2_PLACEMENT_3D('',#15014,#12279,#12280);
#10116=AXIS2_PLACEMENT_3D('',#15018,#12283,#12284);
#10117=AXIS2_PLACEMENT_3D('',#15022,#12287,#12288);
#10118=AXIS2_PLACEMENT_3D('',#15026,#12291,#12292);
#10119=AXIS2_PLACEMENT_3D('',#15030,#12295,#12296);
#10120=AXIS2_PLACEMENT_3D('',#15034,#12299,#12300);
#10121=AXIS2_PLACEMENT_3D('',#15038,#12303,#12304);
#10122=AXIS2_PLACEMENT_3D('',#15042,#12307,#12308);
#10123=AXIS2_PLACEMENT_3D('',#15046,#12311,#12312);
#10124=AXIS2_PLACEMENT_3D('',#15050,#12315,#12316);
#10125=AXIS2_PLACEMENT_3D('',#15054,#12319,#12320);
#10126=AXIS2_PLACEMENT_3D('',#15058,#12323,#12324);
#10127=AXIS2_PLACEMENT_3D('',#15062,#12327,#12328);
#10128=AXIS2_PLACEMENT_3D('',#15066,#12331,#12332);
#10129=AXIS2_PLACEMENT_3D('',#15070,#12335,#12336);
#10130=AXIS2_PLACEMENT_3D('',#15074,#12339,#12340);
#10131=AXIS2_PLACEMENT_3D('',#15078,#12343,#12344);
#10132=AXIS2_PLACEMENT_3D('',#15082,#12347,#12348);
#10133=AXIS2_PLACEMENT_3D('',#15086,#12351,#12352);
#10134=AXIS2_PLACEMENT_3D('',#15090,#12355,#12356);
#10135=AXIS2_PLACEMENT_3D('',#15094,#12359,#12360);
#10136=AXIS2_PLACEMENT_3D('',#15098,#12363,#12364);
#10137=AXIS2_PLACEMENT_3D('',#15102,#12367,#12368);
#10138=AXIS2_PLACEMENT_3D('',#15106,#12371,#12372);
#10139=AXIS2_PLACEMENT_3D('',#15110,#12375,#12376);
#10140=AXIS2_PLACEMENT_3D('',#15114,#12379,#12380);
#10141=AXIS2_PLACEMENT_3D('',#15118,#12383,#12384);
#10142=AXIS2_PLACEMENT_3D('',#15122,#12387,#12388);
#10143=AXIS2_PLACEMENT_3D('',#15126,#12391,#12392);
#10144=AXIS2_PLACEMENT_3D('',#15130,#12395,#12396);
#10145=AXIS2_PLACEMENT_3D('',#15134,#12399,#12400);
#10146=AXIS2_PLACEMENT_3D('',#15138,#12403,#12404);
#10147=AXIS2_PLACEMENT_3D('',#15142,#12407,#12408);
#10148=AXIS2_PLACEMENT_3D('',#15146,#12411,#12412);
#10149=AXIS2_PLACEMENT_3D('',#15150,#12415,#12416);
#10150=AXIS2_PLACEMENT_3D('',#15154,#12419,#12420);
#10151=AXIS2_PLACEMENT_3D('',#15158,#12423,#12424);
#10152=AXIS2_PLACEMENT_3D('',#15162,#12427,#12428);
#10153=AXIS2_PLACEMENT_3D('',#15166,#12431,#12432);
#10154=AXIS2_PLACEMENT_3D('',#15170,#12435,#12436);
#10155=AXIS2_PLACEMENT_3D('',#15174,#12439,#12440);
#10156=AXIS2_PLACEMENT_3D('',#15178,#12443,#12444);
#10157=AXIS2_PLACEMENT_3D('',#15182,#12447,#12448);
#10158=AXIS2_PLACEMENT_3D('',#15186,#12451,#12452);
#10159=AXIS2_PLACEMENT_3D('',#15190,#12455,#12456);
#10160=AXIS2_PLACEMENT_3D('',#15194,#12459,#12460);
#10161=AXIS2_PLACEMENT_3D('',#15198,#12463,#12464);
#10162=AXIS2_PLACEMENT_3D('',#15202,#12467,#12468);
#10163=AXIS2_PLACEMENT_3D('',#15206,#12471,#12472);
#10164=AXIS2_PLACEMENT_3D('',#15210,#12475,#12476);
#10165=AXIS2_PLACEMENT_3D('',#15214,#12479,#12480);
#10166=AXIS2_PLACEMENT_3D('',#15218,#12483,#12484);
#10167=AXIS2_PLACEMENT_3D('',#15222,#12487,#12488);
#10168=AXIS2_PLACEMENT_3D('',#15226,#12491,#12492);
#10169=AXIS2_PLACEMENT_3D('',#15230,#12495,#12496);
#10170=AXIS2_PLACEMENT_3D('',#15234,#12499,#12500);
#10171=AXIS2_PLACEMENT_3D('',#15238,#12503,#12504);
#10172=AXIS2_PLACEMENT_3D('',#15242,#12507,#12508);
#10173=AXIS2_PLACEMENT_3D('',#15246,#12511,#12512);
#10174=AXIS2_PLACEMENT_3D('',#15250,#12515,#12516);
#10175=AXIS2_PLACEMENT_3D('',#15254,#12519,#12520);
#10176=AXIS2_PLACEMENT_3D('',#15258,#12523,#12524);
#10177=AXIS2_PLACEMENT_3D('',#15262,#12527,#12528);
#10178=AXIS2_PLACEMENT_3D('',#15266,#12531,#12532);
#10179=AXIS2_PLACEMENT_3D('',#15270,#12535,#12536);
#10180=AXIS2_PLACEMENT_3D('',#15274,#12539,#12540);
#10181=AXIS2_PLACEMENT_3D('',#15278,#12543,#12544);
#10182=AXIS2_PLACEMENT_3D('',#15282,#12547,#12548);
#10183=AXIS2_PLACEMENT_3D('',#15286,#12551,#12552);
#10184=AXIS2_PLACEMENT_3D('',#15290,#12555,#12556);
#10185=AXIS2_PLACEMENT_3D('',#15294,#12559,#12560);
#10186=AXIS2_PLACEMENT_3D('',#15298,#12563,#12564);
#10187=AXIS2_PLACEMENT_3D('',#15302,#12567,#12568);
#10188=AXIS2_PLACEMENT_3D('',#15306,#12571,#12572);
#10189=AXIS2_PLACEMENT_3D('',#15310,#12575,#12576);
#10190=AXIS2_PLACEMENT_3D('',#15314,#12579,#12580);
#10191=AXIS2_PLACEMENT_3D('',#15318,#12583,#12584);
#10192=AXIS2_PLACEMENT_3D('',#15320,#12586,#12587);
#10193=DIRECTION('axis',(0.,0.,1.));
#10194=DIRECTION('refdir',(1.,0.,0.));
#10195=DIRECTION('center_axis',(0.,1.,0.));
#10196=DIRECTION('ref_axis',(-1.,0.,0.));
#10197=DIRECTION('center_axis',(0.,-1.,0.));
#10198=DIRECTION('ref_axis',(-1.,0.,0.));
#10199=DIRECTION('',(0.,-1.,0.));
#10200=DIRECTION('center_axis',(0.,1.,0.));
#10201=DIRECTION('ref_axis',(-1.,0.,0.));
#10202=DIRECTION('center_axis',(0.,1.,0.));
#10203=DIRECTION('ref_axis',(-1.,0.,0.));
#10204=DIRECTION('center_axis',(0.,1.,0.));
#10205=DIRECTION('ref_axis',(-1.,0.,0.));
#10206=DIRECTION('center_axis',(0.,1.,0.));
#10207=DIRECTION('ref_axis',(-1.,0.,0.));
#10208=DIRECTION('center_axis',(0.,1.,0.));
#10209=DIRECTION('ref_axis',(-1.,0.,0.));
#10210=DIRECTION('center_axis',(0.,1.,0.));
#10211=DIRECTION('ref_axis',(-1.,0.,0.));
#10212=DIRECTION('center_axis',(0.,1.,0.));
#10213=DIRECTION('ref_axis',(-1.,0.,0.));
#10214=DIRECTION('center_axis',(0.,1.,0.));
#10215=DIRECTION('ref_axis',(-1.,0.,0.));
#10216=DIRECTION('center_axis',(0.,1.,0.));
#10217=DIRECTION('ref_axis',(-1.,0.,0.));
#10218=DIRECTION('center_axis',(0.,1.,0.));
#10219=DIRECTION('ref_axis',(-1.,0.,0.));
#10220=DIRECTION('center_axis',(0.,1.,0.));
#10221=DIRECTION('ref_axis',(-1.,0.,0.));
#10222=DIRECTION('center_axis',(0.,1.,0.));
#10223=DIRECTION('ref_axis',(-1.,0.,0.));
#10224=DIRECTION('center_axis',(0.,1.,0.));
#10225=DIRECTION('ref_axis',(-1.,0.,0.));
#10226=DIRECTION('center_axis',(0.,1.,0.));
#10227=DIRECTION('ref_axis',(-1.,0.,0.));
#10228=DIRECTION('center_axis',(0.,1.,0.));
#10229=DIRECTION('ref_axis',(-1.,0.,0.));
#10230=DIRECTION('center_axis',(0.,1.,0.));
#10231=DIRECTION('ref_axis',(-1.,0.,0.));
#10232=DIRECTION('center_axis',(0.,1.,0.));
#10233=DIRECTION('ref_axis',(-1.,0.,0.));
#10234=DIRECTION('center_axis',(0.,1.,0.));
#10235=DIRECTION('ref_axis',(-1.,0.,0.));
#10236=DIRECTION('center_axis',(0.,1.,0.));
#10237=DIRECTION('ref_axis',(-1.,0.,0.));
#10238=DIRECTION('center_axis',(0.,1.,0.));
#10239=DIRECTION('ref_axis',(-1.,0.,0.));
#10240=DIRECTION('center_axis',(0.,1.,0.));
#10241=DIRECTION('ref_axis',(-1.,0.,0.));
#10242=DIRECTION('center_axis',(0.,1.,0.));
#10243=DIRECTION('ref_axis',(-1.,0.,0.));
#10244=DIRECTION('center_axis',(0.,1.,0.));
#10245=DIRECTION('ref_axis',(-1.,0.,0.));
#10246=DIRECTION('center_axis',(0.,1.,0.));
#10247=DIRECTION('ref_axis',(-1.,0.,0.));
#10248=DIRECTION('center_axis',(0.,1.,0.));
#10249=DIRECTION('ref_axis',(-1.,0.,0.));
#10250=DIRECTION('center_axis',(0.,1.,0.));
#10251=DIRECTION('ref_axis',(-1.,0.,0.));
#10252=DIRECTION('center_axis',(0.,1.,0.));
#10253=DIRECTION('ref_axis',(-1.,0.,0.));
#10254=DIRECTION('center_axis',(0.,1.,0.));
#10255=DIRECTION('ref_axis',(-1.,0.,0.));
#10256=DIRECTION('center_axis',(0.,1.,0.));
#10257=DIRECTION('ref_axis',(-1.,0.,0.));
#10258=DIRECTION('center_axis',(0.,1.,0.));
#10259=DIRECTION('ref_axis',(-1.,0.,0.));
#10260=DIRECTION('center_axis',(0.,1.,0.));
#10261=DIRECTION('ref_axis',(-1.,0.,0.));
#10262=DIRECTION('center_axis',(0.,1.,0.));
#10263=DIRECTION('ref_axis',(-1.,0.,0.));
#10264=DIRECTION('center_axis',(0.,1.,0.));
#10265=DIRECTION('ref_axis',(-1.,0.,0.));
#10266=DIRECTION('center_axis',(0.,1.,0.));
#10267=DIRECTION('ref_axis',(-1.,0.,0.));
#10268=DIRECTION('center_axis',(0.,1.,0.));
#10269=DIRECTION('ref_axis',(-1.,0.,0.));
#10270=DIRECTION('center_axis',(0.,1.,0.));
#10271=DIRECTION('ref_axis',(-1.,0.,0.));
#10272=DIRECTION('center_axis',(0.,1.,0.));
#10273=DIRECTION('ref_axis',(-1.,0.,0.));
#10274=DIRECTION('center_axis',(0.,1.,0.));
#10275=DIRECTION('ref_axis',(-1.,0.,0.));
#10276=DIRECTION('center_axis',(0.,1.,0.));
#10277=DIRECTION('ref_axis',(-1.,0.,0.));
#10278=DIRECTION('center_axis',(0.,1.,0.));
#10279=DIRECTION('ref_axis',(-1.,0.,0.));
#10280=DIRECTION('center_axis',(0.,1.,0.));
#10281=DIRECTION('ref_axis',(-1.,0.,0.));
#10282=DIRECTION('center_axis',(0.,1.,0.));
#10283=DIRECTION('ref_axis',(-1.,0.,0.));
#10284=DIRECTION('center_axis',(0.,1.,0.));
#10285=DIRECTION('ref_axis',(-1.,0.,0.));
#10286=DIRECTION('center_axis',(0.,1.,0.));
#10287=DIRECTION('ref_axis',(-1.,0.,0.));
#10288=DIRECTION('center_axis',(0.,1.,0.));
#10289=DIRECTION('ref_axis',(-1.,0.,0.));
#10290=DIRECTION('center_axis',(0.,1.,0.));
#10291=DIRECTION('ref_axis',(-1.,0.,0.));
#10292=DIRECTION('center_axis',(0.,1.,0.));
#10293=DIRECTION('ref_axis',(-1.,0.,0.));
#10294=DIRECTION('center_axis',(0.,1.,0.));
#10295=DIRECTION('ref_axis',(-1.,0.,0.));
#10296=DIRECTION('center_axis',(0.,1.,0.));
#10297=DIRECTION('ref_axis',(-1.,0.,0.));
#10298=DIRECTION('center_axis',(0.,1.,0.));
#10299=DIRECTION('ref_axis',(-1.,0.,0.));
#10300=DIRECTION('',(-0.660632927334732,0.,-0.750709088343242));
#10301=DIRECTION('',(-0.693375208078046,0.,-0.720576727921965));
#10302=DIRECTION('',(-0.724486857775897,0.,-0.68928861365179));
#10303=DIRECTION('',(-0.753862531945703,0.,-0.657032178000754));
#10304=DIRECTION('',(-0.781424005615574,0.,-0.624000419429115));
#10305=DIRECTION('',(0.0772385453816406,0.,0.997012641397956));
#10306=DIRECTION('',(-0.0816309832387914,0.,0.996662622242586));
#10307=DIRECTION('',(-0.247683038231518,0.,0.968841118332828));
#10308=DIRECTION('',(-0.406728258387001,0.,0.913549190700466));
#10309=DIRECTION('',(-0.554236109897739,0.,0.832359498345169));
#10310=DIRECTION('',(-0.686037069011891,0.,0.727566587977742));
#10311=DIRECTION('',(-0.79839143179714,0.,0.602138789344212));
#10312=DIRECTION('',(-0.888098464311076,0.,0.459653258106922));
#10313=DIRECTION('',(-0.95262517350159,0.,0.304146804703032));
#10314=DIRECTION('',(-0.990154045232139,0.,0.139982022811613));
#10315=DIRECTION('',(-0.99960412333471,0.,-0.0281353267662875));
#10316=DIRECTION('',(-0.980720387913981,0.,-0.195416275498869));
#10317=DIRECTION('',(-0.934016543776245,0.,-0.357229752333533));
#10318=DIRECTION('',(-0.860845332815148,0.,-0.508866694695552));
#10319=DIRECTION('',(-0.763261129138357,0.,-0.646090124322018));
#10320=DIRECTION('',(-0.644055075374078,0.,-0.764979123822926));
#10321=DIRECTION('',(-0.506565232998428,0.,-0.862201638085459));
#10322=DIRECTION('',(-0.354720820581926,0.,-0.934972266671951));
#10323=DIRECTION('',(-0.19281201090321,0.,-0.981235715030522));
#10324=DIRECTION('',(-0.593195499659107,0.,0.805058444576654));
#10325=DIRECTION('',(-0.5577571472802,0.,0.830004195566416));
#10326=DIRECTION('',(-0.520722687576145,0.,0.853725882613077));
#10327=DIRECTION('',(-0.482319628045127,0.,0.875995306153184));
#10328=DIRECTION('',(-0.442707379083418,0.,0.896666145510742));
#10329=DIRECTION('',(-0.402693445428999,0.,0.915334905380824));
#10330=DIRECTION('',(-0.361877227921978,0.,0.932225762308415));
#10331=DIRECTION('',(-0.319816679979488,0.,0.947479441047086));
#10332=DIRECTION('',(-0.277350710693673,0.,0.960768745993392));
#10333=DIRECTION('',(-0.234697918981414,0.,0.972068355017173));
#10334=DIRECTION('',(-0.192075746519965,0.,0.981380103527068));
#10335=DIRECTION('',(-0.149688532768966,0.,0.98873320120115));
#10336=DIRECTION('',(0.829912755676342,0.,-0.557893195841014));
#10337=DIRECTION('',(0.911325908431908,0.,-0.41168566725204));
#10338=DIRECTION('',(0.967230265768665,0.,-0.253900793581033));
#10339=DIRECTION('',(0.996029612360035,0.,-0.0890225325516979));
#10340=DIRECTION('',(0.996926018014096,0.,0.0783486732916255));
#10341=DIRECTION('',(0.969892284995796,0.,0.243534300470456));
#10342=DIRECTION('',(0.91569316000394,0.,0.401878136655876));
#10343=DIRECTION('',(0.835831000566067,0.,0.548986829070359));
#10344=DIRECTION('',(0.732550303467863,0.,0.680712900486793));
#10345=DIRECTION('',(0.608772580454721,0.,0.793344783361245));
#10346=DIRECTION('',(0.467900073541079,0.,0.883781376348389));
#10347=DIRECTION('',(0.3139465026175,0.,0.949440674025629));
#10348=DIRECTION('',(0.151217682097315,0.,0.988500486909903));
#10349=DIRECTION('',(-0.0157969872108239,0.,0.999875219812483));
#10350=DIRECTION('',(-0.182342443937842,0.,0.983235085388421));
#10351=DIRECTION('',(-0.343787200937922,0.,0.939047581580012));
#10352=DIRECTION('',(-0.495590430800132,0.,0.868556345264566));
#10353=DIRECTION('',(-0.633517139967214,0.,0.773728656162974));
#10354=DIRECTION('',(-0.753694479344709,0.,0.657224947643733));
#10355=DIRECTION('',(0.993798798923112,0.,0.111193287832408));
#10356=DIRECTION('',(0.997683357795578,0.,0.0680287996200195));
#10357=DIRECTION('',(0.999709628131965,0.,0.0240968757362442));
#10358=DIRECTION('',(0.999793993336419,0.,-0.0202970660051147));
#10359=DIRECTION('',(0.997889356716304,0.,-0.0649371369273426));
#10360=DIRECTION('',(0.994050032950883,0.,-0.108924432476592));
#10361=DIRECTION('',(0.98826988170223,0.,-0.152717520017388));
#10362=DIRECTION('',(0.980449514775046,0.,-0.196770803162913));
#10363=DIRECTION('',(0.970725403929619,0.,-0.240191986056316));
#10364=DIRECTION('',(0.95918490118924,0.,-0.282779640940765));
#10365=DIRECTION('',(0.945938023653417,0.,-0.324347430091049));
#10366=DIRECTION('',(0.931111984974528,0.,-0.364733425170759));
#10367=DIRECTION('',(-0.898114922797335,0.,-0.439760827551452));
#10368=DIRECTION('',(-0.812188442114306,0.,-0.583395178670458));
#10369=DIRECTION('',(-0.703503178765677,0.,-0.7106921115832));
#10370=DIRECTION('',(-0.575105148579287,0.,-0.818079499851693));
#10371=DIRECTION('',(-0.430613830097633,0.,-0.902536275907316));
#10372=DIRECTION('',(-0.274048366829082,0.,-0.961715910567311));
#10373=DIRECTION('',(-0.109792949360864,0.,-0.99395447997916));
#10374=DIRECTION('',(0.0575231604944695,0.,-0.99834417212038));
#10375=DIRECTION('',(0.223224393823063,0.,-0.974767085001502));
#10376=DIRECTION('',(0.38268396738822,0.,-0.923879310897268));
#10377=DIRECTION('',(0.531414314379592,0.,-0.84711205071848));
#10378=DIRECTION('',(0.665268703449666,0.,-0.746604012988412));
#10379=DIRECTION('',(0.780469807322026,0.,-0.625193473941243));
#10380=DIRECTION('',(0.873815563961161,0.,-0.486257503982446));
#10381=DIRECTION('',(0.942677077828531,0.,-0.333706348361342));
#10382=DIRECTION('',(0.985132220221934,0.,-0.17179787158345));
#10383=DIRECTION('',(0.99998705199611,0.,-0.00508879554787814));
#10384=DIRECTION('',(0.986827546278742,0.,0.16177575190824));
#10385=DIRECTION('',(0.946020267430601,0.,0.324107472315179));
#10386=DIRECTION('',(-0.400603139195221,0.,-0.91625167114005));
#10387=DIRECTION('',(-0.439926931951498,0.,-0.898033570944729));
#10388=DIRECTION('',(-0.478986505483322,0.,-0.87782226422259));
#10389=DIRECTION('',(-0.517474553795512,0.,-0.855698595402689));
#10390=DIRECTION('',(-0.555181718247787,0.,-0.831729078320239));
#10391=DIRECTION('',(-0.59135659047072,0.,-0.806410182789655));
#10392=DIRECTION('',(-0.626392085592442,0.,-0.779508149480909));
#10393=DIRECTION('',(0.334919685477821,0.,-0.942246679102366));
#10394=DIRECTION('',(0.489013641261154,0.,-0.872276136702425));
#10395=DIRECTION('',(0.629100857673977,0.,-0.777323684750353));
#10396=DIRECTION('',(0.751171672325093,0.,-0.660106899446085));
#10397=DIRECTION('',(0.851726028517882,0.,-0.523987378039926));
#10398=DIRECTION('',(0.927887718805575,0.,-0.372859734068706));
#10399=DIRECTION('',(0.977476530458296,0.,-0.211044147995655));
#10400=DIRECTION('',(0.999066708036564,0.,-0.0431938987935036));
#10401=DIRECTION('',(0.992043353478191,0.,0.125896722831632));
#10402=DIRECTION('',(0.956608723741538,0.,0.291375616106747));
#10403=DIRECTION('',(0.893773259630572,0.,0.448519074699552));
#10404=DIRECTION('',(0.80534592161796,0.,0.592805150562407));
#10405=DIRECTION('',(0.693845857864992,0.,0.720123548791174));
#10406=DIRECTION('',(0.562472719625447,0.,0.826815843871629));
#10407=DIRECTION('',(0.470993920900311,0.,0.882136455699997));
#10408=DIRECTION('',(0.432690563251409,0.,0.901542498428764));
#10409=DIRECTION('',(0.409827730366937,0.,0.912162941267779));
#10410=DIRECTION('',(0.33037616923184,0.,0.943849345395596));
#10411=DIRECTION('',(0.173722856294289,0.,0.984794582235785));
#10412=DIRECTION('',(0.0125165531888115,0.,0.99992166487994));
#10413=DIRECTION('',(-0.149011874416686,0.,0.988835406568164));
#10414=DIRECTION('',(-0.306633179810958,0.,0.951827764377054));
#10415=DIRECTION('',(-0.456218887630628,0.,0.889867589346343));
#10416=DIRECTION('',(-0.593851389006915,0.,0.804574749650123));
#10417=DIRECTION('',(-0.71590495502206,0.,0.698197748044823));
#10418=DIRECTION('',(-0.819196637599021,0.,0.573512745234539));
#10419=DIRECTION('',(-0.901013234019778,0.,0.433791599873973));
#10420=DIRECTION('',(-0.940786778495534,0.,0.338998875231164));
#10421=DIRECTION('',(-0.954464803911495,0.,0.298323545993594));
#10422=DIRECTION('',(-0.961793061651644,0.,0.273777476353986));
#10423=DIRECTION('',(-0.982374892728915,0.,0.18692129396046));
#10424=DIRECTION('',(-0.999827209250217,0.,0.0185890194180067));
#10425=DIRECTION('',(-0.988643671194614,0.,-0.150278712420745));
#10426=DIRECTION('',(-0.949142968591758,0.,-0.314845398843344));
#10427=DIRECTION('',(-0.882464059610104,0.,-0.470379828964268));
#10428=DIRECTION('',(-0.790502355253738,0.,-0.61245899972022));
#10429=DIRECTION('',(-0.675900681009554,0.,-0.736992720052798));
#10430=DIRECTION('',(-0.541950049162122,0.,-0.840410699725541));
#10431=DIRECTION('',(-0.392474439464825,0.,-0.919762912041343));
#10432=DIRECTION('',(-0.23174670467705,0.,-0.972776163807136));
#10433=DIRECTION('',(-0.0643886138888591,0.,-0.997924900181107));
#10434=DIRECTION('',(0.104813851805689,0.,-0.994491858423011));
#10435=DIRECTION('',(0.271009833650733,0.,-0.962576578805345));
#10436=DIRECTION('',(0.429448735542965,0.,-0.903091237661261));
#10437=DIRECTION('',(0.57558282544014,0.,-0.817743487322489));
#10438=DIRECTION('',(0.594764133987128,0.,-0.803900258068463));
#10439=DIRECTION('',(0.492392423204638,0.,-0.870373311614427));
#10440=DIRECTION('',(0.382685864582287,0.,-0.923878525050186));
#10441=DIRECTION('',(0.267277039659456,0.,-0.963619730013286));
#10442=DIRECTION('',(0.147885808770327,0.,-0.98900444264136));
#10443=DIRECTION('',(0.171234900583378,0.,-0.985230231378535));
#10444=DIRECTION('',(-0.536938389764045,0.,-0.843621458710952));
#10445=DIRECTION('',(-0.386994878733092,0.,-0.9220818639548));
#10446=DIRECTION('',(-0.225956164295168,0.,-0.974137470697547));
#10447=DIRECTION('',(-0.0584651812763962,0.,-0.998289448295592));
#10448=DIRECTION('',(0.110717576583017,0.,-0.993851909610071));
#10449=DIRECTION('',(0.276718921586593,0.,-0.960950903239054));
#10450=DIRECTION('',(0.434807372584383,0.,-0.900523485949292));
#10451=DIRECTION('',(0.528456108442115,0.,-0.848960624204807));
#10452=DIRECTION('',(0.564413071117788,0.,-0.825492510657357));
#10453=DIRECTION('',(0.58504355060378,0.,-0.811001876629716));
#10454=DIRECTION('',(0.652216334773318,0.,-0.758032883623698));
#10455=DIRECTION('',(0.765988496968539,0.,-0.642854277820314));
#10456=DIRECTION('',(0.859692491010457,0.,-0.510811923216593));
#10457=DIRECTION('',(0.930859020980855,0.,-0.365378547616803));
#10458=DIRECTION('',(0.977626012028213,0.,-0.210350613514227));
#10459=DIRECTION('',(0.998757731013456,0.,-0.0498296572419744));
#10460=DIRECTION('',(0.99370958057411,0.,0.111987809493827));
#10461=DIRECTION('',(0.962607151472385,0.,0.270901221728917));
#10462=DIRECTION('',(0.906270396413201,0.,0.42269843693236));
#10463=DIRECTION('',(0.826186840456064,0.,0.563396223502808));
#10464=DIRECTION('',(0.763974771119912,0.,0.645246115131489));
#10465=DIRECTION('',(0.735588863949341,0.,0.677428242128801));
#10466=DIRECTION('',(0.717992800513565,0.,0.696050528633294));
#10467=DIRECTION('',(0.653072822395513,0.,0.757295113313402));
#10468=DIRECTION('',(0.516009395794009,0.,0.856582922694763));
#10469=DIRECTION('',(0.364176508514801,0.,0.931329947250688));
#10470=DIRECTION('',(0.201910497752225,0.,0.979403977374734));
#10471=DIRECTION('',(0.0338669206058993,0.,0.999426351307926));
#10472=DIRECTION('',(-0.135160355116422,0.,0.990823737303867));
#10473=DIRECTION('',(-0.300300591810732,0.,0.953844617617631));
#10474=DIRECTION('',(-0.456834814419659,0.,0.889551545630806));
#10475=DIRECTION('',(-0.600317777888868,0.,0.799761567937952));
#10476=DIRECTION('',(-0.72657210061022,0.,0.687090228874528));
#10477=DIRECTION('',(-0.832035122502095,0.,0.554722953304552));
#10478=DIRECTION('',(-0.913654625850409,0.,0.406491358656183));
#10479=DIRECTION('',(-0.969122213150465,0.,0.246580891348751));
#10480=DIRECTION('',(-0.996824902107547,0.,0.0796248361899728));
#10481=DIRECTION('',(-0.995977928265958,0.,-0.0895989196756815));
#10482=DIRECTION('',(-0.993580224790601,0.,-0.113129734840395));
#10483=DIRECTION('',(-0.999961616842289,0.,0.00876155477955312));
#10484=DIRECTION('',(-0.991445253218346,0.,0.130523215830787));
#10485=DIRECTION('',(-0.968157405274182,0.,0.250342242965034));
#10486=DIRECTION('',(-0.930446033495675,0.,0.366428954576688));
#10487=DIRECTION('',(-0.938849143923287,0.,0.344328745466467));
#10488=DIRECTION('',(-0.98347009345295,0.,0.181070636171763));
#10489=DIRECTION('',(-0.999920151347175,0.,0.0126368876644324));
#10490=DIRECTION('',(-0.987733248531949,0.,-0.156150663605775));
#10491=DIRECTION('',(-0.947252229243507,0.,-0.32048902351439));
#10492=DIRECTION('',(-0.879646458951223,0.,-0.475628118654242));
#10493=DIRECTION('',(-0.786855295300909,0.,-0.617137540793719));
#10494=DIRECTION('',(-0.671512173044289,0.,-0.74099352321956));
#10495=DIRECTION('',(0.243799795032441,0.,-0.969825582227103));
#10496=DIRECTION('',(0.329293146154296,0.,-0.944227739422967));
#10497=DIRECTION('',(0.483820153902347,0.,-0.87516744607984));
#10498=DIRECTION('',(0.624478554364884,0.,-0.781041954787542));
#10499=DIRECTION('',(0.747228575743135,0.,-0.664567118952545));
#10500=DIRECTION('',(0.848592158727276,0.,-0.529047585899965));
#10501=DIRECTION('',(0.925656653004179,0.,-0.378364587070594));
#10502=DIRECTION('',(0.976203962648101,0.,-0.216854382732159));
#10503=DIRECTION('',(0.998791930417668,0.,-0.0491393908442906));
#10504=DIRECTION('',(0.992774649663611,0.,0.119993728941533));
#10505=DIRECTION('',(0.958320010067127,0.,0.285696969366044));
#10506=DIRECTION('',(0.896429868059986,0.,0.443185617602778));
#10507=DIRECTION('',(0.808849076103147,0.,0.588016302569142));
#10508=DIRECTION('',(0.698107809840339,0.,0.715992657671798));
#10509=DIRECTION('',(0.56737603929268,0.,0.823458821093412));
#10510=DIRECTION('',(0.420406703124825,0.,0.907335772450153));
#10511=DIRECTION('',(0.398814241654015,0.,0.917031733722412));
#10512=DIRECTION('',(0.50756896883651,0.,0.861611131470713));
#10513=DIRECTION('',(0.608759844474856,0.,0.793354556144319));
#10514=DIRECTION('',(0.700880647808657,0.,0.713278569373367));
#10515=DIRECTION('',(0.782559669200606,0.,0.622575589097932));
#10516=DIRECTION('',(0.767620185813678,0.,0.640905024423568));
#10517=DIRECTION('',(0.648551718194404,0.,0.761170591147008));
#10518=DIRECTION('',(0.510901395961154,0.,0.859639321811737));
#10519=DIRECTION('',(0.35863837436311,0.,0.933476575193072));
#10520=DIRECTION('',(0.196076173945818,0.,0.980588667082569));
#10521=DIRECTION('',(0.027936530325627,0.,0.999609698969235));
#10522=DIRECTION('',(-0.141048333089741,0.,0.990002710972351));
#10523=DIRECTION('',(-0.305975206380553,0.,0.952039480841198));
#10524=DIRECTION('',(-0.462117462754793,0.,0.88681872477811));
#10525=DIRECTION('',(-0.605048663291333,0.,0.796188492160852));
#10526=DIRECTION('',(-0.730646442602834,0.,0.682756014921746));
#10527=DIRECTION('',(-0.835308843722066,0.,0.549780988757982));
#10528=DIRECTION('',(-0.916062574281717,0.,0.401035360037433));
#10529=DIRECTION('',(-0.970567783071003,0.,0.240828109789199));
#10530=DIRECTION('',(-0.997279811135067,0.,0.0737087396609455));
#10531=DIRECTION('',(-0.999449546495647,0.,-0.0331753524419343));
#10532=DIRECTION('',(-0.997103996799443,0.,-0.0760501122062067));
#10533=DIRECTION('',(-0.994870050948627,0.,-0.101161167082419));
#10534=DIRECTION('',(-0.982585961272508,0.,-0.185808580830328));
#10535=DIRECTION('',(-0.939717462258261,0.,-0.341951884227727));
#10536=DIRECTION('',(-0.872215806500399,0.,-0.489121239459972));
#10537=DIRECTION('',(-0.781852277195461,0.,-0.623463725203217));
#10538=DIRECTION('',(-0.670978676908573,0.,-0.74147664503612));
#10539=DIRECTION('',(-0.542548567587648,0.,-0.840024435244946));
#10540=DIRECTION('',(-0.399865287170145,0.,-0.916573920704892));
#10541=DIRECTION('',(-0.246706687496689,0.,-0.969090197218201));
#10542=DIRECTION('',(-0.0870710717573953,0.,-0.996202102217727));
#10543=DIRECTION('',(0.07481882207985,0.,-0.997197143930218));
#10544=DIRECTION('',(0.176812443778358,0.,-0.984244562964472));
#10545=DIRECTION('',(0.218876611526506,0.,-0.975752544924519));
#10546=DIRECTION('center_axis',(0.,1.,0.));
#10547=DIRECTION('ref_axis',(0.,0.,1.));
#10548=DIRECTION('',(-0.668129992458829,0.,0.744044563972458));
#10549=DIRECTION('',(-0.767348808255662,0.,0.641229917009972));
#10550=DIRECTION('',(-0.850902369524612,0.,0.525323859668872));
#10551=DIRECTION('',(0.130526678871983,0.,0.991444797304747));
#10552=DIRECTION('',(0.957872275257052,0.,0.287194540849715));
#10553=DIRECTION('',(0.907164873093323,0.,0.420775347454643));
#10554=DIRECTION('',(0.837937451800441,0.,0.545766274947605));
#10555=DIRECTION('center_axis',(0.,1.,0.));
#10556=DIRECTION('ref_axis',(0.,0.,1.));
#10557=DIRECTION('',(0.258819460695489,0.,0.965925714931172));
#10558=DIRECTION('center_axis',(0.,1.,0.));
#10559=DIRECTION('ref_axis',(0.,0.,1.));
#10560=DIRECTION('',(-0.452790361499919,0.,0.891617007763296));
#10561=DIRECTION('',(-0.575239937257823,0.,0.817984727598025));
#10562=DIRECTION('',(-0.685945436478288,0.,0.72765297922472));
#10563=DIRECTION('',(0.382683891317842,0.,0.923879342406699));
#10564=DIRECTION('',(0.999564982193088,0.,0.0294931580766142));
#10565=DIRECTION('',(0.985158556075433,0.,0.171646786720197));
#10566=DIRECTION('',(0.950640108651963,0.,0.31029563938635));
#10567=DIRECTION('center_axis',(0.,1.,0.));
#10568=DIRECTION('ref_axis',(0.,0.,1.));
#10569=DIRECTION('',(0.499998172505716,0.,0.866026458886185));
#10570=DIRECTION('center_axis',(0.,1.,0.));
#10571=DIRECTION('ref_axis',(0.,0.,1.));
#10572=DIRECTION('',(-0.206595119458992,0.,0.978426520805586));
#10573=DIRECTION('',(-0.343929889750427,0.,0.938995330625376));
#10574=DIRECTION('',(-0.474240534458865,0.,0.88039531772731));
#10575=DIRECTION('',(0.608764264949086,0.,0.793351164189604));
#10576=DIRECTION('',(0.973138234928092,0.,-0.230221579616329));
#10577=DIRECTION('',(0.996015741481113,0.,-0.089177590917383));
#10578=DIRECTION('',(0.998558190822505,0.,0.0536799733726288));
#10579=DIRECTION('center_axis',(0.,1.,0.));
#10580=DIRECTION('ref_axis',(0.,0.,1.));
#10581=DIRECTION('',(0.707106781186548,0.,0.707106781186548));
#10582=DIRECTION('center_axis',(0.,1.,0.));
#10583=DIRECTION('ref_axis',(0.,0.,1.));
#10584=DIRECTION('',(0.0536799733726291,0.,0.998558190822505));
#10585=DIRECTION('',(-0.089181482304489,0.,0.996015393060757));
#10586=DIRECTION('',(-0.23021794065161,0.,0.973139095814227));
#10587=DIRECTION('',(0.793351164189604,0.,0.608764264949086));
#10588=DIRECTION('',(0.880394424418564,0.,-0.474242192822092));
#10589=DIRECTION('',(0.93899594417639,0.,-0.343928214632487));
#10590=DIRECTION('',(0.978426801883786,0.,-0.206593788278999));
#10591=DIRECTION('center_axis',(0.,1.,0.));
#10592=DIRECTION('ref_axis',(0.,0.,1.));
#10593=DIRECTION('',(0.866026458886188,0.,0.49999817250571));
#10594=DIRECTION('center_axis',(0.,1.,0.));
#10595=DIRECTION('ref_axis',(0.,0.,1.));
#10596=DIRECTION('',(0.310297101121518,0.,0.950639631530046));
#10597=DIRECTION('',(0.171646786720197,0.,0.985158556075433));
#10598=DIRECTION('',(0.0294931170833621,0.,0.999564983402634));
#10599=DIRECTION('',(0.923878955513013,0.,0.382684825359178));
#10600=DIRECTION('',(0.72765363349727,0.,-0.685944742423339));
#10601=DIRECTION('',(0.817984727598027,0.,-0.575239937257821));
#10602=DIRECTION('',(0.891615885003655,0.,-0.452792572387345));
#10603=DIRECTION('center_axis',(0.,1.,0.));
#10604=DIRECTION('ref_axis',(0.,0.,1.));
#10605=DIRECTION('',(0.96592542344191,0.,0.258820548543904));
#10606=DIRECTION('center_axis',(0.,1.,0.));
#10607=DIRECTION('ref_axis',(0.,0.,1.));
#10608=DIRECTION('',(0.545766910862521,0.,0.837937037615345));
#10609=DIRECTION('',(0.420775695613158,0.,0.907164711604934));
#10610=DIRECTION('',(0.287191989170126,0.,0.957873040311975));
#10611=DIRECTION('',(0.991445229201165,0.,0.130523398263492));
#10612=DIRECTION('',(0.525323474442092,0.,-0.850902607352974));
#10613=DIRECTION('',(0.641230393683453,0.,-0.767348409926393));
#10614=DIRECTION('',(0.744044563972458,0.,-0.668129992458829));
#10615=DIRECTION('center_axis',(0.,1.,0.));
#10616=DIRECTION('ref_axis',(0.,0.,1.));
#10617=DIRECTION('',(1.,0.,0.));
#10618=DIRECTION('center_axis',(0.,1.,0.));
#10619=DIRECTION('ref_axis',(0.,0.,1.));
#10620=DIRECTION('',(0.744044563972458,0.,0.668129992458829));
#10621=DIRECTION('',(0.641228756128917,0.,0.767349778336686));
#10622=DIRECTION('',(0.525323474442088,0.,0.850902607352976));
#10623=DIRECTION('',(0.991445229201165,0.,-0.130523398263492));
#10624=DIRECTION('',(0.287194540849718,0.,-0.957872275257051));
#10625=DIRECTION('',(0.420773406949861,0.,-0.907165773165967));
#10626=DIRECTION('',(0.545768863549357,0.,-0.837935765784015));
#10627=DIRECTION('center_axis',(0.,1.,0.));
#10628=DIRECTION('ref_axis',(0.,0.,1.));
#10629=DIRECTION('',(0.965925714931172,0.,-0.258819460695489));
#10630=DIRECTION('center_axis',(0.,1.,0.));
#10631=DIRECTION('ref_axis',(0.,0.,1.));
#10632=DIRECTION('',(0.891615885003654,0.,0.452792572387347));
#10633=DIRECTION('',(0.817984727598029,0.,0.575239937257818));
#10634=DIRECTION('',(0.72765297922472,0.,0.685945436478288));
#10635=DIRECTION('',(0.923880116185572,0.,-0.382682023247676));
#10636=DIRECTION('',(0.0294903384443848,0.,-0.999565065385158));
#10637=DIRECTION('',(0.171646786720202,0.,-0.985158556075432));
#10638=DIRECTION('',(0.31029710112152,0.,-0.950639631530046));
#10639=DIRECTION('center_axis',(0.,1.,0.));
#10640=DIRECTION('ref_axis',(0.,0.,1.));
#10641=DIRECTION('',(0.866026458886192,0.,-0.499998172505702));
#10642=DIRECTION('center_axis',(0.,1.,0.));
#10643=DIRECTION('ref_axis',(0.,0.,1.));
#10644=DIRECTION('',(0.978426801883786,0.,0.206593788278999));
#10645=DIRECTION('',(0.938996108657198,0.,0.343927765565153));
#10646=DIRECTION('',(0.880394111680483,0.,0.474242773396004));
#10647=DIRECTION('',(0.793351164189604,0.,-0.608764264949086));
#10648=DIRECTION('',(-0.23021925748478,0.,-0.973138784286782));
#10649=DIRECTION('',(-0.0891801028360464,0.,-0.996015516574994));
#10650=DIRECTION('',(0.0536799733726239,0.,-0.998558190822505));
#10651=DIRECTION('center_axis',(0.,1.,0.));
#10652=DIRECTION('ref_axis',(0.,0.,1.));
#10653=DIRECTION('',(0.707106781186548,0.,-0.707106781186548));
#10654=DIRECTION('center_axis',(0.,1.,0.));
#10655=DIRECTION('ref_axis',(0.,0.,1.));
#10656=DIRECTION('',(0.998558198836199,0.,-0.053679824301189));
#10657=DIRECTION('',(0.996015741481113,0.,0.089177590917383));
#10658=DIRECTION('',(0.973138161227146,0.,0.23022189114732));
#10659=DIRECTION('',(0.60876759054102,0.,-0.7933486123432));
#10660=DIRECTION('',(-0.474241612249393,0.,-0.880394737155497));
#10661=DIRECTION('',(-0.343931115798179,0.,-0.938994881554644));
#10662=DIRECTION('',(-0.206593788278993,0.,-0.978426801883787));
#10663=DIRECTION('center_axis',(0.,1.,0.));
#10664=DIRECTION('ref_axis',(0.,0.,1.));
#10665=DIRECTION('',(0.499991645396779,0.,-0.866030227263126));
#10666=DIRECTION('center_axis',(0.,1.,0.));
#10667=DIRECTION('ref_axis',(0.,0.,1.));
#10668=DIRECTION('',(0.950640309478935,0.,-0.310295024120264));
#10669=DIRECTION('',(0.985158474137896,0.,-0.17164725699612));
#10670=DIRECTION('',(0.999564983402633,0.,-0.029493117083367));
#10671=DIRECTION('',(0.382688401238284,0.,-0.923877474320965));
#10672=DIRECTION('',(-0.685946908986056,0.,-0.727651591115195));
#10673=DIRECTION('',(-0.575239937257816,0.,-0.81798472759803));
#10674=DIRECTION('',(-0.452790361499925,0.,-0.891617007763293));
#10675=DIRECTION('center_axis',(0.,1.,0.));
#10676=DIRECTION('ref_axis',(0.,0.,1.));
#10677=DIRECTION('',(0.258819460695489,0.,-0.965925714931172));
#10678=DIRECTION('center_axis',(0.,1.,0.));
#10679=DIRECTION('ref_axis',(0.,0.,1.));
#10680=DIRECTION('',(0.837937865984084,0.,-0.545765639033862));
#10681=DIRECTION('',(0.907164749995345,0.,-0.420775612845947));
#10682=DIRECTION('',(0.957872275257052,0.,-0.287194540849716));
#10683=DIRECTION('',(0.130529275726712,0.,-0.991444455417579));
#10684=DIRECTION('',(-0.850903520731322,0.,-0.525321994977406));
#10685=DIRECTION('',(-0.767346807112911,0.,-0.641232311735475));
#10686=DIRECTION('',(-0.668131532055317,0.,-0.744043181457511));
#10687=DIRECTION('center_axis',(0.,1.,0.));
#10688=DIRECTION('ref_axis',(0.,0.,1.));
#10689=DIRECTION('',(0.,0.,-1.));
#10690=DIRECTION('center_axis',(0.,1.,0.));
#10691=DIRECTION('ref_axis',(0.,0.,1.));
#10692=DIRECTION('',(0.668131532055317,0.,-0.744043181457511));
#10693=DIRECTION('',(0.767347491322033,0.,-0.641231492958496));
#10694=DIRECTION('',(0.850903520731322,0.,-0.525321994977406));
#10695=DIRECTION('',(-0.130529275726712,0.,-0.991444455417579));
#10696=DIRECTION('',(-0.957872275257051,0.,-0.287194540849719));
#10697=DIRECTION('',(-0.907164749995347,0.,-0.420775612845945));
#10698=DIRECTION('',(-0.837937230070839,0.,-0.545766615378048));
#10699=DIRECTION('center_axis',(0.,1.,0.));
#10700=DIRECTION('ref_axis',(0.,0.,1.));
#10701=DIRECTION('',(-0.258818372855889,0.,-0.96592600641676));
#10702=DIRECTION('center_axis',(0.,1.,0.));
#10703=DIRECTION('ref_axis',(0.,0.,1.));
#10704=DIRECTION('',(0.452790361499925,0.,-0.891617007763293));
#10705=DIRECTION('',(0.575239937257814,0.,-0.817984727598032));
#10706=DIRECTION('',(0.685946214932265,0.,-0.727652245389306));
#10707=DIRECTION('',(-0.382688401238284,0.,-0.923877474320965));
#10708=DIRECTION('',(-0.999564983402633,0.,-0.0294931170833644));
#10709=DIRECTION('',(-0.985158709275624,0.,-0.171645907432677));
#10710=DIRECTION('',(-0.950640309478935,0.,-0.310295024120264));
#10711=DIRECTION('center_axis',(0.,1.,0.));
#10712=DIRECTION('ref_axis',(0.,0.,1.));
#10713=DIRECTION('',(-0.499991645396778,0.,-0.866030227263127));
#10714=DIRECTION('center_axis',(0.,1.,0.));
#10715=DIRECTION('ref_axis',(0.,0.,1.));
#10716=DIRECTION('',(0.206593928817775,0.,-0.97842677220916));
#10717=DIRECTION('',(0.343930666727408,0.,-0.938995046038285));
#10718=DIRECTION('',(0.47424219282209,0.,-0.880394424418565));
#10719=DIRECTION('',(-0.608766952580203,0.,-0.793349101875217));
#10720=DIRECTION('',(-0.973138628522467,0.,0.230219915900886));
#10721=DIRECTION('',(-0.99601555621367,0.,0.0891796601270324));
#10722=DIRECTION('',(-0.998558198836199,0.,-0.0536798243011877));
#10723=DIRECTION('center_axis',(0.,1.,0.));
#10724=DIRECTION('ref_axis',(0.,0.,1.));
#10725=DIRECTION('',(-0.707105693344187,0.,-0.707107869027235));
#10726=DIRECTION('center_axis',(0.,1.,0.));
#10727=DIRECTION('ref_axis',(0.,0.,1.));
#10728=DIRECTION('',(-0.0536799920066118,0.,-0.998558189820789));
#10729=DIRECTION('',(0.0891802263495141,0.,-0.996015505515978));
#10730=DIRECTION('',(0.230218945956954,0.,-0.973138857986089));
#10731=DIRECTION('',(-0.793351802151592,0.,-0.608763433546088));
#10732=DIRECTION('',(-0.880394401967674,0.,0.474242234500452));
#10733=DIRECTION('',(-0.938995659589825,0.,0.343928991612322));
#10734=DIRECTION('',(-0.978426520805586,0.,0.206595119458994));
#10735=DIRECTION('center_axis',(0.,1.,0.));
#10736=DIRECTION('ref_axis',(0.,0.,1.));
#10737=DIRECTION('',(-0.866024574691567,0.,-0.500001436028228));
#10738=DIRECTION('center_axis',(0.,1.,0.));
#10739=DIRECTION('ref_axis',(0.,0.,1.));
#10740=DIRECTION('',(-0.310296588397346,0.,-0.950639798887554));
#10741=DIRECTION('',(-0.171646963073375,0.,-0.985158525348935));
#10742=DIRECTION('',(-0.0294903589390664,0.,-0.9995650647805));
#10743=DIRECTION('',(-0.923880583200576,0.,-0.382680895766908));
#10744=DIRECTION('',(-0.727653326252462,0.,0.68594506835003));
#10745=DIRECTION('',(-0.817984564023928,0.,0.575240169858281));
#10746=DIRECTION('',(-0.891616446383807,0.,0.452791466944677));
#10747=DIRECTION('center_axis',(0.,1.,0.));
#10748=DIRECTION('ref_axis',(0.,0.,1.));
#10749=DIRECTION('',(-0.965925986891717,0.,-0.25881844572453));
#10750=DIRECTION('center_axis',(0.,1.,0.));
#10751=DIRECTION('ref_axis',(0.,0.,1.));
#10752=DIRECTION('',(-0.545768068655468,0.,-0.837936283518073));
#10753=DIRECTION('',(-0.420774866598546,0.,-0.907165096131336));
#10754=DIRECTION('',(-0.287194253953348,0.,-0.957872361275854));
#10755=DIRECTION('',(-0.991444887324116,0.,-0.130525995107763));
#10756=DIRECTION('',(-0.525322697484877,0.,0.850903087024141));
#10757=DIRECTION('',(-0.641229440334884,0.,0.76734920658577));
#10758=DIRECTION('',(-0.744044563972457,0.,0.66812999245883));
#10759=DIRECTION('center_axis',(0.,1.,0.));
#10760=DIRECTION('ref_axis',(0.,0.,1.));
#10761=DIRECTION('',(-1.,0.,0.));
#10762=DIRECTION('center_axis',(0.,1.,0.));
#10763=DIRECTION('ref_axis',(0.,0.,1.));
#10764=DIRECTION('',(-0.744044563972457,0.,-0.66812999245883));
#10765=DIRECTION('',(-0.641231077888727,0.,-0.767347838173577));
#10766=DIRECTION('',(-0.52532269748488,0.,-0.850903087024139));
#10767=DIRECTION('',(-0.991444887324116,0.,0.130525995107763));
#10768=DIRECTION('',(-0.287191702275847,0.,0.957873126329318));
#10769=DIRECTION('',(-0.420777155266365,0.,0.90716403456373));
#10770=DIRECTION('',(-0.545766115969063,0.,0.837937555346485));
#10771=DIRECTION('center_axis',(0.,1.,0.));
#10772=DIRECTION('ref_axis',(0.,0.,1.));
#10773=DIRECTION('',(-0.965925695404659,0.,0.258819533569291));
#10774=DIRECTION('center_axis',(0.,1.,0.));
#10775=DIRECTION('ref_axis',(0.,0.,1.));
#10776=DIRECTION('',(-0.891616446383808,0.,-0.452791466944675));
#10777=DIRECTION('',(-0.817984564023926,0.,-0.575240169858284));
#10778=DIRECTION('',(-0.727653980524622,0.,-0.685944374294792));
#10779=DIRECTION('',(-0.92387942253427,0.,0.382683697872987));
#10780=DIRECTION('',(-0.0294931375799713,0.,0.999564982797861));
#10781=DIRECTION('',(-0.17164696307337,0.,0.985158525348935));
#10782=DIRECTION('',(-0.310296588397343,0.,0.950639798887554));
#10783=DIRECTION('center_axis',(0.,1.,0.));
#10784=DIRECTION('ref_axis',(0.,0.,1.));
#10785=DIRECTION('',(-0.866024574691563,0.,0.500001436028235));
#10786=DIRECTION('center_axis',(0.,1.,0.));
#10787=DIRECTION('ref_axis',(0.,0.,1.));
#10788=DIRECTION('',(-0.978426520805586,0.,-0.206595119458994));
#10789=DIRECTION('',(-0.938995495107923,0.,-0.343929440680826));
#10790=DIRECTION('',(-0.880394714705147,0.,-0.474241653926817));
#10791=DIRECTION('',(-0.793351802151592,0.,0.608763433546088));
#10792=DIRECTION('',(0.230217629125367,0.,0.973139169512714));
#10793=DIRECTION('',(0.0891816058198366,0.,0.9960153820014));
#10794=DIRECTION('',(-0.0536799920066169,0.,0.998558189820788));
#10795=DIRECTION('center_axis',(0.,1.,0.));
#10796=DIRECTION('ref_axis',(0.,0.,1.));
#10797=DIRECTION('',(-0.707105693344187,0.,0.707107869027235));
#10798=DIRECTION('center_axis',(0.,1.,0.));
#10799=DIRECTION('ref_axis',(0.,0.,1.));
#10800=DIRECTION('',(-0.998558190822505,0.,0.0536799733726275));
#10801=DIRECTION('',(-0.99601555621367,0.,-0.0891796601270324));
#10802=DIRECTION('',(-0.973138702222183,0.,-0.230219604372269));
#10803=DIRECTION('',(-0.608763626987649,0.,0.793351653717847));
#10804=DIRECTION('',(0.474241115031007,0.,0.880395004991593));
#10805=DIRECTION('',(0.343929440680827,0.,0.938995495107923));
#10806=DIRECTION('',(0.2065952599986,0.,0.978426491130586));
#10807=DIRECTION('center_axis',(0.,1.,0.));
#10808=DIRECTION('ref_axis',(0.,0.,1.));
#10809=DIRECTION('',(-0.499998172505714,0.,0.866026458886186));
#10810=DIRECTION('center_axis',(0.,1.,0.));
#10811=DIRECTION('ref_axis',(0.,0.,1.));
#10812=DIRECTION('',(-0.950640108651963,0.,0.31029563938635));
#10813=DIRECTION('',(-0.985158791211891,0.,0.171645437160226));
#10814=DIRECTION('',(-0.999564982193088,0.,0.0294931580766116));
#10815=DIRECTION('',(-0.382683891317842,0.,0.923879342406699));
#10816=DIRECTION('',(0.685944742423339,0.,0.72765363349727));
#10817=DIRECTION('',(0.575239937257821,0.,0.817984727598027));
#10818=DIRECTION('',(0.452790361499919,0.,0.891617007763296));
#10819=DIRECTION('center_axis',(0.,1.,0.));
#10820=DIRECTION('ref_axis',(0.,0.,1.));
#10821=DIRECTION('',(-0.258818372855889,0.,0.96592600641676));
#10822=DIRECTION('center_axis',(0.,1.,0.));
#10823=DIRECTION('ref_axis',(0.,0.,1.));
#10824=DIRECTION('',(-0.837936815886028,0.,0.545767251291964));
#10825=DIRECTION('',(-0.907164873093324,0.,0.420775347454641));
#10826=DIRECTION('',(-0.957872275257051,0.,0.287194540849718));
#10827=DIRECTION('',(-0.130526678871983,0.,0.991444797304747));
#10828=DIRECTION('',(0.850902369524612,0.,0.525323859668872));
#10829=DIRECTION('',(0.767349492461458,0.,0.641229098231781));
#10830=DIRECTION('',(0.668129992458829,0.,0.744044563972458));
#10831=DIRECTION('center_axis',(0.,1.,0.));
#10832=DIRECTION('ref_axis',(0.,0.,1.));
#10833=DIRECTION('',(0.,0.,1.));
#10834=DIRECTION('center_axis',(-0.999564982797861,0.,-0.0294931375799713));
#10835=DIRECTION('ref_axis',(-0.0294931375799713,0.,0.999564982797861));
#10836=DIRECTION('',(-0.0294931375799713,0.,0.999564982797861));
#10837=DIRECTION('',(0.,1.,0.));
#10838=DIRECTION('',(0.,1.,0.));
#10839=DIRECTION('center_axis',(-0.382683697872987,0.,-0.92387942253427));
#10840=DIRECTION('ref_axis',(-0.92387942253427,0.,0.382683697872987));
#10841=DIRECTION('',(-0.92387942253427,0.,0.382683697872987));
#10842=DIRECTION('',(0.,1.,0.));
#10843=DIRECTION('center_axis',(0.685944374294792,0.,-0.727653980524622));
#10844=DIRECTION('ref_axis',(-0.727653980524622,0.,-0.685944374294792));
#10845=DIRECTION('',(-0.727653980524622,0.,-0.685944374294792));
#10846=DIRECTION('',(0.,1.,0.));
#10847=DIRECTION('center_axis',(0.575240169858284,0.,-0.817984564023926));
#10848=DIRECTION('ref_axis',(-0.817984564023926,0.,-0.575240169858284));
#10849=DIRECTION('',(-0.817984564023926,0.,-0.575240169858284));
#10850=DIRECTION('',(0.,1.,0.));
#10851=DIRECTION('center_axis',(0.452791466944675,0.,-0.891616446383808));
#10852=DIRECTION('ref_axis',(-0.891616446383808,0.,-0.452791466944675));
#10853=DIRECTION('',(-0.891616446383808,0.,-0.452791466944675));
#10854=DIRECTION('',(0.,1.,0.));
#10855=DIRECTION('center_axis',(-0.500001436028235,0.,-0.866024574691563));
#10856=DIRECTION('ref_axis',(-0.866024574691563,0.,0.500001436028235));
#10857=DIRECTION('',(-0.866024574691563,0.,0.500001436028235));
#10858=DIRECTION('',(0.,1.,0.));
#10859=DIRECTION('center_axis',(-0.998558189820788,0.,-0.0536799920066169));
#10860=DIRECTION('ref_axis',(-0.0536799920066169,0.,0.998558189820788));
#10861=DIRECTION('',(-0.0536799920066169,0.,0.998558189820788));
#10862=DIRECTION('',(0.,1.,0.));
#10863=DIRECTION('center_axis',(-0.9960153820014,0.,0.0891816058198366));
#10864=DIRECTION('ref_axis',(0.0891816058198366,0.,0.9960153820014));
#10865=DIRECTION('',(0.0891816058198366,0.,0.9960153820014));
#10866=DIRECTION('',(0.,1.,0.));
#10867=DIRECTION('center_axis',(-0.973139169512714,0.,0.230217629125367));
#10868=DIRECTION('ref_axis',(0.230217629125367,0.,0.973139169512714));
#10869=DIRECTION('',(0.230217629125367,0.,0.973139169512714));
#10870=DIRECTION('',(0.,1.,0.));
#10871=DIRECTION('center_axis',(-0.608763433546088,0.,-0.793351802151592));
#10872=DIRECTION('ref_axis',(-0.793351802151592,0.,0.608763433546088));
#10873=DIRECTION('',(-0.793351802151592,0.,0.608763433546088));
#10874=DIRECTION('',(0.,1.,0.));
#10875=DIRECTION('center_axis',(0.474241653926817,0.,-0.880394714705147));
#10876=DIRECTION('ref_axis',(-0.880394714705147,0.,-0.474241653926817));
#10877=DIRECTION('',(-0.880394714705147,0.,-0.474241653926817));
#10878=DIRECTION('',(0.,1.,0.));
#10879=DIRECTION('center_axis',(0.343929440680826,0.,-0.938995495107923));
#10880=DIRECTION('ref_axis',(-0.938995495107923,0.,-0.343929440680826));
#10881=DIRECTION('',(-0.938995495107923,0.,-0.343929440680826));
#10882=DIRECTION('',(0.,1.,0.));
#10883=DIRECTION('center_axis',(0.206595119458994,0.,-0.978426520805586));
#10884=DIRECTION('ref_axis',(-0.978426520805586,0.,-0.206595119458994));
#10885=DIRECTION('',(-0.978426520805586,0.,-0.206595119458994));
#10886=DIRECTION('',(0.,1.,0.));
#10887=DIRECTION('center_axis',(-0.707107869027235,0.,-0.707105693344187));
#10888=DIRECTION('ref_axis',(-0.707105693344187,0.,0.707107869027235));
#10889=DIRECTION('',(-0.707105693344187,0.,0.707107869027235));
#10890=DIRECTION('',(0.,1.,0.));
#10891=DIRECTION('center_axis',(-0.978426491130586,0.,0.2065952599986));
#10892=DIRECTION('ref_axis',(0.2065952599986,0.,0.978426491130586));
#10893=DIRECTION('',(0.2065952599986,0.,0.978426491130586));
#10894=DIRECTION('',(0.,1.,0.));
#10895=DIRECTION('center_axis',(-0.938995495107923,0.,0.343929440680827));
#10896=DIRECTION('ref_axis',(0.343929440680827,0.,0.938995495107923));
#10897=DIRECTION('',(0.343929440680827,0.,0.938995495107923));
#10898=DIRECTION('',(0.,1.,0.));
#10899=DIRECTION('center_axis',(-0.880395004991593,0.,0.474241115031007));
#10900=DIRECTION('ref_axis',(0.474241115031007,0.,0.880395004991593));
#10901=DIRECTION('',(0.474241115031007,0.,0.880395004991593));
#10902=DIRECTION('',(0.,1.,0.));
#10903=DIRECTION('center_axis',(-0.793351653717847,0.,-0.608763626987649));
#10904=DIRECTION('ref_axis',(-0.608763626987649,0.,0.793351653717847));
#10905=DIRECTION('',(-0.608763626987649,0.,0.793351653717847));
#10906=DIRECTION('',(0.,1.,0.));
#10907=DIRECTION('center_axis',(0.230219604372269,0.,-0.973138702222184));
#10908=DIRECTION('ref_axis',(-0.973138702222184,0.,-0.230219604372269));
#10909=DIRECTION('',(-0.973138702222183,0.,-0.230219604372269));
#10910=DIRECTION('',(0.,1.,0.));
#10911=DIRECTION('center_axis',(0.0891796601270324,0.,-0.99601555621367));
#10912=DIRECTION('ref_axis',(-0.99601555621367,0.,-0.0891796601270324));
#10913=DIRECTION('',(-0.99601555621367,0.,-0.0891796601270324));
#10914=DIRECTION('',(0.,1.,0.));
#10915=DIRECTION('center_axis',(-0.0536799733726275,0.,-0.998558190822505));
#10916=DIRECTION('ref_axis',(-0.998558190822505,0.,0.0536799733726275));
#10917=DIRECTION('',(-0.998558190822505,0.,0.0536799733726275));
#10918=DIRECTION('',(0.,1.,0.));
#10919=DIRECTION('center_axis',(-0.866026458886186,0.,-0.499998172505714));
#10920=DIRECTION('ref_axis',(-0.499998172505714,0.,0.866026458886186));
#10921=DIRECTION('',(-0.499998172505714,0.,0.866026458886186));
#10922=DIRECTION('',(0.,1.,0.));
#10923=DIRECTION('center_axis',(-0.891617007763296,0.,0.452790361499919));
#10924=DIRECTION('ref_axis',(0.452790361499919,0.,0.891617007763296));
#10925=DIRECTION('',(0.452790361499919,0.,0.891617007763296));
#10926=DIRECTION('',(0.,1.,0.));
#10927=DIRECTION('center_axis',(-0.817984727598027,0.,0.575239937257821));
#10928=DIRECTION('ref_axis',(0.575239937257821,0.,0.817984727598027));
#10929=DIRECTION('',(0.575239937257821,0.,0.817984727598027));
#10930=DIRECTION('',(0.,1.,0.));
#10931=DIRECTION('center_axis',(-0.72765363349727,0.,0.685944742423339));
#10932=DIRECTION('ref_axis',(0.685944742423339,0.,0.72765363349727));
#10933=DIRECTION('',(0.685944742423339,0.,0.72765363349727));
#10934=DIRECTION('',(0.,1.,0.));
#10935=DIRECTION('center_axis',(-0.923879342406699,0.,-0.382683891317842));
#10936=DIRECTION('ref_axis',(-0.382683891317842,0.,0.923879342406699));
#10937=DIRECTION('',(-0.382683891317842,0.,0.923879342406699));
#10938=DIRECTION('',(0.,1.,0.));
#10939=DIRECTION('center_axis',(-0.0294931580766116,0.,-0.999564982193088));
#10940=DIRECTION('ref_axis',(-0.999564982193088,0.,0.0294931580766116));
#10941=DIRECTION('',(-0.999564982193088,0.,0.0294931580766116));
#10942=DIRECTION('',(0.,1.,0.));
#10943=DIRECTION('center_axis',(-0.171645437160226,0.,-0.985158791211891));
#10944=DIRECTION('ref_axis',(-0.985158791211891,0.,0.171645437160226));
#10945=DIRECTION('',(-0.985158791211891,0.,0.171645437160226));
#10946=DIRECTION('',(0.,1.,0.));
#10947=DIRECTION('center_axis',(-0.31029563938635,0.,-0.950640108651963));
#10948=DIRECTION('ref_axis',(-0.950640108651963,0.,0.31029563938635));
#10949=DIRECTION('',(-0.950640108651963,0.,0.31029563938635));
#10950=DIRECTION('',(0.,1.,0.));
#10951=DIRECTION('center_axis',(-0.96592600641676,0.,-0.258818372855889));
#10952=DIRECTION('ref_axis',(-0.258818372855889,0.,0.96592600641676));
#10953=DIRECTION('',(-0.258818372855889,0.,0.96592600641676));
#10954=DIRECTION('',(0.,1.,0.));
#10955=DIRECTION('center_axis',(-0.744044563972458,0.,0.668129992458829));
#10956=DIRECTION('ref_axis',(0.668129992458829,0.,0.744044563972458));
#10957=DIRECTION('',(0.668129992458829,0.,0.744044563972458));
#10958=DIRECTION('',(0.,1.,0.));
#10959=DIRECTION('center_axis',(-0.641229098231781,0.,0.767349492461458));
#10960=DIRECTION('ref_axis',(0.767349492461458,0.,0.641229098231781));
#10961=DIRECTION('',(0.767349492461458,0.,0.641229098231781));
#10962=DIRECTION('',(0.,1.,0.));
#10963=DIRECTION('center_axis',(-0.525323859668872,0.,0.850902369524612));
#10964=DIRECTION('ref_axis',(0.850902369524612,0.,0.525323859668872));
#10965=DIRECTION('',(0.850902369524612,0.,0.525323859668872));
#10966=DIRECTION('',(0.,1.,0.));
#10967=DIRECTION('center_axis',(-0.991444797304747,0.,-0.130526678871983));
#10968=DIRECTION('ref_axis',(-0.130526678871983,0.,0.991444797304747));
#10969=DIRECTION('',(-0.130526678871983,0.,0.991444797304747));
#10970=DIRECTION('',(0.,1.,0.));
#10971=DIRECTION('center_axis',(-0.287194540849718,0.,-0.957872275257051));
#10972=DIRECTION('ref_axis',(-0.957872275257051,0.,0.287194540849718));
#10973=DIRECTION('',(-0.957872275257051,0.,0.287194540849718));
#10974=DIRECTION('',(0.,1.,0.));
#10975=DIRECTION('center_axis',(-0.420775347454641,0.,-0.907164873093324));
#10976=DIRECTION('ref_axis',(-0.907164873093324,0.,0.420775347454641));
#10977=DIRECTION('',(-0.907164873093324,0.,0.420775347454641));
#10978=DIRECTION('',(0.,1.,0.));
#10979=DIRECTION('center_axis',(-0.545767251291964,0.,-0.837936815886028));
#10980=DIRECTION('ref_axis',(-0.837936815886028,0.,0.545767251291964));
#10981=DIRECTION('',(-0.837936815886028,0.,0.545767251291964));
#10982=DIRECTION('',(0.,1.,0.));
#10983=DIRECTION('center_axis',(-1.,0.,0.));
#10984=DIRECTION('ref_axis',(0.,0.,1.));
#10985=DIRECTION('',(0.,0.,1.));
#10986=DIRECTION('',(0.,1.,0.));
#10987=DIRECTION('center_axis',(-0.545766274947605,0.,0.837937451800441));
#10988=DIRECTION('ref_axis',(0.837937451800441,0.,0.545766274947605));
#10989=DIRECTION('',(0.837937451800441,0.,0.545766274947605));
#10990=DIRECTION('',(0.,1.,0.));
#10991=DIRECTION('center_axis',(-0.420775347454643,0.,0.907164873093323));
#10992=DIRECTION('ref_axis',(0.907164873093323,0.,0.420775347454643));
#10993=DIRECTION('',(0.907164873093323,0.,0.420775347454643));
#10994=DIRECTION('',(0.,1.,0.));
#10995=DIRECTION('center_axis',(-0.287194540849716,0.,0.957872275257052));
#10996=DIRECTION('ref_axis',(0.957872275257052,0.,0.287194540849716));
#10997=DIRECTION('',(0.957872275257052,0.,0.287194540849715));
#10998=DIRECTION('',(0.,1.,0.));
#10999=DIRECTION('center_axis',(-0.991444797304747,0.,0.130526678871983));
#11000=DIRECTION('ref_axis',(0.130526678871983,0.,0.991444797304747));
#11001=DIRECTION('',(0.130526678871983,0.,0.991444797304747));
#11002=DIRECTION('',(0.,1.,0.));
#11003=DIRECTION('center_axis',(-0.525323859668872,0.,-0.850902369524612));
#11004=DIRECTION('ref_axis',(-0.850902369524612,0.,0.525323859668872));
#11005=DIRECTION('',(-0.850902369524612,0.,0.525323859668872));
#11006=DIRECTION('',(0.,1.,0.));
#11007=DIRECTION('center_axis',(-0.641229917009972,0.,-0.767348808255662));
#11008=DIRECTION('ref_axis',(-0.767348808255662,0.,0.641229917009972));
#11009=DIRECTION('',(-0.767348808255662,0.,0.641229917009972));
#11010=DIRECTION('',(0.,1.,0.));
#11011=DIRECTION('center_axis',(-0.744044563972458,0.,-0.668129992458829));
#11012=DIRECTION('ref_axis',(-0.668129992458829,0.,0.744044563972458));
#11013=DIRECTION('',(-0.668129992458829,0.,0.744044563972458));
#11014=DIRECTION('',(0.,1.,0.));
#11015=DIRECTION('center_axis',(-0.965925714931172,0.,0.258819460695489));
#11016=DIRECTION('ref_axis',(0.258819460695489,0.,0.965925714931172));
#11017=DIRECTION('',(0.258819460695489,0.,0.965925714931172));
#11018=DIRECTION('',(0.,1.,0.));
#11019=DIRECTION('center_axis',(-0.31029563938635,0.,0.950640108651963));
#11020=DIRECTION('ref_axis',(0.950640108651963,0.,0.31029563938635));
#11021=DIRECTION('',(0.950640108651963,0.,0.31029563938635));
#11022=DIRECTION('',(0.,1.,0.));
#11023=DIRECTION('center_axis',(-0.171646786720197,0.,0.985158556075433));
#11024=DIRECTION('ref_axis',(0.985158556075433,0.,0.171646786720197));
#11025=DIRECTION('',(0.985158556075433,0.,0.171646786720197));
#11026=DIRECTION('',(0.,1.,0.));
#11027=DIRECTION('center_axis',(-0.0294931580766142,0.,0.999564982193088));
#11028=DIRECTION('ref_axis',(0.999564982193088,0.,0.0294931580766142));
#11029=DIRECTION('',(0.999564982193088,0.,0.0294931580766142));
#11030=DIRECTION('',(0.,1.,0.));
#11031=DIRECTION('center_axis',(-0.923879342406699,0.,0.382683891317842));
#11032=DIRECTION('ref_axis',(0.382683891317842,0.,0.923879342406699));
#11033=DIRECTION('',(0.382683891317842,0.,0.923879342406699));
#11034=DIRECTION('',(0.,1.,0.));
#11035=DIRECTION('center_axis',(-0.72765297922472,0.,-0.685945436478288));
#11036=DIRECTION('ref_axis',(-0.685945436478288,0.,0.72765297922472));
#11037=DIRECTION('',(-0.685945436478288,0.,0.72765297922472));
#11038=DIRECTION('',(0.,1.,0.));
#11039=DIRECTION('center_axis',(-0.817984727598025,0.,-0.575239937257823));
#11040=DIRECTION('ref_axis',(-0.575239937257823,0.,0.817984727598025));
#11041=DIRECTION('',(-0.575239937257823,0.,0.817984727598025));
#11042=DIRECTION('',(0.,1.,0.));
#11043=DIRECTION('center_axis',(-0.891617007763296,0.,-0.452790361499919));
#11044=DIRECTION('ref_axis',(-0.452790361499919,0.,0.891617007763296));
#11045=DIRECTION('',(-0.452790361499919,0.,0.891617007763296));
#11046=DIRECTION('',(0.,1.,0.));
#11047=DIRECTION('center_axis',(-0.866026458886185,0.,0.499998172505716));
#11048=DIRECTION('ref_axis',(0.499998172505716,0.,0.866026458886185));
#11049=DIRECTION('',(0.499998172505716,0.,0.866026458886185));
#11050=DIRECTION('',(0.,1.,0.));
#11051=DIRECTION('center_axis',(-0.0536799733726288,0.,0.998558190822505));
#11052=DIRECTION('ref_axis',(0.998558190822505,0.,0.0536799733726288));
#11053=DIRECTION('',(0.998558190822505,0.,0.0536799733726288));
#11054=DIRECTION('',(0.,1.,0.));
#11055=DIRECTION('center_axis',(0.089177590917383,0.,0.996015741481113));
#11056=DIRECTION('ref_axis',(0.996015741481113,0.,-0.089177590917383));
#11057=DIRECTION('',(0.996015741481113,0.,-0.089177590917383));
#11058=DIRECTION('',(0.,1.,0.));
#11059=DIRECTION('center_axis',(0.230221579616329,0.,0.973138234928092));
#11060=DIRECTION('ref_axis',(0.973138234928092,0.,-0.230221579616329));
#11061=DIRECTION('',(0.973138234928092,0.,-0.230221579616329));
#11062=DIRECTION('',(0.,1.,0.));
#11063=DIRECTION('center_axis',(-0.793351164189604,0.,0.608764264949086));
#11064=DIRECTION('ref_axis',(0.608764264949086,0.,0.793351164189604));
#11065=DIRECTION('',(0.608764264949086,0.,0.793351164189604));
#11066=DIRECTION('',(0.,1.,0.));
#11067=DIRECTION('center_axis',(-0.88039531772731,0.,-0.474240534458865));
#11068=DIRECTION('ref_axis',(-0.474240534458865,0.,0.88039531772731));
#11069=DIRECTION('',(-0.474240534458865,0.,0.88039531772731));
#11070=DIRECTION('',(0.,1.,0.));
#11071=DIRECTION('center_axis',(-0.938995330625376,0.,-0.343929889750427));
#11072=DIRECTION('ref_axis',(-0.343929889750427,0.,0.938995330625376));
#11073=DIRECTION('',(-0.343929889750427,0.,0.938995330625376));
#11074=DIRECTION('',(0.,1.,0.));
#11075=DIRECTION('center_axis',(-0.978426520805586,0.,-0.206595119458992));
#11076=DIRECTION('ref_axis',(-0.206595119458992,0.,0.978426520805586));
#11077=DIRECTION('',(-0.206595119458992,0.,0.978426520805586));
#11078=DIRECTION('',(0.,1.,0.));
#11079=DIRECTION('center_axis',(-0.707106781186548,0.,0.707106781186548));
#11080=DIRECTION('ref_axis',(0.707106781186548,0.,0.707106781186548));
#11081=DIRECTION('',(0.707106781186548,0.,0.707106781186548));
#11082=DIRECTION('',(0.,1.,0.));
#11083=DIRECTION('center_axis',(0.206593788278999,0.,0.978426801883786));
#11084=DIRECTION('ref_axis',(0.978426801883786,0.,-0.206593788278999));
#11085=DIRECTION('',(0.978426801883786,0.,-0.206593788278999));
#11086=DIRECTION('',(0.,1.,0.));
#11087=DIRECTION('center_axis',(0.343928214632487,0.,0.93899594417639));
#11088=DIRECTION('ref_axis',(0.93899594417639,0.,-0.343928214632487));
#11089=DIRECTION('',(0.93899594417639,0.,-0.343928214632487));
#11090=DIRECTION('',(0.,1.,0.));
#11091=DIRECTION('center_axis',(0.474242192822092,0.,0.880394424418564));
#11092=DIRECTION('ref_axis',(0.880394424418564,0.,-0.474242192822092));
#11093=DIRECTION('',(0.880394424418564,0.,-0.474242192822092));
#11094=DIRECTION('',(0.,1.,0.));
#11095=DIRECTION('center_axis',(-0.608764264949086,0.,0.793351164189604));
#11096=DIRECTION('ref_axis',(0.793351164189604,0.,0.608764264949086));
#11097=DIRECTION('',(0.793351164189604,0.,0.608764264949086));
#11098=DIRECTION('',(0.,1.,0.));
#11099=DIRECTION('center_axis',(-0.973139095814227,0.,-0.23021794065161));
#11100=DIRECTION('ref_axis',(-0.23021794065161,0.,0.973139095814227));
#11101=DIRECTION('',(-0.23021794065161,0.,0.973139095814227));
#11102=DIRECTION('',(0.,1.,0.));
#11103=DIRECTION('center_axis',(-0.996015393060757,0.,-0.089181482304489));
#11104=DIRECTION('ref_axis',(-0.089181482304489,0.,0.996015393060757));
#11105=DIRECTION('',(-0.089181482304489,0.,0.996015393060757));
#11106=DIRECTION('',(0.,1.,0.));
#11107=DIRECTION('center_axis',(-0.998558190822505,0.,0.0536799733726291));
#11108=DIRECTION('ref_axis',(0.0536799733726291,0.,0.998558190822505));
#11109=DIRECTION('',(0.0536799733726291,0.,0.998558190822505));
#11110=DIRECTION('',(0.,1.,0.));
#11111=DIRECTION('center_axis',(-0.49999817250571,0.,0.866026458886188));
#11112=DIRECTION('ref_axis',(0.866026458886188,0.,0.49999817250571));
#11113=DIRECTION('',(0.866026458886188,0.,0.49999817250571));
#11114=DIRECTION('',(0.,1.,0.));
#11115=DIRECTION('center_axis',(0.452792572387345,0.,0.891615885003655));
#11116=DIRECTION('ref_axis',(0.891615885003655,0.,-0.452792572387345));
#11117=DIRECTION('',(0.891615885003655,0.,-0.452792572387345));
#11118=DIRECTION('',(0.,1.,0.));
#11119=DIRECTION('center_axis',(0.575239937257821,0.,0.817984727598027));
#11120=DIRECTION('ref_axis',(0.817984727598027,0.,-0.575239937257821));
#11121=DIRECTION('',(0.817984727598027,0.,-0.575239937257821));
#11122=DIRECTION('',(0.,1.,0.));
#11123=DIRECTION('center_axis',(0.685944742423339,0.,0.72765363349727));
#11124=DIRECTION('ref_axis',(0.72765363349727,0.,-0.685944742423339));
#11125=DIRECTION('',(0.72765363349727,0.,-0.685944742423339));
#11126=DIRECTION('',(0.,1.,0.));
#11127=DIRECTION('center_axis',(-0.382684825359178,0.,0.923878955513013));
#11128=DIRECTION('ref_axis',(0.923878955513013,0.,0.382684825359178));
#11129=DIRECTION('',(0.923878955513013,0.,0.382684825359178));
#11130=DIRECTION('',(0.,1.,0.));
#11131=DIRECTION('center_axis',(-0.999564983402634,0.,0.0294931170833621));
#11132=DIRECTION('ref_axis',(0.0294931170833621,0.,0.999564983402634));
#11133=DIRECTION('',(0.0294931170833621,0.,0.999564983402634));
#11134=DIRECTION('',(0.,1.,0.));
#11135=DIRECTION('center_axis',(-0.985158556075433,0.,0.171646786720197));
#11136=DIRECTION('ref_axis',(0.171646786720197,0.,0.985158556075433));
#11137=DIRECTION('',(0.171646786720197,0.,0.985158556075433));
#11138=DIRECTION('',(0.,1.,0.));
#11139=DIRECTION('center_axis',(-0.950639631530046,0.,0.310297101121518));
#11140=DIRECTION('ref_axis',(0.310297101121518,0.,0.950639631530046));
#11141=DIRECTION('',(0.310297101121518,0.,0.950639631530046));
#11142=DIRECTION('',(0.,1.,0.));
#11143=DIRECTION('center_axis',(-0.258820548543904,0.,0.96592542344191));
#11144=DIRECTION('ref_axis',(0.96592542344191,0.,0.258820548543904));
#11145=DIRECTION('',(0.96592542344191,0.,0.258820548543904));
#11146=DIRECTION('',(0.,1.,0.));
#11147=DIRECTION('center_axis',(0.668129992458829,0.,0.744044563972458));
#11148=DIRECTION('ref_axis',(0.744044563972458,0.,-0.668129992458829));
#11149=DIRECTION('',(0.744044563972458,0.,-0.668129992458829));
#11150=DIRECTION('',(0.,1.,0.));
#11151=DIRECTION('center_axis',(0.767348409926394,0.,0.641230393683453));
#11152=DIRECTION('ref_axis',(0.641230393683453,0.,-0.767348409926393));
#11153=DIRECTION('',(0.641230393683453,0.,-0.767348409926393));
#11154=DIRECTION('',(0.,1.,0.));
#11155=DIRECTION('center_axis',(0.850902607352974,0.,0.525323474442092));
#11156=DIRECTION('ref_axis',(0.525323474442092,0.,-0.850902607352974));
#11157=DIRECTION('',(0.525323474442092,0.,-0.850902607352974));
#11158=DIRECTION('',(0.,1.,0.));
#11159=DIRECTION('center_axis',(-0.130523398263492,0.,0.991445229201165));
#11160=DIRECTION('ref_axis',(0.991445229201165,0.,0.130523398263492));
#11161=DIRECTION('',(0.991445229201165,0.,0.130523398263492));
#11162=DIRECTION('',(0.,1.,0.));
#11163=DIRECTION('center_axis',(-0.957873040311975,0.,0.287191989170126));
#11164=DIRECTION('ref_axis',(0.287191989170126,0.,0.957873040311975));
#11165=DIRECTION('',(0.287191989170126,0.,0.957873040311975));
#11166=DIRECTION('',(0.,1.,0.));
#11167=DIRECTION('center_axis',(-0.907164711604934,0.,0.420775695613158));
#11168=DIRECTION('ref_axis',(0.420775695613158,0.,0.907164711604934));
#11169=DIRECTION('',(0.420775695613158,0.,0.907164711604934));
#11170=DIRECTION('',(0.,1.,0.));
#11171=DIRECTION('center_axis',(-0.837937037615346,0.,0.545766910862521));
#11172=DIRECTION('ref_axis',(0.545766910862521,0.,0.837937037615345));
#11173=DIRECTION('',(0.545766910862521,0.,0.837937037615345));
#11174=DIRECTION('',(0.,1.,0.));
#11175=DIRECTION('center_axis',(0.,0.,1.));
#11176=DIRECTION('ref_axis',(1.,0.,0.));
#11177=DIRECTION('',(1.,0.,0.));
#11178=DIRECTION('',(0.,1.,0.));
#11179=DIRECTION('center_axis',(0.837935765784015,0.,0.545768863549357));
#11180=DIRECTION('ref_axis',(0.545768863549357,0.,-0.837935765784015));
#11181=DIRECTION('',(0.545768863549357,0.,-0.837935765784015));
#11182=DIRECTION('',(0.,1.,0.));
#11183=DIRECTION('center_axis',(0.907165773165967,0.,0.420773406949861));
#11184=DIRECTION('ref_axis',(0.420773406949861,0.,-0.907165773165967));
#11185=DIRECTION('',(0.420773406949861,0.,-0.907165773165967));
#11186=DIRECTION('',(0.,1.,0.));
#11187=DIRECTION('center_axis',(0.957872275257051,0.,0.287194540849718));
#11188=DIRECTION('ref_axis',(0.287194540849718,0.,-0.957872275257051));
#11189=DIRECTION('',(0.287194540849718,0.,-0.957872275257051));
#11190=DIRECTION('',(0.,1.,0.));
#11191=DIRECTION('center_axis',(0.130523398263492,0.,0.991445229201165));
#11192=DIRECTION('ref_axis',(0.991445229201165,0.,-0.130523398263492));
#11193=DIRECTION('',(0.991445229201165,0.,-0.130523398263492));
#11194=DIRECTION('',(0.,1.,0.));
#11195=DIRECTION('center_axis',(-0.850902607352976,0.,0.525323474442088));
#11196=DIRECTION('ref_axis',(0.525323474442088,0.,0.850902607352976));
#11197=DIRECTION('',(0.525323474442088,0.,0.850902607352976));
#11198=DIRECTION('',(0.,1.,0.));
#11199=DIRECTION('center_axis',(-0.767349778336686,0.,0.641228756128917));
#11200=DIRECTION('ref_axis',(0.641228756128917,0.,0.767349778336686));
#11201=DIRECTION('',(0.641228756128917,0.,0.767349778336686));
#11202=DIRECTION('',(0.,1.,0.));
#11203=DIRECTION('center_axis',(-0.668129992458829,0.,0.744044563972458));
#11204=DIRECTION('ref_axis',(0.744044563972458,0.,0.668129992458829));
#11205=DIRECTION('',(0.744044563972458,0.,0.668129992458829));
#11206=DIRECTION('',(0.,1.,0.));
#11207=DIRECTION('center_axis',(0.258819460695489,0.,0.965925714931172));
#11208=DIRECTION('ref_axis',(0.965925714931172,0.,-0.258819460695489));
#11209=DIRECTION('',(0.965925714931172,0.,-0.258819460695489));
#11210=DIRECTION('',(0.,1.,0.));
#11211=DIRECTION('center_axis',(0.950639631530046,0.,0.31029710112152));
#11212=DIRECTION('ref_axis',(0.31029710112152,0.,-0.950639631530046));
#11213=DIRECTION('',(0.31029710112152,0.,-0.950639631530046));
#11214=DIRECTION('',(0.,1.,0.));
#11215=DIRECTION('center_axis',(0.985158556075432,0.,0.171646786720202));
#11216=DIRECTION('ref_axis',(0.171646786720202,0.,-0.985158556075432));
#11217=DIRECTION('',(0.171646786720202,0.,-0.985158556075432));
#11218=DIRECTION('',(0.,1.,0.));
#11219=DIRECTION('center_axis',(0.999565065385158,0.,0.0294903384443848));
#11220=DIRECTION('ref_axis',(0.0294903384443848,0.,-0.999565065385158));
#11221=DIRECTION('',(0.0294903384443848,0.,-0.999565065385158));
#11222=DIRECTION('',(0.,1.,0.));
#11223=DIRECTION('center_axis',(0.382682023247676,0.,0.923880116185572));
#11224=DIRECTION('ref_axis',(0.923880116185572,0.,-0.382682023247676));
#11225=DIRECTION('',(0.923880116185572,0.,-0.382682023247676));
#11226=DIRECTION('',(0.,1.,0.));
#11227=DIRECTION('center_axis',(-0.685945436478288,0.,0.72765297922472));
#11228=DIRECTION('ref_axis',(0.72765297922472,0.,0.685945436478288));
#11229=DIRECTION('',(0.72765297922472,0.,0.685945436478288));
#11230=DIRECTION('',(0.,1.,0.));
#11231=DIRECTION('center_axis',(-0.575239937257818,0.,0.817984727598029));
#11232=DIRECTION('ref_axis',(0.817984727598029,0.,0.575239937257818));
#11233=DIRECTION('',(0.817984727598029,0.,0.575239937257818));
#11234=DIRECTION('',(0.,1.,0.));
#11235=DIRECTION('center_axis',(-0.452792572387347,0.,0.891615885003654));
#11236=DIRECTION('ref_axis',(0.891615885003654,0.,0.452792572387347));
#11237=DIRECTION('',(0.891615885003654,0.,0.452792572387347));
#11238=DIRECTION('',(0.,1.,0.));
#11239=DIRECTION('center_axis',(0.499998172505703,0.,0.866026458886192));
#11240=DIRECTION('ref_axis',(0.866026458886192,0.,-0.499998172505702));
#11241=DIRECTION('',(0.866026458886192,0.,-0.499998172505702));
#11242=DIRECTION('',(0.,1.,0.));
#11243=DIRECTION('center_axis',(0.998558190822505,0.,0.0536799733726239));
#11244=DIRECTION('ref_axis',(0.0536799733726239,0.,-0.998558190822505));
#11245=DIRECTION('',(0.0536799733726239,0.,-0.998558190822505));
#11246=DIRECTION('',(0.,1.,0.));
#11247=DIRECTION('center_axis',(0.996015516574994,0.,-0.0891801028360464));
#11248=DIRECTION('ref_axis',(-0.0891801028360464,0.,-0.996015516574994));
#11249=DIRECTION('',(-0.0891801028360464,0.,-0.996015516574994));
#11250=DIRECTION('',(0.,1.,0.));
#11251=DIRECTION('center_axis',(0.973138784286782,0.,-0.23021925748478));
#11252=DIRECTION('ref_axis',(-0.23021925748478,0.,-0.973138784286782));
#11253=DIRECTION('',(-0.23021925748478,0.,-0.973138784286782));
#11254=DIRECTION('',(0.,1.,0.));
#11255=DIRECTION('center_axis',(0.608764264949086,0.,0.793351164189604));
#11256=DIRECTION('ref_axis',(0.793351164189604,0.,-0.608764264949086));
#11257=DIRECTION('',(0.793351164189604,0.,-0.608764264949086));
#11258=DIRECTION('',(0.,1.,0.));
#11259=DIRECTION('center_axis',(-0.474242773396004,0.,0.880394111680483));
#11260=DIRECTION('ref_axis',(0.880394111680483,0.,0.474242773396004));
#11261=DIRECTION('',(0.880394111680483,0.,0.474242773396004));
#11262=DIRECTION('',(0.,1.,0.));
#11263=DIRECTION('center_axis',(-0.343927765565153,0.,0.938996108657198));
#11264=DIRECTION('ref_axis',(0.938996108657198,0.,0.343927765565153));
#11265=DIRECTION('',(0.938996108657198,0.,0.343927765565153));
#11266=DIRECTION('',(0.,1.,0.));
#11267=DIRECTION('center_axis',(-0.206593788278999,0.,0.978426801883786));
#11268=DIRECTION('ref_axis',(0.978426801883786,0.,0.206593788278999));
#11269=DIRECTION('',(0.978426801883786,0.,0.206593788278999));
#11270=DIRECTION('',(0.,1.,0.));
#11271=DIRECTION('center_axis',(0.707106781186548,0.,0.707106781186548));
#11272=DIRECTION('ref_axis',(0.707106781186548,0.,-0.707106781186548));
#11273=DIRECTION('',(0.707106781186548,0.,-0.707106781186548));
#11274=DIRECTION('',(0.,1.,0.));
#11275=DIRECTION('center_axis',(0.978426801883787,0.,-0.206593788278993));
#11276=DIRECTION('ref_axis',(-0.206593788278993,0.,-0.978426801883787));
#11277=DIRECTION('',(-0.206593788278993,0.,-0.978426801883787));
#11278=DIRECTION('',(0.,1.,0.));
#11279=DIRECTION('center_axis',(0.938994881554644,0.,-0.343931115798179));
#11280=DIRECTION('ref_axis',(-0.343931115798179,0.,-0.938994881554644));
#11281=DIRECTION('',(-0.343931115798179,0.,-0.938994881554644));
#11282=DIRECTION('',(0.,1.,0.));
#11283=DIRECTION('center_axis',(0.880394737155497,0.,-0.474241612249393));
#11284=DIRECTION('ref_axis',(-0.474241612249393,0.,-0.880394737155497));
#11285=DIRECTION('',(-0.474241612249393,0.,-0.880394737155497));
#11286=DIRECTION('',(0.,1.,0.));
#11287=DIRECTION('center_axis',(0.7933486123432,0.,0.60876759054102));
#11288=DIRECTION('ref_axis',(0.60876759054102,0.,-0.7933486123432));
#11289=DIRECTION('',(0.60876759054102,0.,-0.7933486123432));
#11290=DIRECTION('',(0.,1.,0.));
#11291=DIRECTION('center_axis',(-0.23022189114732,0.,0.973138161227146));
#11292=DIRECTION('ref_axis',(0.973138161227146,0.,0.23022189114732));
#11293=DIRECTION('',(0.973138161227146,0.,0.23022189114732));
#11294=DIRECTION('',(0.,1.,0.));
#11295=DIRECTION('center_axis',(-0.089177590917383,0.,0.996015741481113));
#11296=DIRECTION('ref_axis',(0.996015741481113,0.,0.089177590917383));
#11297=DIRECTION('',(0.996015741481113,0.,0.089177590917383));
#11298=DIRECTION('',(0.,1.,0.));
#11299=DIRECTION('center_axis',(0.053679824301189,0.,0.998558198836199));
#11300=DIRECTION('ref_axis',(0.998558198836199,0.,-0.053679824301189));
#11301=DIRECTION('',(0.998558198836199,0.,-0.053679824301189));
#11302=DIRECTION('',(0.,1.,0.));
#11303=DIRECTION('center_axis',(0.866030227263126,0.,0.49999164539678));
#11304=DIRECTION('ref_axis',(0.499991645396779,0.,-0.866030227263126));
#11305=DIRECTION('',(0.499991645396779,0.,-0.866030227263126));
#11306=DIRECTION('',(0.,1.,0.));
#11307=DIRECTION('center_axis',(0.891617007763292,0.,-0.452790361499925));
#11308=DIRECTION('ref_axis',(-0.452790361499925,0.,-0.891617007763293));
#11309=DIRECTION('',(-0.452790361499925,0.,-0.891617007763293));
#11310=DIRECTION('',(0.,1.,0.));
#11311=DIRECTION('center_axis',(0.81798472759803,0.,-0.575239937257816));
#11312=DIRECTION('ref_axis',(-0.575239937257816,0.,-0.81798472759803));
#11313=DIRECTION('',(-0.575239937257816,0.,-0.81798472759803));
#11314=DIRECTION('',(0.,1.,0.));
#11315=DIRECTION('center_axis',(0.727651591115195,0.,-0.685946908986056));
#11316=DIRECTION('ref_axis',(-0.685946908986056,0.,-0.727651591115195));
#11317=DIRECTION('',(-0.685946908986056,0.,-0.727651591115195));
#11318=DIRECTION('',(0.,1.,0.));
#11319=DIRECTION('center_axis',(0.923877474320966,0.,0.382688401238284));
#11320=DIRECTION('ref_axis',(0.382688401238284,0.,-0.923877474320965));
#11321=DIRECTION('',(0.382688401238284,0.,-0.923877474320965));
#11322=DIRECTION('',(0.,1.,0.));
#11323=DIRECTION('center_axis',(0.029493117083367,0.,0.999564983402633));
#11324=DIRECTION('ref_axis',(0.999564983402633,0.,-0.029493117083367));
#11325=DIRECTION('',(0.999564983402633,0.,-0.029493117083367));
#11326=DIRECTION('',(0.,1.,0.));
#11327=DIRECTION('center_axis',(0.17164725699612,0.,0.985158474137896));
#11328=DIRECTION('ref_axis',(0.985158474137896,0.,-0.17164725699612));
#11329=DIRECTION('',(0.985158474137896,0.,-0.17164725699612));
#11330=DIRECTION('',(0.,1.,0.));
#11331=DIRECTION('center_axis',(0.310295024120264,0.,0.950640309478935));
#11332=DIRECTION('ref_axis',(0.950640309478935,0.,-0.310295024120264));
#11333=DIRECTION('',(0.950640309478935,0.,-0.310295024120264));
#11334=DIRECTION('',(0.,1.,0.));
#11335=DIRECTION('center_axis',(0.965925714931172,0.,0.258819460695489));
#11336=DIRECTION('ref_axis',(0.258819460695489,0.,-0.965925714931172));
#11337=DIRECTION('',(0.258819460695489,0.,-0.965925714931172));
#11338=DIRECTION('',(0.,1.,0.));
#11339=DIRECTION('center_axis',(0.744043181457511,0.,-0.668131532055317));
#11340=DIRECTION('ref_axis',(-0.668131532055317,0.,-0.744043181457511));
#11341=DIRECTION('',(-0.668131532055317,0.,-0.744043181457511));
#11342=DIRECTION('',(0.,1.,0.));
#11343=DIRECTION('center_axis',(0.641232311735475,0.,-0.767346807112911));
#11344=DIRECTION('ref_axis',(-0.767346807112911,0.,-0.641232311735475));
#11345=DIRECTION('',(-0.767346807112911,0.,-0.641232311735475));
#11346=DIRECTION('',(0.,1.,0.));
#11347=DIRECTION('center_axis',(0.525321994977406,0.,-0.850903520731322));
#11348=DIRECTION('ref_axis',(-0.850903520731322,0.,-0.525321994977406));
#11349=DIRECTION('',(-0.850903520731322,0.,-0.525321994977406));
#11350=DIRECTION('',(0.,1.,0.));
#11351=DIRECTION('center_axis',(0.991444455417579,0.,0.130529275726712));
#11352=DIRECTION('ref_axis',(0.130529275726712,0.,-0.991444455417579));
#11353=DIRECTION('',(0.130529275726712,0.,-0.991444455417579));
#11354=DIRECTION('',(0.,1.,0.));
#11355=DIRECTION('center_axis',(0.287194540849716,0.,0.957872275257052));
#11356=DIRECTION('ref_axis',(0.957872275257052,0.,-0.287194540849716));
#11357=DIRECTION('',(0.957872275257052,0.,-0.287194540849716));
#11358=DIRECTION('',(0.,1.,0.));
#11359=DIRECTION('center_axis',(0.420775612845947,0.,0.907164749995346));
#11360=DIRECTION('ref_axis',(0.907164749995345,0.,-0.420775612845947));
#11361=DIRECTION('',(0.907164749995345,0.,-0.420775612845947));
#11362=DIRECTION('',(0.,1.,0.));
#11363=DIRECTION('center_axis',(0.545765639033862,0.,0.837937865984084));
#11364=DIRECTION('ref_axis',(0.837937865984084,0.,-0.545765639033862));
#11365=DIRECTION('',(0.837937865984084,0.,-0.545765639033862));
#11366=DIRECTION('',(0.,1.,0.));
#11367=DIRECTION('center_axis',(1.,0.,0.));
#11368=DIRECTION('ref_axis',(0.,0.,-1.));
#11369=DIRECTION('',(0.,0.,-1.));
#11370=DIRECTION('',(0.,1.,0.));
#11371=DIRECTION('center_axis',(0.545766615378048,0.,-0.837937230070839));
#11372=DIRECTION('ref_axis',(-0.837937230070839,0.,-0.545766615378048));
#11373=DIRECTION('',(-0.837937230070839,0.,-0.545766615378048));
#11374=DIRECTION('',(0.,1.,0.));
#11375=DIRECTION('center_axis',(0.420775612845945,0.,-0.907164749995347));
#11376=DIRECTION('ref_axis',(-0.907164749995347,0.,-0.420775612845945));
#11377=DIRECTION('',(-0.907164749995347,0.,-0.420775612845945));
#11378=DIRECTION('',(0.,1.,0.));
#11379=DIRECTION('center_axis',(0.287194540849719,0.,-0.957872275257051));
#11380=DIRECTION('ref_axis',(-0.957872275257051,0.,-0.287194540849719));
#11381=DIRECTION('',(-0.957872275257051,0.,-0.287194540849719));
#11382=DIRECTION('',(0.,1.,0.));
#11383=DIRECTION('center_axis',(0.991444455417579,0.,-0.130529275726712));
#11384=DIRECTION('ref_axis',(-0.130529275726712,0.,-0.991444455417579));
#11385=DIRECTION('',(-0.130529275726712,0.,-0.991444455417579));
#11386=DIRECTION('',(0.,1.,0.));
#11387=DIRECTION('center_axis',(0.525321994977406,0.,0.850903520731322));
#11388=DIRECTION('ref_axis',(0.850903520731322,0.,-0.525321994977406));
#11389=DIRECTION('',(0.850903520731322,0.,-0.525321994977406));
#11390=DIRECTION('',(0.,1.,0.));
#11391=DIRECTION('center_axis',(0.641231492958496,0.,0.767347491322033));
#11392=DIRECTION('ref_axis',(0.767347491322033,0.,-0.641231492958496));
#11393=DIRECTION('',(0.767347491322033,0.,-0.641231492958496));
#11394=DIRECTION('',(0.,1.,0.));
#11395=DIRECTION('center_axis',(0.744043181457511,0.,0.668131532055317));
#11396=DIRECTION('ref_axis',(0.668131532055317,0.,-0.744043181457511));
#11397=DIRECTION('',(0.668131532055317,0.,-0.744043181457511));
#11398=DIRECTION('',(0.,1.,0.));
#11399=DIRECTION('center_axis',(0.96592600641676,0.,-0.258818372855889));
#11400=DIRECTION('ref_axis',(-0.258818372855889,0.,-0.96592600641676));
#11401=DIRECTION('',(-0.258818372855889,0.,-0.96592600641676));
#11402=DIRECTION('',(0.,1.,0.));
#11403=DIRECTION('center_axis',(0.310295024120264,0.,-0.950640309478935));
#11404=DIRECTION('ref_axis',(-0.950640309478935,0.,-0.310295024120264));
#11405=DIRECTION('',(-0.950640309478935,0.,-0.310295024120264));
#11406=DIRECTION('',(0.,1.,0.));
#11407=DIRECTION('center_axis',(0.171645907432677,0.,-0.985158709275624));
#11408=DIRECTION('ref_axis',(-0.985158709275624,0.,-0.171645907432677));
#11409=DIRECTION('',(-0.985158709275624,0.,-0.171645907432677));
#11410=DIRECTION('',(0.,1.,0.));
#11411=DIRECTION('center_axis',(0.0294931170833644,0.,-0.999564983402634));
#11412=DIRECTION('ref_axis',(-0.999564983402633,0.,-0.0294931170833644));
#11413=DIRECTION('',(-0.999564983402633,0.,-0.0294931170833644));
#11414=DIRECTION('',(0.,1.,0.));
#11415=DIRECTION('center_axis',(0.923877474320966,0.,-0.382688401238284));
#11416=DIRECTION('ref_axis',(-0.382688401238284,0.,-0.923877474320965));
#11417=DIRECTION('',(-0.382688401238284,0.,-0.923877474320965));
#11418=DIRECTION('',(0.,1.,0.));
#11419=DIRECTION('center_axis',(0.727652245389306,0.,0.685946214932265));
#11420=DIRECTION('ref_axis',(0.685946214932265,0.,-0.727652245389306));
#11421=DIRECTION('',(0.685946214932265,0.,-0.727652245389306));
#11422=DIRECTION('',(0.,1.,0.));
#11423=DIRECTION('center_axis',(0.817984727598032,0.,0.575239937257814));
#11424=DIRECTION('ref_axis',(0.575239937257814,0.,-0.817984727598032));
#11425=DIRECTION('',(0.575239937257814,0.,-0.817984727598032));
#11426=DIRECTION('',(0.,1.,0.));
#11427=DIRECTION('center_axis',(0.891617007763292,0.,0.452790361499925));
#11428=DIRECTION('ref_axis',(0.452790361499925,0.,-0.891617007763293));
#11429=DIRECTION('',(0.452790361499925,0.,-0.891617007763293));
#11430=DIRECTION('',(0.,1.,0.));
#11431=DIRECTION('center_axis',(0.866030227263127,0.,-0.499991645396778));
#11432=DIRECTION('ref_axis',(-0.499991645396778,0.,-0.866030227263127));
#11433=DIRECTION('',(-0.499991645396778,0.,-0.866030227263127));
#11434=DIRECTION('',(0.,1.,0.));
#11435=DIRECTION('center_axis',(0.0536798243011877,0.,-0.998558198836199));
#11436=DIRECTION('ref_axis',(-0.998558198836199,0.,-0.0536798243011877));
#11437=DIRECTION('',(-0.998558198836199,0.,-0.0536798243011877));
#11438=DIRECTION('',(0.,1.,0.));
#11439=DIRECTION('center_axis',(-0.0891796601270324,0.,-0.99601555621367));
#11440=DIRECTION('ref_axis',(-0.99601555621367,0.,0.0891796601270324));
#11441=DIRECTION('',(-0.99601555621367,0.,0.0891796601270324));
#11442=DIRECTION('',(0.,1.,0.));
#11443=DIRECTION('center_axis',(-0.230219915900886,0.,-0.973138628522467));
#11444=DIRECTION('ref_axis',(-0.973138628522467,0.,0.230219915900886));
#11445=DIRECTION('',(-0.973138628522467,0.,0.230219915900886));
#11446=DIRECTION('',(0.,1.,0.));
#11447=DIRECTION('center_axis',(0.793349101875217,0.,-0.608766952580203));
#11448=DIRECTION('ref_axis',(-0.608766952580203,0.,-0.793349101875217));
#11449=DIRECTION('',(-0.608766952580203,0.,-0.793349101875217));
#11450=DIRECTION('',(0.,1.,0.));
#11451=DIRECTION('center_axis',(0.880394424418565,0.,0.47424219282209));
#11452=DIRECTION('ref_axis',(0.47424219282209,0.,-0.880394424418565));
#11453=DIRECTION('',(0.47424219282209,0.,-0.880394424418565));
#11454=DIRECTION('',(0.,1.,0.));
#11455=DIRECTION('center_axis',(0.938995046038285,0.,0.343930666727408));
#11456=DIRECTION('ref_axis',(0.343930666727408,0.,-0.938995046038285));
#11457=DIRECTION('',(0.343930666727408,0.,-0.938995046038285));
#11458=DIRECTION('',(0.,1.,0.));
#11459=DIRECTION('center_axis',(0.97842677220916,0.,0.206593928817775));
#11460=DIRECTION('ref_axis',(0.206593928817775,0.,-0.97842677220916));
#11461=DIRECTION('',(0.206593928817775,0.,-0.97842677220916));
#11462=DIRECTION('',(0.,1.,0.));
#11463=DIRECTION('center_axis',(0.707107869027235,0.,-0.707105693344187));
#11464=DIRECTION('ref_axis',(-0.707105693344187,0.,-0.707107869027235));
#11465=DIRECTION('',(-0.707105693344187,0.,-0.707107869027235));
#11466=DIRECTION('',(0.,1.,0.));
#11467=DIRECTION('center_axis',(-0.206595119458994,0.,-0.978426520805586));
#11468=DIRECTION('ref_axis',(-0.978426520805586,0.,0.206595119458994));
#11469=DIRECTION('',(-0.978426520805586,0.,0.206595119458994));
#11470=DIRECTION('',(0.,1.,0.));
#11471=DIRECTION('center_axis',(-0.343928991612322,0.,-0.938995659589826));
#11472=DIRECTION('ref_axis',(-0.938995659589825,0.,0.343928991612322));
#11473=DIRECTION('',(-0.938995659589825,0.,0.343928991612322));
#11474=DIRECTION('',(0.,1.,0.));
#11475=DIRECTION('center_axis',(-0.474242234500452,0.,-0.880394401967674));
#11476=DIRECTION('ref_axis',(-0.880394401967674,0.,0.474242234500452));
#11477=DIRECTION('',(-0.880394401967674,0.,0.474242234500452));
#11478=DIRECTION('',(0.,1.,0.));
#11479=DIRECTION('center_axis',(0.608763433546088,0.,-0.793351802151592));
#11480=DIRECTION('ref_axis',(-0.793351802151592,0.,-0.608763433546088));
#11481=DIRECTION('',(-0.793351802151592,0.,-0.608763433546088));
#11482=DIRECTION('',(0.,1.,0.));
#11483=DIRECTION('center_axis',(0.973138857986089,0.,0.230218945956954));
#11484=DIRECTION('ref_axis',(0.230218945956954,0.,-0.973138857986089));
#11485=DIRECTION('',(0.230218945956954,0.,-0.973138857986089));
#11486=DIRECTION('',(0.,1.,0.));
#11487=DIRECTION('center_axis',(0.996015505515978,0.,0.0891802263495142));
#11488=DIRECTION('ref_axis',(0.0891802263495142,0.,-0.996015505515978));
#11489=DIRECTION('',(0.0891802263495141,0.,-0.996015505515978));
#11490=DIRECTION('',(0.,1.,0.));
#11491=DIRECTION('center_axis',(0.998558189820789,0.,-0.0536799920066118));
#11492=DIRECTION('ref_axis',(-0.0536799920066118,0.,-0.998558189820789));
#11493=DIRECTION('',(-0.0536799920066118,0.,-0.998558189820789));
#11494=DIRECTION('',(0.,1.,0.));
#11495=DIRECTION('center_axis',(0.500001436028228,0.,-0.866024574691567));
#11496=DIRECTION('ref_axis',(-0.866024574691567,0.,-0.500001436028228));
#11497=DIRECTION('',(-0.866024574691567,0.,-0.500001436028228));
#11498=DIRECTION('',(0.,1.,0.));
#11499=DIRECTION('center_axis',(-0.452791466944677,0.,-0.891616446383807));
#11500=DIRECTION('ref_axis',(-0.891616446383807,0.,0.452791466944677));
#11501=DIRECTION('',(-0.891616446383807,0.,0.452791466944677));
#11502=DIRECTION('',(0.,1.,0.));
#11503=DIRECTION('center_axis',(-0.575240169858281,0.,-0.817984564023928));
#11504=DIRECTION('ref_axis',(-0.817984564023928,0.,0.575240169858282));
#11505=DIRECTION('',(-0.817984564023928,0.,0.575240169858281));
#11506=DIRECTION('',(0.,1.,0.));
#11507=DIRECTION('center_axis',(-0.68594506835003,0.,-0.727653326252462));
#11508=DIRECTION('ref_axis',(-0.727653326252462,0.,0.68594506835003));
#11509=DIRECTION('',(-0.727653326252462,0.,0.68594506835003));
#11510=DIRECTION('',(0.,1.,0.));
#11511=DIRECTION('center_axis',(0.382680895766908,0.,-0.923880583200576));
#11512=DIRECTION('ref_axis',(-0.923880583200576,0.,-0.382680895766908));
#11513=DIRECTION('',(-0.923880583200576,0.,-0.382680895766908));
#11514=DIRECTION('',(0.,1.,0.));
#11515=DIRECTION('center_axis',(0.9995650647805,0.,-0.0294903589390664));
#11516=DIRECTION('ref_axis',(-0.0294903589390664,0.,-0.9995650647805));
#11517=DIRECTION('',(-0.0294903589390664,0.,-0.9995650647805));
#11518=DIRECTION('',(0.,1.,0.));
#11519=DIRECTION('center_axis',(0.985158525348935,0.,-0.171646963073375));
#11520=DIRECTION('ref_axis',(-0.171646963073375,0.,-0.985158525348935));
#11521=DIRECTION('',(-0.171646963073375,0.,-0.985158525348935));
#11522=DIRECTION('',(0.,1.,0.));
#11523=DIRECTION('center_axis',(0.950639798887554,0.,-0.310296588397346));
#11524=DIRECTION('ref_axis',(-0.310296588397346,0.,-0.950639798887554));
#11525=DIRECTION('',(-0.310296588397346,0.,-0.950639798887554));
#11526=DIRECTION('',(0.,1.,0.));
#11527=DIRECTION('center_axis',(0.25881844572453,0.,-0.965925986891718));
#11528=DIRECTION('ref_axis',(-0.965925986891717,0.,-0.25881844572453));
#11529=DIRECTION('',(-0.965925986891717,0.,-0.25881844572453));
#11530=DIRECTION('',(0.,1.,0.));
#11531=DIRECTION('center_axis',(-0.66812999245883,0.,-0.744044563972457));
#11532=DIRECTION('ref_axis',(-0.744044563972457,0.,0.66812999245883));
#11533=DIRECTION('',(-0.744044563972457,0.,0.66812999245883));
#11534=DIRECTION('',(0.,1.,0.));
#11535=DIRECTION('center_axis',(-0.76734920658577,0.,-0.641229440334884));
#11536=DIRECTION('ref_axis',(-0.641229440334884,0.,0.76734920658577));
#11537=DIRECTION('',(-0.641229440334884,0.,0.76734920658577));
#11538=DIRECTION('',(0.,1.,0.));
#11539=DIRECTION('center_axis',(-0.850903087024141,0.,-0.525322697484877));
#11540=DIRECTION('ref_axis',(-0.525322697484877,0.,0.850903087024141));
#11541=DIRECTION('',(-0.525322697484877,0.,0.850903087024141));
#11542=DIRECTION('',(0.,1.,0.));
#11543=DIRECTION('center_axis',(0.130525995107763,0.,-0.991444887324116));
#11544=DIRECTION('ref_axis',(-0.991444887324116,0.,-0.130525995107763));
#11545=DIRECTION('',(-0.991444887324116,0.,-0.130525995107763));
#11546=DIRECTION('',(0.,1.,0.));
#11547=DIRECTION('center_axis',(0.957872361275854,0.,-0.287194253953348));
#11548=DIRECTION('ref_axis',(-0.287194253953348,0.,-0.957872361275854));
#11549=DIRECTION('',(-0.287194253953348,0.,-0.957872361275854));
#11550=DIRECTION('',(0.,1.,0.));
#11551=DIRECTION('center_axis',(0.907165096131336,0.,-0.420774866598546));
#11552=DIRECTION('ref_axis',(-0.420774866598546,0.,-0.907165096131336));
#11553=DIRECTION('',(-0.420774866598546,0.,-0.907165096131336));
#11554=DIRECTION('',(0.,1.,0.));
#11555=DIRECTION('center_axis',(0.837936283518073,0.,-0.545768068655468));
#11556=DIRECTION('ref_axis',(-0.545768068655468,0.,-0.837936283518073));
#11557=DIRECTION('',(-0.545768068655468,0.,-0.837936283518073));
#11558=DIRECTION('',(0.,1.,0.));
#11559=DIRECTION('center_axis',(0.,0.,-1.));
#11560=DIRECTION('ref_axis',(-1.,0.,0.));
#11561=DIRECTION('',(-1.,0.,0.));
#11562=DIRECTION('',(0.,1.,0.));
#11563=DIRECTION('center_axis',(-0.837937555346485,0.,-0.545766115969063));
#11564=DIRECTION('ref_axis',(-0.545766115969063,0.,0.837937555346485));
#11565=DIRECTION('',(-0.545766115969063,0.,0.837937555346485));
#11566=DIRECTION('',(0.,1.,0.));
#11567=DIRECTION('center_axis',(-0.90716403456373,0.,-0.420777155266365));
#11568=DIRECTION('ref_axis',(-0.420777155266365,0.,0.90716403456373));
#11569=DIRECTION('',(-0.420777155266365,0.,0.90716403456373));
#11570=DIRECTION('',(0.,1.,0.));
#11571=DIRECTION('center_axis',(-0.957873126329318,0.,-0.287191702275847));
#11572=DIRECTION('ref_axis',(-0.287191702275847,0.,0.957873126329318));
#11573=DIRECTION('',(-0.287191702275847,0.,0.957873126329318));
#11574=DIRECTION('',(0.,1.,0.));
#11575=DIRECTION('center_axis',(-0.130525995107763,0.,-0.991444887324116));
#11576=DIRECTION('ref_axis',(-0.991444887324116,0.,0.130525995107763));
#11577=DIRECTION('',(-0.991444887324116,0.,0.130525995107763));
#11578=DIRECTION('',(0.,1.,0.));
#11579=DIRECTION('center_axis',(0.850903087024139,0.,-0.525322697484881));
#11580=DIRECTION('ref_axis',(-0.525322697484881,0.,-0.850903087024139));
#11581=DIRECTION('',(-0.52532269748488,0.,-0.850903087024139));
#11582=DIRECTION('',(0.,1.,0.));
#11583=DIRECTION('center_axis',(0.767347838173577,0.,-0.641231077888727));
#11584=DIRECTION('ref_axis',(-0.641231077888727,0.,-0.767347838173577));
#11585=DIRECTION('',(-0.641231077888727,0.,-0.767347838173577));
#11586=DIRECTION('',(0.,1.,0.));
#11587=DIRECTION('center_axis',(0.66812999245883,0.,-0.744044563972457));
#11588=DIRECTION('ref_axis',(-0.744044563972457,0.,-0.66812999245883));
#11589=DIRECTION('',(-0.744044563972457,0.,-0.66812999245883));
#11590=DIRECTION('',(0.,1.,0.));
#11591=DIRECTION('center_axis',(-0.258819533569291,0.,-0.965925695404659));
#11592=DIRECTION('ref_axis',(-0.965925695404659,0.,0.258819533569291));
#11593=DIRECTION('',(-0.965925695404659,0.,0.258819533569291));
#11594=DIRECTION('',(0.,1.,0.));
#11595=DIRECTION('center_axis',(-0.950639798887554,0.,-0.310296588397343));
#11596=DIRECTION('ref_axis',(-0.310296588397343,0.,0.950639798887554));
#11597=DIRECTION('',(-0.310296588397343,0.,0.950639798887554));
#11598=DIRECTION('',(0.,1.,0.));
#11599=DIRECTION('center_axis',(-0.985158525348936,0.,-0.17164696307337));
#11600=DIRECTION('ref_axis',(-0.17164696307337,0.,0.985158525348935));
#11601=DIRECTION('',(-0.17164696307337,0.,0.985158525348935));
#11602=DIRECTION('center_axis',(0.944227739422967,0.,0.329293146154296));
#11603=DIRECTION('ref_axis',(0.329293146154296,0.,-0.944227739422967));
#11604=DIRECTION('',(0.329293146154296,0.,-0.944227739422967));
#11605=DIRECTION('',(0.,1.,0.));
#11606=DIRECTION('',(0.,1.,0.));
#11607=DIRECTION('center_axis',(0.969825582227103,0.,0.243799795032441));
#11608=DIRECTION('ref_axis',(0.243799795032441,0.,-0.969825582227103));
#11609=DIRECTION('',(0.243799795032441,0.,-0.969825582227103));
#11610=DIRECTION('',(0.,1.,0.));
#11611=DIRECTION('center_axis',(0.975752544924519,0.,0.218876611526506));
#11612=DIRECTION('ref_axis',(0.218876611526506,0.,-0.975752544924519));
#11613=DIRECTION('',(0.218876611526506,0.,-0.975752544924519));
#11614=DIRECTION('',(0.,1.,0.));
#11615=DIRECTION('center_axis',(0.984244562964472,0.,0.176812443778358));
#11616=DIRECTION('ref_axis',(0.176812443778358,0.,-0.984244562964472));
#11617=DIRECTION('',(0.176812443778358,0.,-0.984244562964472));
#11618=DIRECTION('',(0.,1.,0.));
#11619=DIRECTION('center_axis',(0.997197143930218,0.,0.07481882207985));
#11620=DIRECTION('ref_axis',(0.07481882207985,0.,-0.997197143930218));
#11621=DIRECTION('',(0.07481882207985,0.,-0.997197143930218));
#11622=DIRECTION('',(0.,1.,0.));
#11623=DIRECTION('center_axis',(0.996202102217727,0.,-0.0870710717573953));
#11624=DIRECTION('ref_axis',(-0.0870710717573953,0.,-0.996202102217727));
#11625=DIRECTION('',(-0.0870710717573953,0.,-0.996202102217727));
#11626=DIRECTION('',(0.,1.,0.));
#11627=DIRECTION('center_axis',(0.969090197218201,0.,-0.246706687496689));
#11628=DIRECTION('ref_axis',(-0.246706687496689,0.,-0.969090197218201));
#11629=DIRECTION('',(-0.246706687496689,0.,-0.969090197218201));
#11630=DIRECTION('',(0.,1.,0.));
#11631=DIRECTION('center_axis',(0.916573920704892,0.,-0.399865287170145));
#11632=DIRECTION('ref_axis',(-0.399865287170145,0.,-0.916573920704892));
#11633=DIRECTION('',(-0.399865287170145,0.,-0.916573920704892));
#11634=DIRECTION('',(0.,1.,0.));
#11635=DIRECTION('center_axis',(0.840024435244945,0.,-0.54254856758765));
#11636=DIRECTION('ref_axis',(-0.54254856758765,0.,-0.840024435244945));
#11637=DIRECTION('',(-0.54254856758765,0.,-0.840024435244945));
#11638=DIRECTION('',(0.,1.,0.));
#11639=DIRECTION('center_axis',(0.741476645036122,0.,-0.670978676908572));
#11640=DIRECTION('ref_axis',(-0.670978676908572,0.,-0.741476645036122));
#11641=DIRECTION('',(-0.670978676908572,0.,-0.741476645036122));
#11642=DIRECTION('',(0.,1.,0.));
#11643=DIRECTION('center_axis',(0.623463725203217,0.,-0.781852277195461));
#11644=DIRECTION('ref_axis',(-0.781852277195461,0.,-0.623463725203217));
#11645=DIRECTION('',(-0.781852277195461,0.,-0.623463725203217));
#11646=DIRECTION('',(0.,1.,0.));
#11647=DIRECTION('center_axis',(0.489121239459972,0.,-0.872215806500399));
#11648=DIRECTION('ref_axis',(-0.872215806500399,0.,-0.489121239459972));
#11649=DIRECTION('',(-0.872215806500399,0.,-0.489121239459972));
#11650=DIRECTION('',(0.,1.,0.));
#11651=DIRECTION('center_axis',(0.341951884227727,0.,-0.939717462258261));
#11652=DIRECTION('ref_axis',(-0.939717462258261,0.,-0.341951884227727));
#11653=DIRECTION('',(-0.939717462258261,0.,-0.341951884227727));
#11654=DIRECTION('',(0.,1.,0.));
#11655=DIRECTION('center_axis',(0.185808580830328,0.,-0.982585961272509));
#11656=DIRECTION('ref_axis',(-0.982585961272508,0.,-0.185808580830328));
#11657=DIRECTION('',(-0.982585961272508,0.,-0.185808580830328));
#11658=DIRECTION('',(0.,1.,0.));
#11659=DIRECTION('center_axis',(0.101161167082419,0.,-0.994870050948627));
#11660=DIRECTION('ref_axis',(-0.994870050948627,0.,-0.101161167082419));
#11661=DIRECTION('',(-0.994870050948627,0.,-0.101161167082419));
#11662=DIRECTION('',(0.,1.,0.));
#11663=DIRECTION('center_axis',(0.0760501122062067,0.,-0.997103996799443));
#11664=DIRECTION('ref_axis',(-0.997103996799443,0.,-0.0760501122062067));
#11665=DIRECTION('',(-0.997103996799443,0.,-0.0760501122062067));
#11666=DIRECTION('',(0.,1.,0.));
#11667=DIRECTION('center_axis',(0.0331753524419343,0.,-0.999449546495647));
#11668=DIRECTION('ref_axis',(-0.999449546495647,0.,-0.0331753524419343));
#11669=DIRECTION('',(-0.999449546495647,0.,-0.0331753524419343));
#11670=DIRECTION('',(0.,1.,0.));
#11671=DIRECTION('center_axis',(-0.0737087396609455,0.,-0.997279811135067));
#11672=DIRECTION('ref_axis',(-0.997279811135067,0.,0.0737087396609455));
#11673=DIRECTION('',(-0.997279811135067,0.,0.0737087396609455));
#11674=DIRECTION('',(0.,1.,0.));
#11675=DIRECTION('center_axis',(-0.240828109789196,0.,-0.970567783071004));
#11676=DIRECTION('ref_axis',(-0.970567783071004,0.,0.240828109789196));
#11677=DIRECTION('',(-0.970567783071004,0.,0.240828109789196));
#11678=DIRECTION('',(0.,1.,0.));
#11679=DIRECTION('center_axis',(-0.401035360037436,0.,-0.916062574281716));
#11680=DIRECTION('ref_axis',(-0.916062574281716,0.,0.401035360037436));
#11681=DIRECTION('',(-0.916062574281716,0.,0.401035360037436));
#11682=DIRECTION('',(0.,1.,0.));
#11683=DIRECTION('center_axis',(-0.549780988757982,0.,-0.835308843722066));
#11684=DIRECTION('ref_axis',(-0.835308843722066,0.,0.549780988757982));
#11685=DIRECTION('',(-0.835308843722066,0.,0.549780988757982));
#11686=DIRECTION('',(0.,1.,0.));
#11687=DIRECTION('center_axis',(-0.682756014921746,0.,-0.730646442602834));
#11688=DIRECTION('ref_axis',(-0.730646442602834,0.,0.682756014921746));
#11689=DIRECTION('',(-0.730646442602834,0.,0.682756014921746));
#11690=DIRECTION('',(0.,1.,0.));
#11691=DIRECTION('center_axis',(-0.796188492160852,0.,-0.605048663291333));
#11692=DIRECTION('ref_axis',(-0.605048663291333,0.,0.796188492160852));
#11693=DIRECTION('',(-0.605048663291333,0.,0.796188492160852));
#11694=DIRECTION('',(0.,1.,0.));
#11695=DIRECTION('center_axis',(-0.88681872477811,0.,-0.462117462754793));
#11696=DIRECTION('ref_axis',(-0.462117462754793,0.,0.88681872477811));
#11697=DIRECTION('',(-0.462117462754793,0.,0.88681872477811));
#11698=DIRECTION('',(0.,1.,0.));
#11699=DIRECTION('center_axis',(-0.952039480841198,0.,-0.305975206380553));
#11700=DIRECTION('ref_axis',(-0.305975206380553,0.,0.952039480841198));
#11701=DIRECTION('',(-0.305975206380553,0.,0.952039480841198));
#11702=DIRECTION('',(0.,1.,0.));
#11703=DIRECTION('center_axis',(-0.990002710972352,0.,-0.141048333089741));
#11704=DIRECTION('ref_axis',(-0.141048333089741,0.,0.990002710972351));
#11705=DIRECTION('',(-0.141048333089741,0.,0.990002710972351));
#11706=DIRECTION('',(0.,1.,0.));
#11707=DIRECTION('center_axis',(-0.999609698969235,0.,0.027936530325627));
#11708=DIRECTION('ref_axis',(0.027936530325627,0.,0.999609698969235));
#11709=DIRECTION('',(0.027936530325627,0.,0.999609698969235));
#11710=DIRECTION('',(0.,1.,0.));
#11711=DIRECTION('center_axis',(-0.980588667082569,0.,0.196076173945818));
#11712=DIRECTION('ref_axis',(0.196076173945818,0.,0.980588667082569));
#11713=DIRECTION('',(0.196076173945818,0.,0.980588667082569));
#11714=DIRECTION('',(0.,1.,0.));
#11715=DIRECTION('center_axis',(-0.933476575193072,0.,0.35863837436311));
#11716=DIRECTION('ref_axis',(0.35863837436311,0.,0.933476575193072));
#11717=DIRECTION('',(0.35863837436311,0.,0.933476575193072));
#11718=DIRECTION('',(0.,1.,0.));
#11719=DIRECTION('center_axis',(-0.859639321811737,0.,0.510901395961156));
#11720=DIRECTION('ref_axis',(0.510901395961156,0.,0.859639321811737));
#11721=DIRECTION('',(0.510901395961156,0.,0.859639321811737));
#11722=DIRECTION('',(0.,1.,0.));
#11723=DIRECTION('center_axis',(-0.76117059114701,0.,0.648551718194403));
#11724=DIRECTION('ref_axis',(0.648551718194403,0.,0.761170591147009));
#11725=DIRECTION('',(0.648551718194403,0.,0.761170591147009));
#11726=DIRECTION('',(0.,1.,0.));
#11727=DIRECTION('center_axis',(-0.640905024423568,0.,0.767620185813678));
#11728=DIRECTION('ref_axis',(0.767620185813678,0.,0.640905024423568));
#11729=DIRECTION('',(0.767620185813678,0.,0.640905024423568));
#11730=DIRECTION('',(0.,1.,0.));
#11731=DIRECTION('center_axis',(-0.622575589097933,0.,0.782559669200606));
#11732=DIRECTION('ref_axis',(0.782559669200606,0.,0.622575589097932));
#11733=DIRECTION('',(0.782559669200606,0.,0.622575589097932));
#11734=DIRECTION('',(0.,1.,0.));
#11735=DIRECTION('center_axis',(-0.713278569373367,0.,0.700880647808657));
#11736=DIRECTION('ref_axis',(0.700880647808657,0.,0.713278569373367));
#11737=DIRECTION('',(0.700880647808657,0.,0.713278569373367));
#11738=DIRECTION('',(0.,1.,0.));
#11739=DIRECTION('center_axis',(-0.793354556144319,0.,0.608759844474856));
#11740=DIRECTION('ref_axis',(0.608759844474856,0.,0.793354556144319));
#11741=DIRECTION('',(0.608759844474856,0.,0.793354556144319));
#11742=DIRECTION('',(0.,1.,0.));
#11743=DIRECTION('center_axis',(-0.861611131470713,0.,0.50756896883651));
#11744=DIRECTION('ref_axis',(0.50756896883651,0.,0.861611131470713));
#11745=DIRECTION('',(0.50756896883651,0.,0.861611131470713));
#11746=DIRECTION('',(0.,1.,0.));
#11747=DIRECTION('center_axis',(-0.917031733722412,0.,0.398814241654014));
#11748=DIRECTION('ref_axis',(0.398814241654014,0.,0.917031733722412));
#11749=DIRECTION('',(0.398814241654014,0.,0.917031733722412));
#11750=DIRECTION('',(0.,1.,0.));
#11751=DIRECTION('center_axis',(-0.907335772450153,0.,0.420406703124825));
#11752=DIRECTION('ref_axis',(0.420406703124825,0.,0.907335772450153));
#11753=DIRECTION('',(0.420406703124825,0.,0.907335772450153));
#11754=DIRECTION('',(0.,1.,0.));
#11755=DIRECTION('center_axis',(-0.823458821093412,0.,0.56737603929268));
#11756=DIRECTION('ref_axis',(0.56737603929268,0.,0.823458821093412));
#11757=DIRECTION('',(0.56737603929268,0.,0.823458821093412));
#11758=DIRECTION('',(0.,1.,0.));
#11759=DIRECTION('center_axis',(-0.715992657671799,0.,0.698107809840339));
#11760=DIRECTION('ref_axis',(0.698107809840339,0.,0.715992657671798));
#11761=DIRECTION('',(0.698107809840339,0.,0.715992657671798));
#11762=DIRECTION('',(0.,1.,0.));
#11763=DIRECTION('center_axis',(-0.588016302569142,0.,0.808849076103147));
#11764=DIRECTION('ref_axis',(0.808849076103147,0.,0.588016302569142));
#11765=DIRECTION('',(0.808849076103147,0.,0.588016302569142));
#11766=DIRECTION('',(0.,1.,0.));
#11767=DIRECTION('center_axis',(-0.443185617602778,0.,0.896429868059986));
#11768=DIRECTION('ref_axis',(0.896429868059986,0.,0.443185617602778));
#11769=DIRECTION('',(0.896429868059986,0.,0.443185617602778));
#11770=DIRECTION('',(0.,1.,0.));
#11771=DIRECTION('center_axis',(-0.285696969366044,0.,0.958320010067127));
#11772=DIRECTION('ref_axis',(0.958320010067127,0.,0.285696969366044));
#11773=DIRECTION('',(0.958320010067127,0.,0.285696969366044));
#11774=DIRECTION('',(0.,1.,0.));
#11775=DIRECTION('center_axis',(-0.119993728941533,0.,0.992774649663611));
#11776=DIRECTION('ref_axis',(0.992774649663611,0.,0.119993728941533));
#11777=DIRECTION('',(0.992774649663611,0.,0.119993728941533));
#11778=DIRECTION('',(0.,1.,0.));
#11779=DIRECTION('center_axis',(0.0491393908442906,0.,0.998791930417668));
#11780=DIRECTION('ref_axis',(0.998791930417668,0.,-0.0491393908442906));
#11781=DIRECTION('',(0.998791930417668,0.,-0.0491393908442906));
#11782=DIRECTION('',(0.,1.,0.));
#11783=DIRECTION('center_axis',(0.216854382732159,0.,0.976203962648101));
#11784=DIRECTION('ref_axis',(0.976203962648101,0.,-0.216854382732159));
#11785=DIRECTION('',(0.976203962648101,0.,-0.216854382732159));
#11786=DIRECTION('',(0.,1.,0.));
#11787=DIRECTION('center_axis',(0.378364587070594,0.,0.925656653004179));
#11788=DIRECTION('ref_axis',(0.925656653004179,0.,-0.378364587070594));
#11789=DIRECTION('',(0.925656653004179,0.,-0.378364587070594));
#11790=DIRECTION('',(0.,1.,0.));
#11791=DIRECTION('center_axis',(0.529047585899965,0.,0.848592158727276));
#11792=DIRECTION('ref_axis',(0.848592158727276,0.,-0.529047585899965));
#11793=DIRECTION('',(0.848592158727276,0.,-0.529047585899965));
#11794=DIRECTION('',(0.,1.,0.));
#11795=DIRECTION('center_axis',(0.664567118952545,0.,0.747228575743135));
#11796=DIRECTION('ref_axis',(0.747228575743135,0.,-0.664567118952545));
#11797=DIRECTION('',(0.747228575743135,0.,-0.664567118952545));
#11798=DIRECTION('',(0.,1.,0.));
#11799=DIRECTION('center_axis',(0.781041954787542,0.,0.624478554364884));
#11800=DIRECTION('ref_axis',(0.624478554364884,0.,-0.781041954787542));
#11801=DIRECTION('',(0.624478554364884,0.,-0.781041954787542));
#11802=DIRECTION('',(0.,1.,0.));
#11803=DIRECTION('center_axis',(0.87516744607984,0.,0.483820153902347));
#11804=DIRECTION('ref_axis',(0.483820153902347,0.,-0.87516744607984));
#11805=DIRECTION('',(0.483820153902347,0.,-0.87516744607984));
#11806=DIRECTION('center_axis',(0.872276136702425,0.,0.489013641261154));
#11807=DIRECTION('ref_axis',(0.489013641261154,0.,-0.872276136702425));
#11808=DIRECTION('',(0.489013641261154,0.,-0.872276136702425));
#11809=DIRECTION('',(0.,1.,0.));
#11810=DIRECTION('',(0.,1.,0.));
#11811=DIRECTION('center_axis',(0.942246679102368,0.,0.334919685477815));
#11812=DIRECTION('ref_axis',(0.334919685477815,0.,-0.942246679102368));
#11813=DIRECTION('',(0.334919685477815,0.,-0.942246679102368));
#11814=DIRECTION('',(0.,1.,0.));
#11815=DIRECTION('center_axis',(0.985230231378535,0.,0.171234900583378));
#11816=DIRECTION('ref_axis',(0.171234900583378,0.,-0.985230231378534));
#11817=DIRECTION('',(0.171234900583378,0.,-0.985230231378535));
#11818=DIRECTION('',(0.,1.,0.));
#11819=DIRECTION('center_axis',(0.989004442641359,0.,0.147885808770328));
#11820=DIRECTION('ref_axis',(0.147885808770328,0.,-0.989004442641359));
#11821=DIRECTION('',(0.147885808770328,0.,-0.989004442641359));
#11822=DIRECTION('',(0.,1.,0.));
#11823=DIRECTION('center_axis',(0.963619730013286,0.,0.267277039659456));
#11824=DIRECTION('ref_axis',(0.267277039659456,0.,-0.963619730013286));
#11825=DIRECTION('',(0.267277039659456,0.,-0.963619730013286));
#11826=DIRECTION('',(0.,1.,0.));
#11827=DIRECTION('center_axis',(0.923878525050186,0.,0.382685864582288));
#11828=DIRECTION('ref_axis',(0.382685864582288,0.,-0.923878525050186));
#11829=DIRECTION('',(0.382685864582288,0.,-0.923878525050186));
#11830=DIRECTION('',(0.,1.,0.));
#11831=DIRECTION('center_axis',(0.870373311614427,0.,0.492392423204638));
#11832=DIRECTION('ref_axis',(0.492392423204638,0.,-0.870373311614427));
#11833=DIRECTION('',(0.492392423204638,0.,-0.870373311614427));
#11834=DIRECTION('',(0.,1.,0.));
#11835=DIRECTION('center_axis',(0.803900258068463,0.,0.594764133987128));
#11836=DIRECTION('ref_axis',(0.594764133987128,0.,-0.803900258068463));
#11837=DIRECTION('',(0.594764133987128,0.,-0.803900258068463));
#11838=DIRECTION('',(0.,1.,0.));
#11839=DIRECTION('center_axis',(0.817743487322489,0.,0.57558282544014));
#11840=DIRECTION('ref_axis',(0.57558282544014,0.,-0.817743487322489));
#11841=DIRECTION('',(0.57558282544014,0.,-0.817743487322489));
#11842=DIRECTION('',(0.,1.,0.));
#11843=DIRECTION('center_axis',(0.903091237661261,0.,0.429448735542965));
#11844=DIRECTION('ref_axis',(0.429448735542965,0.,-0.903091237661261));
#11845=DIRECTION('',(0.429448735542965,0.,-0.903091237661261));
#11846=DIRECTION('',(0.,1.,0.));
#11847=DIRECTION('center_axis',(0.962576578805345,0.,0.271009833650733));
#11848=DIRECTION('ref_axis',(0.271009833650733,0.,-0.962576578805345));
#11849=DIRECTION('',(0.271009833650733,0.,-0.962576578805345));
#11850=DIRECTION('',(0.,1.,0.));
#11851=DIRECTION('center_axis',(0.994491858423011,0.,0.104813851805689));
#11852=DIRECTION('ref_axis',(0.104813851805689,0.,-0.994491858423011));
#11853=DIRECTION('',(0.104813851805689,0.,-0.994491858423011));
#11854=DIRECTION('',(0.,1.,0.));
#11855=DIRECTION('center_axis',(0.997924900181107,0.,-0.0643886138888591));
#11856=DIRECTION('ref_axis',(-0.0643886138888591,0.,-0.997924900181107));
#11857=DIRECTION('',(-0.0643886138888591,0.,-0.997924900181107));
#11858=DIRECTION('',(0.,1.,0.));
#11859=DIRECTION('center_axis',(0.972776163807136,0.,-0.23174670467705));
#11860=DIRECTION('ref_axis',(-0.23174670467705,0.,-0.972776163807136));
#11861=DIRECTION('',(-0.23174670467705,0.,-0.972776163807136));
#11862=DIRECTION('',(0.,1.,0.));
#11863=DIRECTION('center_axis',(0.919762912041343,0.,-0.392474439464825));
#11864=DIRECTION('ref_axis',(-0.392474439464825,0.,-0.919762912041343));
#11865=DIRECTION('',(-0.392474439464825,0.,-0.919762912041343));
#11866=DIRECTION('',(0.,1.,0.));
#11867=DIRECTION('center_axis',(0.840410699725541,0.,-0.541950049162122));
#11868=DIRECTION('ref_axis',(-0.541950049162122,0.,-0.840410699725541));
#11869=DIRECTION('',(-0.541950049162122,0.,-0.840410699725541));
#11870=DIRECTION('',(0.,1.,0.));
#11871=DIRECTION('center_axis',(0.736992720052795,0.,-0.675900681009557));
#11872=DIRECTION('ref_axis',(-0.675900681009557,0.,-0.736992720052795));
#11873=DIRECTION('',(-0.675900681009557,0.,-0.736992720052795));
#11874=DIRECTION('',(0.,1.,0.));
#11875=DIRECTION('center_axis',(0.612458999720225,0.,-0.790502355253735));
#11876=DIRECTION('ref_axis',(-0.790502355253735,0.,-0.612458999720225));
#11877=DIRECTION('',(-0.790502355253735,0.,-0.612458999720225));
#11878=DIRECTION('',(0.,1.,0.));
#11879=DIRECTION('center_axis',(0.470379828964268,0.,-0.882464059610104));
#11880=DIRECTION('ref_axis',(-0.882464059610104,0.,-0.470379828964268));
#11881=DIRECTION('',(-0.882464059610104,0.,-0.470379828964268));
#11882=DIRECTION('',(0.,1.,0.));
#11883=DIRECTION('center_axis',(0.314845398843344,0.,-0.949142968591758));
#11884=DIRECTION('ref_axis',(-0.949142968591758,0.,-0.314845398843344));
#11885=DIRECTION('',(-0.949142968591758,0.,-0.314845398843344));
#11886=DIRECTION('',(0.,1.,0.));
#11887=DIRECTION('center_axis',(0.150278712420745,0.,-0.988643671194613));
#11888=DIRECTION('ref_axis',(-0.988643671194614,0.,-0.150278712420745));
#11889=DIRECTION('',(-0.988643671194614,0.,-0.150278712420745));
#11890=DIRECTION('',(0.,1.,0.));
#11891=DIRECTION('center_axis',(-0.0185890194180067,0.,-0.999827209250217));
#11892=DIRECTION('ref_axis',(-0.999827209250217,0.,0.0185890194180067));
#11893=DIRECTION('',(-0.999827209250217,0.,0.0185890194180067));
#11894=DIRECTION('',(0.,1.,0.));
#11895=DIRECTION('center_axis',(-0.18692129396046,0.,-0.982374892728915));
#11896=DIRECTION('ref_axis',(-0.982374892728915,0.,0.18692129396046));
#11897=DIRECTION('',(-0.982374892728915,0.,0.18692129396046));
#11898=DIRECTION('',(0.,1.,0.));
#11899=DIRECTION('center_axis',(-0.273777476353985,0.,-0.961793061651644));
#11900=DIRECTION('ref_axis',(-0.961793061651644,0.,0.273777476353985));
#11901=DIRECTION('',(-0.961793061651644,0.,0.273777476353985));
#11902=DIRECTION('',(0.,1.,0.));
#11903=DIRECTION('center_axis',(-0.298323545993594,0.,-0.954464803911495));
#11904=DIRECTION('ref_axis',(-0.954464803911495,0.,0.298323545993594));
#11905=DIRECTION('',(-0.954464803911495,0.,0.298323545993594));
#11906=DIRECTION('',(0.,1.,0.));
#11907=DIRECTION('center_axis',(-0.338998875231164,0.,-0.940786778495534));
#11908=DIRECTION('ref_axis',(-0.940786778495534,0.,0.338998875231164));
#11909=DIRECTION('',(-0.940786778495534,0.,0.338998875231164));
#11910=DIRECTION('',(0.,1.,0.));
#11911=DIRECTION('center_axis',(-0.43379159987398,0.,-0.901013234019775));
#11912=DIRECTION('ref_axis',(-0.901013234019774,0.,0.43379159987398));
#11913=DIRECTION('',(-0.901013234019774,0.,0.43379159987398));
#11914=DIRECTION('',(0.,1.,0.));
#11915=DIRECTION('center_axis',(-0.573512745234533,0.,-0.819196637599026));
#11916=DIRECTION('ref_axis',(-0.819196637599026,0.,0.573512745234533));
#11917=DIRECTION('',(-0.819196637599026,0.,0.573512745234533));
#11918=DIRECTION('',(0.,1.,0.));
#11919=DIRECTION('center_axis',(-0.698197748044825,0.,-0.715904955022058));
#11920=DIRECTION('ref_axis',(-0.715904955022058,0.,0.698197748044825));
#11921=DIRECTION('',(-0.715904955022058,0.,0.698197748044825));
#11922=DIRECTION('',(0.,1.,0.));
#11923=DIRECTION('center_axis',(-0.804574749650119,0.,-0.593851389006921));
#11924=DIRECTION('ref_axis',(-0.593851389006921,0.,0.804574749650119));
#11925=DIRECTION('',(-0.593851389006921,0.,0.804574749650119));
#11926=DIRECTION('',(0.,1.,0.));
#11927=DIRECTION('center_axis',(-0.889867589346345,0.,-0.456218887630626));
#11928=DIRECTION('ref_axis',(-0.456218887630626,0.,0.889867589346345));
#11929=DIRECTION('',(-0.456218887630626,0.,0.889867589346345));
#11930=DIRECTION('',(0.,1.,0.));
#11931=DIRECTION('center_axis',(-0.951827764377054,0.,-0.306633179810958));
#11932=DIRECTION('ref_axis',(-0.306633179810958,0.,0.951827764377054));
#11933=DIRECTION('',(-0.306633179810958,0.,0.951827764377054));
#11934=DIRECTION('',(0.,1.,0.));
#11935=DIRECTION('center_axis',(-0.988835406568164,0.,-0.149011874416687));
#11936=DIRECTION('ref_axis',(-0.149011874416687,0.,0.988835406568164));
#11937=DIRECTION('',(-0.149011874416687,0.,0.988835406568164));
#11938=DIRECTION('',(0.,1.,0.));
#11939=DIRECTION('center_axis',(-0.99992166487994,0.,0.0125165531888114));
#11940=DIRECTION('ref_axis',(0.0125165531888114,0.,0.99992166487994));
#11941=DIRECTION('',(0.0125165531888114,0.,0.99992166487994));
#11942=DIRECTION('',(0.,1.,0.));
#11943=DIRECTION('center_axis',(-0.984794582235785,0.,0.17372285629429));
#11944=DIRECTION('ref_axis',(0.17372285629429,0.,0.984794582235785));
#11945=DIRECTION('',(0.17372285629429,0.,0.984794582235785));
#11946=DIRECTION('',(0.,1.,0.));
#11947=DIRECTION('center_axis',(-0.943849345395598,0.,0.330376169231834));
#11948=DIRECTION('ref_axis',(0.330376169231834,0.,0.943849345395598));
#11949=DIRECTION('',(0.330376169231834,0.,0.943849345395598));
#11950=DIRECTION('',(0.,1.,0.));
#11951=DIRECTION('center_axis',(-0.912162941267778,0.,0.409827730366938));
#11952=DIRECTION('ref_axis',(0.409827730366938,0.,0.912162941267778));
#11953=DIRECTION('',(0.409827730366938,0.,0.912162941267778));
#11954=DIRECTION('',(0.,1.,0.));
#11955=DIRECTION('center_axis',(-0.901542498428764,0.,0.432690563251409));
#11956=DIRECTION('ref_axis',(0.432690563251409,0.,0.901542498428764));
#11957=DIRECTION('',(0.432690563251409,0.,0.901542498428764));
#11958=DIRECTION('',(0.,1.,0.));
#11959=DIRECTION('center_axis',(-0.882136455699997,0.,0.470993920900311));
#11960=DIRECTION('ref_axis',(0.470993920900311,0.,0.882136455699997));
#11961=DIRECTION('',(0.470993920900311,0.,0.882136455699997));
#11962=DIRECTION('',(0.,1.,0.));
#11963=DIRECTION('center_axis',(-0.826815843871629,0.,0.562472719625447));
#11964=DIRECTION('ref_axis',(0.562472719625447,0.,0.826815843871629));
#11965=DIRECTION('',(0.562472719625447,0.,0.826815843871629));
#11966=DIRECTION('',(0.,1.,0.));
#11967=DIRECTION('center_axis',(-0.720123548791174,0.,0.693845857864992));
#11968=DIRECTION('ref_axis',(0.693845857864992,0.,0.720123548791174));
#11969=DIRECTION('',(0.693845857864992,0.,0.720123548791174));
#11970=DIRECTION('',(0.,1.,0.));
#11971=DIRECTION('center_axis',(-0.592805150562407,0.,0.80534592161796));
#11972=DIRECTION('ref_axis',(0.80534592161796,0.,0.592805150562407));
#11973=DIRECTION('',(0.80534592161796,0.,0.592805150562407));
#11974=DIRECTION('',(0.,1.,0.));
#11975=DIRECTION('center_axis',(-0.448519074699552,0.,0.893773259630572));
#11976=DIRECTION('ref_axis',(0.893773259630572,0.,0.448519074699552));
#11977=DIRECTION('',(0.893773259630572,0.,0.448519074699552));
#11978=DIRECTION('',(0.,1.,0.));
#11979=DIRECTION('center_axis',(-0.291375616106747,0.,0.956608723741538));
#11980=DIRECTION('ref_axis',(0.956608723741538,0.,0.291375616106747));
#11981=DIRECTION('',(0.956608723741538,0.,0.291375616106747));
#11982=DIRECTION('',(0.,1.,0.));
#11983=DIRECTION('center_axis',(-0.125896722831632,0.,0.992043353478191));
#11984=DIRECTION('ref_axis',(0.992043353478191,0.,0.125896722831632));
#11985=DIRECTION('',(0.992043353478191,0.,0.125896722831632));
#11986=DIRECTION('',(0.,1.,0.));
#11987=DIRECTION('center_axis',(0.0431938987935036,0.,0.999066708036564));
#11988=DIRECTION('ref_axis',(0.999066708036564,0.,-0.0431938987935036));
#11989=DIRECTION('',(0.999066708036564,0.,-0.0431938987935036));
#11990=DIRECTION('',(0.,1.,0.));
#11991=DIRECTION('center_axis',(0.211044147995655,0.,0.977476530458296));
#11992=DIRECTION('ref_axis',(0.977476530458296,0.,-0.211044147995655));
#11993=DIRECTION('',(0.977476530458296,0.,-0.211044147995655));
#11994=DIRECTION('',(0.,1.,0.));
#11995=DIRECTION('center_axis',(0.372859734068706,0.,0.927887718805575));
#11996=DIRECTION('ref_axis',(0.927887718805575,0.,-0.372859734068706));
#11997=DIRECTION('',(0.927887718805575,0.,-0.372859734068706));
#11998=DIRECTION('',(0.,1.,0.));
#11999=DIRECTION('center_axis',(0.523987378039926,0.,0.851726028517882));
#12000=DIRECTION('ref_axis',(0.851726028517882,0.,-0.523987378039926));
#12001=DIRECTION('',(0.851726028517882,0.,-0.523987378039926));
#12002=DIRECTION('',(0.,1.,0.));
#12003=DIRECTION('center_axis',(0.660106899446085,0.,0.751171672325093));
#12004=DIRECTION('ref_axis',(0.751171672325093,0.,-0.660106899446085));
#12005=DIRECTION('',(0.751171672325093,0.,-0.660106899446085));
#12006=DIRECTION('',(0.,1.,0.));
#12007=DIRECTION('center_axis',(0.777323684750353,0.,0.629100857673977));
#12008=DIRECTION('ref_axis',(0.629100857673977,0.,-0.777323684750353));
#12009=DIRECTION('',(0.629100857673977,0.,-0.777323684750353));
#12010=DIRECTION('center_axis',(0.9220818639548,0.,-0.386994878733092));
#12011=DIRECTION('ref_axis',(-0.386994878733092,0.,-0.9220818639548));
#12012=DIRECTION('',(-0.386994878733092,0.,-0.9220818639548));
#12013=DIRECTION('',(0.,1.,0.));
#12014=DIRECTION('',(0.,1.,0.));
#12015=DIRECTION('center_axis',(0.843621458710952,0.,-0.536938389764045));
#12016=DIRECTION('ref_axis',(-0.536938389764045,0.,-0.843621458710952));
#12017=DIRECTION('',(-0.536938389764045,0.,-0.843621458710952));
#12018=DIRECTION('',(0.,1.,0.));
#12019=DIRECTION('center_axis',(0.74099352321956,0.,-0.671512173044289));
#12020=DIRECTION('ref_axis',(-0.671512173044289,0.,-0.74099352321956));
#12021=DIRECTION('',(-0.671512173044289,0.,-0.74099352321956));
#12022=DIRECTION('',(0.,1.,0.));
#12023=DIRECTION('center_axis',(0.617137540793719,0.,-0.786855295300909));
#12024=DIRECTION('ref_axis',(-0.786855295300909,0.,-0.617137540793719));
#12025=DIRECTION('',(-0.786855295300909,0.,-0.617137540793719));
#12026=DIRECTION('',(0.,1.,0.));
#12027=DIRECTION('center_axis',(0.475628118654242,0.,-0.879646458951223));
#12028=DIRECTION('ref_axis',(-0.879646458951223,0.,-0.475628118654242));
#12029=DIRECTION('',(-0.879646458951223,0.,-0.475628118654242));
#12030=DIRECTION('',(0.,1.,0.));
#12031=DIRECTION('center_axis',(0.32048902351439,0.,-0.947252229243507));
#12032=DIRECTION('ref_axis',(-0.947252229243507,0.,-0.32048902351439));
#12033=DIRECTION('',(-0.947252229243507,0.,-0.32048902351439));
#12034=DIRECTION('',(0.,1.,0.));
#12035=DIRECTION('center_axis',(0.156150663605775,0.,-0.987733248531949));
#12036=DIRECTION('ref_axis',(-0.987733248531949,0.,-0.156150663605775));
#12037=DIRECTION('',(-0.987733248531949,0.,-0.156150663605775));
#12038=DIRECTION('',(0.,1.,0.));
#12039=DIRECTION('center_axis',(-0.0126368876644324,0.,-0.999920151347175));
#12040=DIRECTION('ref_axis',(-0.999920151347175,0.,0.0126368876644324));
#12041=DIRECTION('',(-0.999920151347175,0.,0.0126368876644324));
#12042=DIRECTION('',(0.,1.,0.));
#12043=DIRECTION('center_axis',(-0.181070636171763,0.,-0.98347009345295));
#12044=DIRECTION('ref_axis',(-0.98347009345295,0.,0.181070636171763));
#12045=DIRECTION('',(-0.98347009345295,0.,0.181070636171763));
#12046=DIRECTION('',(0.,1.,0.));
#12047=DIRECTION('center_axis',(-0.344328745466467,0.,-0.938849143923287));
#12048=DIRECTION('ref_axis',(-0.938849143923287,0.,0.344328745466467));
#12049=DIRECTION('',(-0.938849143923287,0.,0.344328745466467));
#12050=DIRECTION('',(0.,1.,0.));
#12051=DIRECTION('center_axis',(-0.366428954576688,0.,-0.930446033495676));
#12052=DIRECTION('ref_axis',(-0.930446033495675,0.,0.366428954576688));
#12053=DIRECTION('',(-0.930446033495675,0.,0.366428954576688));
#12054=DIRECTION('',(0.,1.,0.));
#12055=DIRECTION('center_axis',(-0.250342242965034,0.,-0.968157405274182));
#12056=DIRECTION('ref_axis',(-0.968157405274182,0.,0.250342242965034));
#12057=DIRECTION('',(-0.968157405274182,0.,0.250342242965034));
#12058=DIRECTION('',(0.,1.,0.));
#12059=DIRECTION('center_axis',(-0.130523215830787,0.,-0.991445253218346));
#12060=DIRECTION('ref_axis',(-0.991445253218346,0.,0.130523215830787));
#12061=DIRECTION('',(-0.991445253218346,0.,0.130523215830787));
#12062=DIRECTION('',(0.,1.,0.));
#12063=DIRECTION('center_axis',(-0.00876155477955312,0.,-0.999961616842289));
#12064=DIRECTION('ref_axis',(-0.999961616842289,0.,0.00876155477955312));
#12065=DIRECTION('',(-0.999961616842289,0.,0.00876155477955312));
#12066=DIRECTION('',(0.,1.,0.));
#12067=DIRECTION('center_axis',(0.113129734840395,0.,-0.993580224790601));
#12068=DIRECTION('ref_axis',(-0.993580224790601,0.,-0.113129734840395));
#12069=DIRECTION('',(-0.993580224790601,0.,-0.113129734840395));
#12070=DIRECTION('',(0.,1.,0.));
#12071=DIRECTION('center_axis',(0.0895989196756816,0.,-0.995977928265959));
#12072=DIRECTION('ref_axis',(-0.995977928265959,0.,-0.0895989196756816));
#12073=DIRECTION('',(-0.995977928265958,0.,-0.0895989196756815));
#12074=DIRECTION('',(0.,1.,0.));
#12075=DIRECTION('center_axis',(-0.0796248361899728,0.,-0.996824902107547));
#12076=DIRECTION('ref_axis',(-0.996824902107547,0.,0.0796248361899728));
#12077=DIRECTION('',(-0.996824902107547,0.,0.0796248361899728));
#12078=DIRECTION('',(0.,1.,0.));
#12079=DIRECTION('center_axis',(-0.246580891348751,0.,-0.969122213150465));
#12080=DIRECTION('ref_axis',(-0.969122213150465,0.,0.246580891348751));
#12081=DIRECTION('',(-0.969122213150465,0.,0.246580891348751));
#12082=DIRECTION('',(0.,1.,0.));
#12083=DIRECTION('center_axis',(-0.406491358656183,0.,-0.913654625850409));
#12084=DIRECTION('ref_axis',(-0.913654625850409,0.,0.406491358656183));
#12085=DIRECTION('',(-0.913654625850409,0.,0.406491358656183));
#12086=DIRECTION('',(0.,1.,0.));
#12087=DIRECTION('center_axis',(-0.554722953304552,0.,-0.832035122502095));
#12088=DIRECTION('ref_axis',(-0.832035122502095,0.,0.554722953304552));
#12089=DIRECTION('',(-0.832035122502095,0.,0.554722953304552));
#12090=DIRECTION('',(0.,1.,0.));
#12091=DIRECTION('center_axis',(-0.687090228874528,0.,-0.72657210061022));
#12092=DIRECTION('ref_axis',(-0.72657210061022,0.,0.687090228874528));
#12093=DIRECTION('',(-0.72657210061022,0.,0.687090228874528));
#12094=DIRECTION('',(0.,1.,0.));
#12095=DIRECTION('center_axis',(-0.799761567937952,0.,-0.600317777888868));
#12096=DIRECTION('ref_axis',(-0.600317777888868,0.,0.799761567937952));
#12097=DIRECTION('',(-0.600317777888868,0.,0.799761567937952));
#12098=DIRECTION('',(0.,1.,0.));
#12099=DIRECTION('center_axis',(-0.889551545630806,0.,-0.456834814419659));
#12100=DIRECTION('ref_axis',(-0.456834814419659,0.,0.889551545630806));
#12101=DIRECTION('',(-0.456834814419659,0.,0.889551545630806));
#12102=DIRECTION('',(0.,1.,0.));
#12103=DIRECTION('center_axis',(-0.953844617617631,0.,-0.300300591810732));
#12104=DIRECTION('ref_axis',(-0.300300591810732,0.,0.953844617617631));
#12105=DIRECTION('',(-0.300300591810732,0.,0.953844617617631));
#12106=DIRECTION('',(0.,1.,0.));
#12107=DIRECTION('center_axis',(-0.990823737303867,0.,-0.135160355116422));
#12108=DIRECTION('ref_axis',(-0.135160355116422,0.,0.990823737303867));
#12109=DIRECTION('',(-0.135160355116422,0.,0.990823737303867));
#12110=DIRECTION('',(0.,1.,0.));
#12111=DIRECTION('center_axis',(-0.999426351307926,0.,0.0338669206058993));
#12112=DIRECTION('ref_axis',(0.0338669206058993,0.,0.999426351307926));
#12113=DIRECTION('',(0.0338669206058993,0.,0.999426351307926));
#12114=DIRECTION('',(0.,1.,0.));
#12115=DIRECTION('center_axis',(-0.979403977374734,0.,0.201910497752225));
#12116=DIRECTION('ref_axis',(0.201910497752225,0.,0.979403977374734));
#12117=DIRECTION('',(0.201910497752225,0.,0.979403977374734));
#12118=DIRECTION('',(0.,1.,0.));
#12119=DIRECTION('center_axis',(-0.931329947250688,0.,0.364176508514801));
#12120=DIRECTION('ref_axis',(0.364176508514801,0.,0.931329947250688));
#12121=DIRECTION('',(0.364176508514801,0.,0.931329947250688));
#12122=DIRECTION('',(0.,1.,0.));
#12123=DIRECTION('center_axis',(-0.856582922694763,0.,0.516009395794009));
#12124=DIRECTION('ref_axis',(0.516009395794009,0.,0.856582922694763));
#12125=DIRECTION('',(0.516009395794009,0.,0.856582922694763));
#12126=DIRECTION('',(0.,1.,0.));
#12127=DIRECTION('center_axis',(-0.757295113313402,0.,0.653072822395513));
#12128=DIRECTION('ref_axis',(0.653072822395513,0.,0.757295113313402));
#12129=DIRECTION('',(0.653072822395513,0.,0.757295113313402));
#12130=DIRECTION('',(0.,1.,0.));
#12131=DIRECTION('center_axis',(-0.696050528633295,0.,0.717992800513565));
#12132=DIRECTION('ref_axis',(0.717992800513565,0.,0.696050528633295));
#12133=DIRECTION('',(0.717992800513565,0.,0.696050528633294));
#12134=DIRECTION('',(0.,1.,0.));
#12135=DIRECTION('center_axis',(-0.677428242128801,0.,0.735588863949341));
#12136=DIRECTION('ref_axis',(0.735588863949341,0.,0.677428242128801));
#12137=DIRECTION('',(0.735588863949341,0.,0.677428242128801));
#12138=DIRECTION('',(0.,1.,0.));
#12139=DIRECTION('center_axis',(-0.645246115131489,0.,0.763974771119912));
#12140=DIRECTION('ref_axis',(0.763974771119912,0.,0.645246115131489));
#12141=DIRECTION('',(0.763974771119912,0.,0.645246115131489));
#12142=DIRECTION('',(0.,1.,0.));
#12143=DIRECTION('center_axis',(-0.563396223502808,0.,0.826186840456064));
#12144=DIRECTION('ref_axis',(0.826186840456064,0.,0.563396223502808));
#12145=DIRECTION('',(0.826186840456064,0.,0.563396223502808));
#12146=DIRECTION('',(0.,1.,0.));
#12147=DIRECTION('center_axis',(-0.42269843693236,0.,0.906270396413201));
#12148=DIRECTION('ref_axis',(0.906270396413201,0.,0.42269843693236));
#12149=DIRECTION('',(0.906270396413201,0.,0.42269843693236));
#12150=DIRECTION('',(0.,1.,0.));
#12151=DIRECTION('center_axis',(-0.270901221728917,0.,0.962607151472385));
#12152=DIRECTION('ref_axis',(0.962607151472385,0.,0.270901221728917));
#12153=DIRECTION('',(0.962607151472385,0.,0.270901221728917));
#12154=DIRECTION('',(0.,1.,0.));
#12155=DIRECTION('center_axis',(-0.111987809493827,0.,0.99370958057411));
#12156=DIRECTION('ref_axis',(0.99370958057411,0.,0.111987809493827));
#12157=DIRECTION('',(0.99370958057411,0.,0.111987809493827));
#12158=DIRECTION('',(0.,1.,0.));
#12159=DIRECTION('center_axis',(0.0498296572419744,0.,0.998757731013456));
#12160=DIRECTION('ref_axis',(0.998757731013456,0.,-0.0498296572419744));
#12161=DIRECTION('',(0.998757731013456,0.,-0.0498296572419744));
#12162=DIRECTION('',(0.,1.,0.));
#12163=DIRECTION('center_axis',(0.210350613514227,0.,0.977626012028213));
#12164=DIRECTION('ref_axis',(0.977626012028213,0.,-0.210350613514227));
#12165=DIRECTION('',(0.977626012028213,0.,-0.210350613514227));
#12166=DIRECTION('',(0.,1.,0.));
#12167=DIRECTION('center_axis',(0.365378547616803,0.,0.930859020980855));
#12168=DIRECTION('ref_axis',(0.930859020980855,0.,-0.365378547616803));
#12169=DIRECTION('',(0.930859020980855,0.,-0.365378547616803));
#12170=DIRECTION('',(0.,1.,0.));
#12171=DIRECTION('center_axis',(0.510811923216593,0.,0.859692491010457));
#12172=DIRECTION('ref_axis',(0.859692491010457,0.,-0.510811923216593));
#12173=DIRECTION('',(0.859692491010457,0.,-0.510811923216593));
#12174=DIRECTION('',(0.,1.,0.));
#12175=DIRECTION('center_axis',(0.642854277820315,0.,0.765988496968539));
#12176=DIRECTION('ref_axis',(0.765988496968539,0.,-0.642854277820315));
#12177=DIRECTION('',(0.765988496968539,0.,-0.642854277820314));
#12178=DIRECTION('',(0.,1.,0.));
#12179=DIRECTION('center_axis',(0.758032883623698,0.,0.652216334773318));
#12180=DIRECTION('ref_axis',(0.652216334773318,0.,-0.758032883623698));
#12181=DIRECTION('',(0.652216334773318,0.,-0.758032883623698));
#12182=DIRECTION('',(0.,1.,0.));
#12183=DIRECTION('center_axis',(0.811001876629716,0.,0.58504355060378));
#12184=DIRECTION('ref_axis',(0.58504355060378,0.,-0.811001876629716));
#12185=DIRECTION('',(0.58504355060378,0.,-0.811001876629716));
#12186=DIRECTION('',(0.,1.,0.));
#12187=DIRECTION('center_axis',(0.825492510657357,0.,0.564413071117788));
#12188=DIRECTION('ref_axis',(0.564413071117788,0.,-0.825492510657357));
#12189=DIRECTION('',(0.564413071117788,0.,-0.825492510657357));
#12190=DIRECTION('',(0.,1.,0.));
#12191=DIRECTION('center_axis',(0.848960624204807,0.,0.528456108442115));
#12192=DIRECTION('ref_axis',(0.528456108442115,0.,-0.848960624204807));
#12193=DIRECTION('',(0.528456108442115,0.,-0.848960624204807));
#12194=DIRECTION('',(0.,1.,0.));
#12195=DIRECTION('center_axis',(0.900523485949292,0.,0.434807372584383));
#12196=DIRECTION('ref_axis',(0.434807372584383,0.,-0.900523485949292));
#12197=DIRECTION('',(0.434807372584383,0.,-0.900523485949292));
#12198=DIRECTION('',(0.,1.,0.));
#12199=DIRECTION('center_axis',(0.960950903239054,0.,0.276718921586593));
#12200=DIRECTION('ref_axis',(0.276718921586593,0.,-0.960950903239054));
#12201=DIRECTION('',(0.276718921586593,0.,-0.960950903239054));
#12202=DIRECTION('',(0.,1.,0.));
#12203=DIRECTION('center_axis',(0.993851909610071,0.,0.110717576583017));
#12204=DIRECTION('ref_axis',(0.110717576583017,0.,-0.993851909610071));
#12205=DIRECTION('',(0.110717576583017,0.,-0.993851909610071));
#12206=DIRECTION('',(0.,1.,0.));
#12207=DIRECTION('center_axis',(0.998289448295592,0.,-0.0584651812763962));
#12208=DIRECTION('ref_axis',(-0.0584651812763962,0.,-0.998289448295592));
#12209=DIRECTION('',(-0.0584651812763962,0.,-0.998289448295592));
#12210=DIRECTION('',(0.,1.,0.));
#12211=DIRECTION('center_axis',(0.974137470697548,0.,-0.225956164295168));
#12212=DIRECTION('ref_axis',(-0.225956164295168,0.,-0.974137470697548));
#12213=DIRECTION('',(-0.225956164295168,0.,-0.974137470697547));
#12214=DIRECTION('center_axis',(0.750709088343243,0.,-0.660632927334732));
#12215=DIRECTION('ref_axis',(-0.660632927334732,0.,-0.750709088343242));
#12216=DIRECTION('',(-0.660632927334732,0.,-0.750709088343242));
#12217=DIRECTION('',(0.,1.,0.));
#12218=DIRECTION('',(0.,1.,0.));
#12219=DIRECTION('center_axis',(0.779508149480909,0.,-0.626392085592442));
#12220=DIRECTION('ref_axis',(-0.626392085592442,0.,-0.779508149480909));
#12221=DIRECTION('',(-0.626392085592442,0.,-0.779508149480909));
#12222=DIRECTION('',(0.,1.,0.));
#12223=DIRECTION('center_axis',(0.806410182789655,0.,-0.59135659047072));
#12224=DIRECTION('ref_axis',(-0.59135659047072,0.,-0.806410182789655));
#12225=DIRECTION('',(-0.59135659047072,0.,-0.806410182789655));
#12226=DIRECTION('',(0.,1.,0.));
#12227=DIRECTION('center_axis',(0.831729078320239,0.,-0.555181718247788));
#12228=DIRECTION('ref_axis',(-0.555181718247787,0.,-0.831729078320239));
#12229=DIRECTION('',(-0.555181718247787,0.,-0.831729078320239));
#12230=DIRECTION('',(0.,1.,0.));
#12231=DIRECTION('center_axis',(0.855698595402689,0.,-0.517474553795512));
#12232=DIRECTION('ref_axis',(-0.517474553795512,0.,-0.855698595402689));
#12233=DIRECTION('',(-0.517474553795512,0.,-0.855698595402689));
#12234=DIRECTION('',(0.,1.,0.));
#12235=DIRECTION('center_axis',(0.87782226422259,0.,-0.478986505483322));
#12236=DIRECTION('ref_axis',(-0.478986505483322,0.,-0.87782226422259));
#12237=DIRECTION('',(-0.478986505483322,0.,-0.87782226422259));
#12238=DIRECTION('',(0.,1.,0.));
#12239=DIRECTION('center_axis',(0.898033570944729,0.,-0.439926931951498));
#12240=DIRECTION('ref_axis',(-0.439926931951498,0.,-0.898033570944729));
#12241=DIRECTION('',(-0.439926931951498,0.,-0.898033570944729));
#12242=DIRECTION('',(0.,1.,0.));
#12243=DIRECTION('center_axis',(0.91625167114005,0.,-0.400603139195221));
#12244=DIRECTION('ref_axis',(-0.400603139195221,0.,-0.91625167114005));
#12245=DIRECTION('',(-0.400603139195221,0.,-0.91625167114005));
#12246=DIRECTION('',(0.,1.,0.));
#12247=DIRECTION('center_axis',(-0.324107472315179,0.,0.946020267430601));
#12248=DIRECTION('ref_axis',(0.946020267430601,0.,0.324107472315179));
#12249=DIRECTION('',(0.946020267430601,0.,0.324107472315179));
#12250=DIRECTION('',(0.,1.,0.));
#12251=DIRECTION('center_axis',(-0.16177575190824,0.,0.986827546278742));
#12252=DIRECTION('ref_axis',(0.986827546278742,0.,0.16177575190824));
#12253=DIRECTION('',(0.986827546278742,0.,0.16177575190824));
#12254=DIRECTION('',(0.,1.,0.));
#12255=DIRECTION('center_axis',(0.00508879554787814,0.,0.999987051996111));
#12256=DIRECTION('ref_axis',(0.99998705199611,0.,-0.00508879554787814));
#12257=DIRECTION('',(0.99998705199611,0.,-0.00508879554787814));
#12258=DIRECTION('',(0.,1.,0.));
#12259=DIRECTION('center_axis',(0.17179787158345,0.,0.985132220221934));
#12260=DIRECTION('ref_axis',(0.985132220221934,0.,-0.17179787158345));
#12261=DIRECTION('',(0.985132220221934,0.,-0.17179787158345));
#12262=DIRECTION('',(0.,1.,0.));
#12263=DIRECTION('center_axis',(0.333706348361342,0.,0.942677077828531));
#12264=DIRECTION('ref_axis',(0.942677077828531,0.,-0.333706348361342));
#12265=DIRECTION('',(0.942677077828531,0.,-0.333706348361342));
#12266=DIRECTION('',(0.,1.,0.));
#12267=DIRECTION('center_axis',(0.486257503982446,0.,0.873815563961161));
#12268=DIRECTION('ref_axis',(0.873815563961161,0.,-0.486257503982446));
#12269=DIRECTION('',(0.873815563961161,0.,-0.486257503982446));
#12270=DIRECTION('',(0.,1.,0.));
#12271=DIRECTION('center_axis',(0.625193473941243,0.,0.780469807322026));
#12272=DIRECTION('ref_axis',(0.780469807322026,0.,-0.625193473941243));
#12273=DIRECTION('',(0.780469807322026,0.,-0.625193473941243));
#12274=DIRECTION('',(0.,1.,0.));
#12275=DIRECTION('center_axis',(0.746604012988408,0.,0.66526870344967));
#12276=DIRECTION('ref_axis',(0.66526870344967,0.,-0.746604012988408));
#12277=DIRECTION('',(0.66526870344967,0.,-0.746604012988408));
#12278=DIRECTION('',(0.,1.,0.));
#12279=DIRECTION('center_axis',(0.847112050718482,0.,0.531414314379589));
#12280=DIRECTION('ref_axis',(0.531414314379589,0.,-0.847112050718482));
#12281=DIRECTION('',(0.531414314379589,0.,-0.847112050718482));
#12282=DIRECTION('',(0.,1.,0.));
#12283=DIRECTION('center_axis',(0.923879310897269,0.,0.382683967388219));
#12284=DIRECTION('ref_axis',(0.382683967388219,0.,-0.923879310897269));
#12285=DIRECTION('',(0.382683967388219,0.,-0.923879310897269));
#12286=DIRECTION('',(0.,1.,0.));
#12287=DIRECTION('center_axis',(0.974767085001502,0.,0.223224393823066));
#12288=DIRECTION('ref_axis',(0.223224393823065,0.,-0.974767085001502));
#12289=DIRECTION('',(0.223224393823065,0.,-0.974767085001502));
#12290=DIRECTION('',(0.,1.,0.));
#12291=DIRECTION('center_axis',(0.998344172120381,0.,0.0575231604944675));
#12292=DIRECTION('ref_axis',(0.0575231604944674,0.,-0.99834417212038));
#12293=DIRECTION('',(0.0575231604944674,0.,-0.99834417212038));
#12294=DIRECTION('',(0.,1.,0.));
#12295=DIRECTION('center_axis',(0.993954479979161,0.,-0.109792949360862));
#12296=DIRECTION('ref_axis',(-0.109792949360862,0.,-0.99395447997916));
#12297=DIRECTION('',(-0.109792949360862,0.,-0.99395447997916));
#12298=DIRECTION('',(0.,1.,0.));
#12299=DIRECTION('center_axis',(0.961715910567311,0.,-0.274048366829084));
#12300=DIRECTION('ref_axis',(-0.274048366829084,0.,-0.961715910567311));
#12301=DIRECTION('',(-0.274048366829084,0.,-0.961715910567311));
#12302=DIRECTION('',(0.,1.,0.));
#12303=DIRECTION('center_axis',(0.902536275907316,0.,-0.430613830097633));
#12304=DIRECTION('ref_axis',(-0.430613830097633,0.,-0.902536275907316));
#12305=DIRECTION('',(-0.430613830097633,0.,-0.902536275907316));
#12306=DIRECTION('',(0.,1.,0.));
#12307=DIRECTION('center_axis',(0.818079499851693,0.,-0.575105148579287));
#12308=DIRECTION('ref_axis',(-0.575105148579287,0.,-0.818079499851693));
#12309=DIRECTION('',(-0.575105148579287,0.,-0.818079499851693));
#12310=DIRECTION('',(0.,1.,0.));
#12311=DIRECTION('center_axis',(0.7106921115832,0.,-0.703503178765677));
#12312=DIRECTION('ref_axis',(-0.703503178765677,0.,-0.7106921115832));
#12313=DIRECTION('',(-0.703503178765677,0.,-0.7106921115832));
#12314=DIRECTION('',(0.,1.,0.));
#12315=DIRECTION('center_axis',(0.583395178670459,0.,-0.812188442114306));
#12316=DIRECTION('ref_axis',(-0.812188442114306,0.,-0.583395178670459));
#12317=DIRECTION('',(-0.812188442114306,0.,-0.583395178670459));
#12318=DIRECTION('',(0.,1.,0.));
#12319=DIRECTION('center_axis',(0.439760827551451,0.,-0.898114922797335));
#12320=DIRECTION('ref_axis',(-0.898114922797335,0.,-0.439760827551451));
#12321=DIRECTION('',(-0.898114922797335,0.,-0.439760827551451));
#12322=DIRECTION('',(0.,1.,0.));
#12323=DIRECTION('center_axis',(0.364733425170759,0.,0.931111984974528));
#12324=DIRECTION('ref_axis',(0.931111984974528,0.,-0.364733425170759));
#12325=DIRECTION('',(0.931111984974528,0.,-0.364733425170759));
#12326=DIRECTION('',(0.,1.,0.));
#12327=DIRECTION('center_axis',(0.32434743009105,0.,0.945938023653417));
#12328=DIRECTION('ref_axis',(0.945938023653417,0.,-0.32434743009105));
#12329=DIRECTION('',(0.945938023653417,0.,-0.32434743009105));
#12330=DIRECTION('',(0.,1.,0.));
#12331=DIRECTION('center_axis',(0.282779640940765,0.,0.95918490118924));
#12332=DIRECTION('ref_axis',(0.95918490118924,0.,-0.282779640940765));
#12333=DIRECTION('',(0.95918490118924,0.,-0.282779640940765));
#12334=DIRECTION('',(0.,1.,0.));
#12335=DIRECTION('center_axis',(0.240191986056316,0.,0.970725403929619));
#12336=DIRECTION('ref_axis',(0.970725403929619,0.,-0.240191986056316));
#12337=DIRECTION('',(0.970725403929619,0.,-0.240191986056316));
#12338=DIRECTION('',(0.,1.,0.));
#12339=DIRECTION('center_axis',(0.196770803162913,0.,0.980449514775046));
#12340=DIRECTION('ref_axis',(0.980449514775046,0.,-0.196770803162913));
#12341=DIRECTION('',(0.980449514775046,0.,-0.196770803162913));
#12342=DIRECTION('',(0.,1.,0.));
#12343=DIRECTION('center_axis',(0.152717520017388,0.,0.988269881702229));
#12344=DIRECTION('ref_axis',(0.98826988170223,0.,-0.152717520017388));
#12345=DIRECTION('',(0.98826988170223,0.,-0.152717520017388));
#12346=DIRECTION('',(0.,1.,0.));
#12347=DIRECTION('center_axis',(0.108924432476592,0.,0.994050032950883));
#12348=DIRECTION('ref_axis',(0.994050032950883,0.,-0.108924432476592));
#12349=DIRECTION('',(0.994050032950883,0.,-0.108924432476592));
#12350=DIRECTION('',(0.,1.,0.));
#12351=DIRECTION('center_axis',(0.0649371369273426,0.,0.997889356716304));
#12352=DIRECTION('ref_axis',(0.997889356716304,0.,-0.0649371369273426));
#12353=DIRECTION('',(0.997889356716304,0.,-0.0649371369273426));
#12354=DIRECTION('',(0.,1.,0.));
#12355=DIRECTION('center_axis',(0.0202970660051147,0.,0.999793993336419));
#12356=DIRECTION('ref_axis',(0.999793993336419,0.,-0.0202970660051147));
#12357=DIRECTION('',(0.999793993336419,0.,-0.0202970660051147));
#12358=DIRECTION('',(0.,1.,0.));
#12359=DIRECTION('center_axis',(-0.0240968757362442,0.,0.999709628131965));
#12360=DIRECTION('ref_axis',(0.999709628131965,0.,0.0240968757362442));
#12361=DIRECTION('',(0.999709628131965,0.,0.0240968757362442));
#12362=DIRECTION('',(0.,1.,0.));
#12363=DIRECTION('center_axis',(-0.0680287996200196,0.,0.997683357795578));
#12364=DIRECTION('ref_axis',(0.997683357795578,0.,0.0680287996200196));
#12365=DIRECTION('',(0.997683357795578,0.,0.0680287996200195));
#12366=DIRECTION('',(0.,1.,0.));
#12367=DIRECTION('center_axis',(-0.111193287832408,0.,0.993798798923112));
#12368=DIRECTION('ref_axis',(0.993798798923112,0.,0.111193287832408));
#12369=DIRECTION('',(0.993798798923112,0.,0.111193287832408));
#12370=DIRECTION('',(0.,1.,0.));
#12371=DIRECTION('center_axis',(-0.657224947643733,0.,-0.753694479344709));
#12372=DIRECTION('ref_axis',(-0.753694479344709,0.,0.657224947643733));
#12373=DIRECTION('',(-0.753694479344709,0.,0.657224947643733));
#12374=DIRECTION('',(0.,1.,0.));
#12375=DIRECTION('center_axis',(-0.773728656162974,0.,-0.633517139967214));
#12376=DIRECTION('ref_axis',(-0.633517139967214,0.,0.773728656162974));
#12377=DIRECTION('',(-0.633517139967214,0.,0.773728656162974));
#12378=DIRECTION('',(0.,1.,0.));
#12379=DIRECTION('center_axis',(-0.868556345264566,0.,-0.495590430800132));
#12380=DIRECTION('ref_axis',(-0.495590430800132,0.,0.868556345264566));
#12381=DIRECTION('',(-0.495590430800132,0.,0.868556345264566));
#12382=DIRECTION('',(0.,1.,0.));
#12383=DIRECTION('center_axis',(-0.939047581580012,0.,-0.343787200937921));
#12384=DIRECTION('ref_axis',(-0.343787200937921,0.,0.939047581580012));
#12385=DIRECTION('',(-0.343787200937921,0.,0.939047581580012));
#12386=DIRECTION('',(0.,1.,0.));
#12387=DIRECTION('center_axis',(-0.983235085388421,0.,-0.182342443937843));
#12388=DIRECTION('ref_axis',(-0.182342443937843,0.,0.983235085388421));
#12389=DIRECTION('',(-0.182342443937843,0.,0.983235085388421));
#12390=DIRECTION('',(0.,1.,0.));
#12391=DIRECTION('center_axis',(-0.999875219812483,0.,-0.0157969872108239));
#12392=DIRECTION('ref_axis',(-0.0157969872108239,0.,0.999875219812483));
#12393=DIRECTION('',(-0.0157969872108239,0.,0.999875219812483));
#12394=DIRECTION('',(0.,1.,0.));
#12395=DIRECTION('center_axis',(-0.988500486909903,0.,0.151217682097315));
#12396=DIRECTION('ref_axis',(0.151217682097315,0.,0.988500486909903));
#12397=DIRECTION('',(0.151217682097315,0.,0.988500486909903));
#12398=DIRECTION('',(0.,1.,0.));
#12399=DIRECTION('center_axis',(-0.949440674025629,0.,0.3139465026175));
#12400=DIRECTION('ref_axis',(0.3139465026175,0.,0.949440674025628));
#12401=DIRECTION('',(0.3139465026175,0.,0.949440674025629));
#12402=DIRECTION('',(0.,1.,0.));
#12403=DIRECTION('center_axis',(-0.88378137634839,0.,0.467900073541077));
#12404=DIRECTION('ref_axis',(0.467900073541077,0.,0.88378137634839));
#12405=DIRECTION('',(0.467900073541077,0.,0.88378137634839));
#12406=DIRECTION('',(0.,1.,0.));
#12407=DIRECTION('center_axis',(-0.793344783361244,0.,0.608772580454722));
#12408=DIRECTION('ref_axis',(0.608772580454722,0.,0.793344783361244));
#12409=DIRECTION('',(0.608772580454722,0.,0.793344783361244));
#12410=DIRECTION('',(0.,1.,0.));
#12411=DIRECTION('center_axis',(-0.680712900486791,0.,0.732550303467864));
#12412=DIRECTION('ref_axis',(0.732550303467864,0.,0.680712900486791));
#12413=DIRECTION('',(0.732550303467864,0.,0.680712900486791));
#12414=DIRECTION('',(0.,1.,0.));
#12415=DIRECTION('center_axis',(-0.548986829070362,0.,0.835831000566065));
#12416=DIRECTION('ref_axis',(0.835831000566065,0.,0.548986829070362));
#12417=DIRECTION('',(0.835831000566065,0.,0.548986829070362));
#12418=DIRECTION('',(0.,1.,0.));
#12419=DIRECTION('center_axis',(-0.401878136655876,0.,0.91569316000394));
#12420=DIRECTION('ref_axis',(0.91569316000394,0.,0.401878136655876));
#12421=DIRECTION('',(0.91569316000394,0.,0.401878136655876));
#12422=DIRECTION('',(0.,1.,0.));
#12423=DIRECTION('center_axis',(-0.243534300470456,0.,0.969892284995796));
#12424=DIRECTION('ref_axis',(0.969892284995796,0.,0.243534300470456));
#12425=DIRECTION('',(0.969892284995796,0.,0.243534300470456));
#12426=DIRECTION('',(0.,1.,0.));
#12427=DIRECTION('center_axis',(-0.0783486732916255,0.,0.996926018014096));
#12428=DIRECTION('ref_axis',(0.996926018014096,0.,0.0783486732916255));
#12429=DIRECTION('',(0.996926018014096,0.,0.0783486732916255));
#12430=DIRECTION('',(0.,1.,0.));
#12431=DIRECTION('center_axis',(0.0890225325516979,0.,0.996029612360035));
#12432=DIRECTION('ref_axis',(0.996029612360035,0.,-0.0890225325516979));
#12433=DIRECTION('',(0.996029612360035,0.,-0.0890225325516979));
#12434=DIRECTION('',(0.,1.,0.));
#12435=DIRECTION('center_axis',(0.253900793581033,0.,0.967230265768665));
#12436=DIRECTION('ref_axis',(0.967230265768665,0.,-0.253900793581033));
#12437=DIRECTION('',(0.967230265768665,0.,-0.253900793581033));
#12438=DIRECTION('',(0.,1.,0.));
#12439=DIRECTION('center_axis',(0.41168566725204,0.,0.911325908431908));
#12440=DIRECTION('ref_axis',(0.911325908431908,0.,-0.41168566725204));
#12441=DIRECTION('',(0.911325908431908,0.,-0.41168566725204));
#12442=DIRECTION('',(0.,1.,0.));
#12443=DIRECTION('center_axis',(0.557893195841014,0.,0.829912755676342));
#12444=DIRECTION('ref_axis',(0.829912755676342,0.,-0.557893195841014));
#12445=DIRECTION('',(0.829912755676342,0.,-0.557893195841014));
#12446=DIRECTION('',(0.,1.,0.));
#12447=DIRECTION('center_axis',(-0.98873320120115,0.,-0.149688532768966));
#12448=DIRECTION('ref_axis',(-0.149688532768966,0.,0.98873320120115));
#12449=DIRECTION('',(-0.149688532768966,0.,0.98873320120115));
#12450=DIRECTION('',(0.,1.,0.));
#12451=DIRECTION('center_axis',(-0.981380103527068,0.,-0.192075746519965));
#12452=DIRECTION('ref_axis',(-0.192075746519965,0.,0.981380103527068));
#12453=DIRECTION('',(-0.192075746519965,0.,0.981380103527068));
#12454=DIRECTION('',(0.,1.,0.));
#12455=DIRECTION('center_axis',(-0.972068355017173,0.,-0.234697918981414));
#12456=DIRECTION('ref_axis',(-0.234697918981414,0.,0.972068355017173));
#12457=DIRECTION('',(-0.234697918981414,0.,0.972068355017173));
#12458=DIRECTION('',(0.,1.,0.));
#12459=DIRECTION('center_axis',(-0.960768745993392,0.,-0.277350710693673));
#12460=DIRECTION('ref_axis',(-0.277350710693673,0.,0.960768745993392));
#12461=DIRECTION('',(-0.277350710693673,0.,0.960768745993392));
#12462=DIRECTION('',(0.,1.,0.));
#12463=DIRECTION('center_axis',(-0.947479441047086,0.,-0.319816679979488));
#12464=DIRECTION('ref_axis',(-0.319816679979488,0.,0.947479441047086));
#12465=DIRECTION('',(-0.319816679979488,0.,0.947479441047086));
#12466=DIRECTION('',(0.,1.,0.));
#12467=DIRECTION('center_axis',(-0.932225762308415,0.,-0.361877227921978));
#12468=DIRECTION('ref_axis',(-0.361877227921978,0.,0.932225762308415));
#12469=DIRECTION('',(-0.361877227921978,0.,0.932225762308415));
#12470=DIRECTION('',(0.,1.,0.));
#12471=DIRECTION('center_axis',(-0.915334905380824,0.,-0.402693445428999));
#12472=DIRECTION('ref_axis',(-0.402693445428999,0.,0.915334905380824));
#12473=DIRECTION('',(-0.402693445428999,0.,0.915334905380824));
#12474=DIRECTION('',(0.,1.,0.));
#12475=DIRECTION('center_axis',(-0.896666145510742,0.,-0.442707379083418));
#12476=DIRECTION('ref_axis',(-0.442707379083418,0.,0.896666145510742));
#12477=DIRECTION('',(-0.442707379083418,0.,0.896666145510742));
#12478=DIRECTION('',(0.,1.,0.));
#12479=DIRECTION('center_axis',(-0.875995306153184,0.,-0.482319628045127));
#12480=DIRECTION('ref_axis',(-0.482319628045127,0.,0.875995306153184));
#12481=DIRECTION('',(-0.482319628045127,0.,0.875995306153184));
#12482=DIRECTION('',(0.,1.,0.));
#12483=DIRECTION('center_axis',(-0.853725882613077,0.,-0.520722687576145));
#12484=DIRECTION('ref_axis',(-0.520722687576145,0.,0.853725882613077));
#12485=DIRECTION('',(-0.520722687576145,0.,0.853725882613077));
#12486=DIRECTION('',(0.,1.,0.));
#12487=DIRECTION('center_axis',(-0.830004195566416,0.,-0.5577571472802));
#12488=DIRECTION('ref_axis',(-0.5577571472802,0.,0.830004195566416));
#12489=DIRECTION('',(-0.5577571472802,0.,0.830004195566416));
#12490=DIRECTION('',(0.,1.,0.));
#12491=DIRECTION('center_axis',(-0.805058444576654,0.,-0.593195499659107));
#12492=DIRECTION('ref_axis',(-0.593195499659107,0.,0.805058444576654));
#12493=DIRECTION('',(-0.593195499659107,0.,0.805058444576654));
#12494=DIRECTION('',(0.,1.,0.));
#12495=DIRECTION('center_axis',(0.981235715030522,0.,-0.19281201090321));
#12496=DIRECTION('ref_axis',(-0.19281201090321,0.,-0.981235715030522));
#12497=DIRECTION('',(-0.19281201090321,0.,-0.981235715030522));
#12498=DIRECTION('',(0.,1.,0.));
#12499=DIRECTION('center_axis',(0.934972266671951,0.,-0.354720820581926));
#12500=DIRECTION('ref_axis',(-0.354720820581926,0.,-0.934972266671951));
#12501=DIRECTION('',(-0.354720820581926,0.,-0.934972266671951));
#12502=DIRECTION('',(0.,1.,0.));
#12503=DIRECTION('center_axis',(0.862201638085459,0.,-0.506565232998428));
#12504=DIRECTION('ref_axis',(-0.506565232998428,0.,-0.862201638085459));
#12505=DIRECTION('',(-0.506565232998428,0.,-0.862201638085459));
#12506=DIRECTION('',(0.,1.,0.));
#12507=DIRECTION('center_axis',(0.764979123822926,0.,-0.644055075374078));
#12508=DIRECTION('ref_axis',(-0.644055075374078,0.,-0.764979123822926));
#12509=DIRECTION('',(-0.644055075374078,0.,-0.764979123822926));
#12510=DIRECTION('',(0.,1.,0.));
#12511=DIRECTION('center_axis',(0.646090124322018,0.,-0.763261129138357));
#12512=DIRECTION('ref_axis',(-0.763261129138357,0.,-0.646090124322018));
#12513=DIRECTION('',(-0.763261129138357,0.,-0.646090124322018));
#12514=DIRECTION('',(0.,1.,0.));
#12515=DIRECTION('center_axis',(0.508866694695552,0.,-0.860845332815148));
#12516=DIRECTION('ref_axis',(-0.860845332815148,0.,-0.508866694695552));
#12517=DIRECTION('',(-0.860845332815148,0.,-0.508866694695552));
#12518=DIRECTION('',(0.,1.,0.));
#12519=DIRECTION('center_axis',(0.357229752333533,0.,-0.934016543776245));
#12520=DIRECTION('ref_axis',(-0.934016543776245,0.,-0.357229752333533));
#12521=DIRECTION('',(-0.934016543776245,0.,-0.357229752333533));
#12522=DIRECTION('',(0.,1.,0.));
#12523=DIRECTION('center_axis',(0.195416275498869,0.,-0.980720387913981));
#12524=DIRECTION('ref_axis',(-0.980720387913981,0.,-0.195416275498869));
#12525=DIRECTION('',(-0.980720387913981,0.,-0.195416275498869));
#12526=DIRECTION('',(0.,1.,0.));
#12527=DIRECTION('center_axis',(0.0281353267662875,0.,-0.99960412333471));
#12528=DIRECTION('ref_axis',(-0.99960412333471,0.,-0.0281353267662875));
#12529=DIRECTION('',(-0.99960412333471,0.,-0.0281353267662875));
#12530=DIRECTION('',(0.,1.,0.));
#12531=DIRECTION('center_axis',(-0.139982022811613,0.,-0.990154045232139));
#12532=DIRECTION('ref_axis',(-0.990154045232139,0.,0.139982022811613));
#12533=DIRECTION('',(-0.990154045232139,0.,0.139982022811613));
#12534=DIRECTION('',(0.,1.,0.));
#12535=DIRECTION('center_axis',(-0.304146804703032,0.,-0.952625173501591));
#12536=DIRECTION('ref_axis',(-0.95262517350159,0.,0.304146804703032));
#12537=DIRECTION('',(-0.95262517350159,0.,0.304146804703032));
#12538=DIRECTION('',(0.,1.,0.));
#12539=DIRECTION('center_axis',(-0.459653258106922,0.,-0.888098464311076));
#12540=DIRECTION('ref_axis',(-0.888098464311076,0.,0.459653258106922));
#12541=DIRECTION('',(-0.888098464311076,0.,0.459653258106922));
#12542=DIRECTION('',(0.,1.,0.));
#12543=DIRECTION('center_axis',(-0.602138789344212,0.,-0.79839143179714));
#12544=DIRECTION('ref_axis',(-0.79839143179714,0.,0.602138789344212));
#12545=DIRECTION('',(-0.79839143179714,0.,0.602138789344212));
#12546=DIRECTION('',(0.,1.,0.));
#12547=DIRECTION('center_axis',(-0.727566587977742,0.,-0.686037069011891));
#12548=DIRECTION('ref_axis',(-0.686037069011891,0.,0.727566587977742));
#12549=DIRECTION('',(-0.686037069011891,0.,0.727566587977742));
#12550=DIRECTION('',(0.,1.,0.));
#12551=DIRECTION('center_axis',(-0.832359498345169,0.,-0.554236109897739));
#12552=DIRECTION('ref_axis',(-0.554236109897739,0.,0.832359498345169));
#12553=DIRECTION('',(-0.554236109897739,0.,0.832359498345169));
#12554=DIRECTION('',(0.,1.,0.));
#12555=DIRECTION('center_axis',(-0.913549190700466,0.,-0.406728258387001));
#12556=DIRECTION('ref_axis',(-0.406728258387001,0.,0.913549190700466));
#12557=DIRECTION('',(-0.406728258387001,0.,0.913549190700466));
#12558=DIRECTION('',(0.,1.,0.));
#12559=DIRECTION('center_axis',(-0.968841118332828,0.,-0.247683038231518));
#12560=DIRECTION('ref_axis',(-0.247683038231518,0.,0.968841118332828));
#12561=DIRECTION('',(-0.247683038231518,0.,0.968841118332828));
#12562=DIRECTION('',(0.,1.,0.));
#12563=DIRECTION('center_axis',(-0.996662622242586,0.,-0.0816309832387914));
#12564=DIRECTION('ref_axis',(-0.0816309832387914,0.,0.996662622242586));
#12565=DIRECTION('',(-0.0816309832387914,0.,0.996662622242586));
#12566=DIRECTION('',(0.,1.,0.));
#12567=DIRECTION('center_axis',(-0.997012641397956,0.,0.0772385453816406));
#12568=DIRECTION('ref_axis',(0.0772385453816406,0.,0.997012641397956));
#12569=DIRECTION('',(0.0772385453816406,0.,0.997012641397956));
#12570=DIRECTION('',(0.,1.,0.));
#12571=DIRECTION('center_axis',(0.624000419429115,0.,-0.781424005615574));
#12572=DIRECTION('ref_axis',(-0.781424005615574,0.,-0.624000419429115));
#12573=DIRECTION('',(-0.781424005615574,0.,-0.624000419429115));
#12574=DIRECTION('',(0.,1.,0.));
#12575=DIRECTION('center_axis',(0.657032178000754,0.,-0.753862531945703));
#12576=DIRECTION('ref_axis',(-0.753862531945703,0.,-0.657032178000754));
#12577=DIRECTION('',(-0.753862531945703,0.,-0.657032178000754));
#12578=DIRECTION('',(0.,1.,0.));
#12579=DIRECTION('center_axis',(0.68928861365179,0.,-0.724486857775897));
#12580=DIRECTION('ref_axis',(-0.724486857775897,0.,-0.68928861365179));
#12581=DIRECTION('',(-0.724486857775897,0.,-0.68928861365179));
#12582=DIRECTION('',(0.,1.,0.));
#12583=DIRECTION('center_axis',(0.720576727921965,0.,-0.693375208078046));
#12584=DIRECTION('ref_axis',(-0.693375208078046,0.,-0.720576727921965));
#12585=DIRECTION('',(-0.693375208078046,0.,-0.720576727921965));
#12586=DIRECTION('center_axis',(0.,1.,0.));
#12587=DIRECTION('ref_axis',(1.,0.,0.));
#12588=CARTESIAN_POINT('',(0.,0.,0.));
#12589=CARTESIAN_POINT('Origin',(-22.2492289543152,8.,-16.1401928961277));
#12590=CARTESIAN_POINT('',(-8.99822959612456,15.,-16.1401928961277));
#12591=CARTESIAN_POINT('Origin',(-22.2492289543152,15.,-16.1401928961277));
#12592=CARTESIAN_POINT('',(-8.99822959612456,8.,-16.1401928961277));
#12593=CARTESIAN_POINT('',(-8.99822959612456,8.,-16.1401928961277));
#12594=CARTESIAN_POINT('',(-8.99893701076508,8.,-16.0032141208649));
#12595=CARTESIAN_POINT('Origin',(-22.2492289543152,8.,-16.1401928961277));
#12596=CARTESIAN_POINT('',(-9.4149774312973,8.,-12.8430771827698));
#12597=CARTESIAN_POINT('Origin',(-22.2492289543152,8.,-16.1401928961277));
#12598=CARTESIAN_POINT('',(-9.48588311672211,8.,-12.5784528255463));
#12599=CARTESIAN_POINT('Origin',(-22.2492289543152,8.,-16.1401928961277));
#12600=CARTESIAN_POINT('',(-10.7056510448456,8.,-9.63367462158203));
#12601=CARTESIAN_POINT('Origin',(-22.2492289543152,8.,-16.1401928961277));
#12602=CARTESIAN_POINT('',(-10.8426296710968,8.,-9.39641952514648));
#12603=CARTESIAN_POINT('Origin',(-22.2492289543152,8.,-16.1401928961277));
#12604=CARTESIAN_POINT('',(-12.7829992771149,8.,-6.86768054962158));
#12605=CARTESIAN_POINT('Origin',(-22.2492289543152,8.,-16.1401928961277));
#12606=CARTESIAN_POINT('',(-12.9767167568207,8.,-6.67396247386932));
#12607=CARTESIAN_POINT('Origin',(-22.2492289543152,8.,-16.1401928961277));
#12608=CARTESIAN_POINT('',(-15.5054557323456,8.,-4.73359316587448));
#12609=CARTESIAN_POINT('Origin',(-22.2492289543152,8.,-16.1401928961277));
#12610=CARTESIAN_POINT('',(-15.7427108287811,8.,-4.59661334753036));
#12611=CARTESIAN_POINT('Origin',(-22.2492289543152,8.,-16.1401928961277));
#12612=CARTESIAN_POINT('',(-18.6874902248383,8.,-3.37684631347656));
#12613=CARTESIAN_POINT('Origin',(-22.2492289543152,8.,-16.1401928961277));
#12614=CARTESIAN_POINT('',(-18.952112197876,8.,-3.30594092607498));
#12615=CARTESIAN_POINT('Origin',(-22.2492289543152,8.,-16.1401928961277));
#12616=CARTESIAN_POINT('',(-22.112250328064,8.,-2.88990050554276));
#12617=CARTESIAN_POINT('Origin',(-22.2492289543152,8.,-16.1401928961277));
#12618=CARTESIAN_POINT('',(-22.3862075805664,8.,-2.88990050554276));
#12619=CARTESIAN_POINT('Origin',(-22.2492289543152,8.,-16.1401928961277));
#12620=CARTESIAN_POINT('',(-25.5463457107544,8.,-3.30594092607498));
#12621=CARTESIAN_POINT('Origin',(-22.2492289543152,8.,-16.1401928961277));
#12622=CARTESIAN_POINT('',(-25.810968875885,8.,-3.37684631347656));
#12623=CARTESIAN_POINT('Origin',(-22.2492289543152,8.,-16.1401928961277));
#12624=CARTESIAN_POINT('',(-28.7557482719421,8.,-4.59661334753036));
#12625=CARTESIAN_POINT('Origin',(-22.2492289543152,8.,-16.1401928961277));
#12626=CARTESIAN_POINT('',(-28.9930033683777,8.,-4.73359316587448));
#12627=CARTESIAN_POINT('Origin',(-22.2492289543152,8.,-16.1401928961277));
#12628=CARTESIAN_POINT('',(-31.5217423439026,8.,-6.67396247386932));
#12629=CARTESIAN_POINT('Origin',(-22.2492289543152,8.,-16.1401928961277));
#12630=CARTESIAN_POINT('',(-31.7154598236084,8.,-6.86768054962158));
#12631=CARTESIAN_POINT('Origin',(-22.2492289543152,8.,-16.1401928961277));
#12632=CARTESIAN_POINT('',(-33.6558318138123,8.,-9.39641952514648));
#12633=CARTESIAN_POINT('Origin',(-22.2492289543152,8.,-16.1401928961277));
#12634=CARTESIAN_POINT('',(-33.7928080558777,8.,-9.63367462158203));
#12635=CARTESIAN_POINT('Origin',(-22.2492289543152,8.,-16.1401928961277));
#12636=CARTESIAN_POINT('',(-35.0125765800476,8.,-12.5784528255463));
#12637=CARTESIAN_POINT('Origin',(-22.2492289543152,8.,-16.1401928961277));
#12638=CARTESIAN_POINT('',(-35.0834822654724,8.,-12.8430771827698));
#12639=CARTESIAN_POINT('Origin',(-22.2492289543152,8.,-16.1401928961277));
#12640=CARTESIAN_POINT('',(-35.4995226860046,8.,-16.0032141208649));
#12641=CARTESIAN_POINT('Origin',(-22.2492289543152,8.,-16.1401928961277));
#12642=CARTESIAN_POINT('',(-35.4995226860046,8.,-16.2771725654602));
#12643=CARTESIAN_POINT('Origin',(-22.2492289543152,8.,-16.1401928961277));
#12644=CARTESIAN_POINT('',(-35.0834822654724,8.,-19.4373095035553));
#12645=CARTESIAN_POINT('Origin',(-22.2492289543152,8.,-16.1401928961277));
#12646=CARTESIAN_POINT('',(-35.0125765800476,8.,-19.7019326686859));
#12647=CARTESIAN_POINT('Origin',(-22.2492289543152,8.,-16.1401928961277));
#12648=CARTESIAN_POINT('',(-33.7928080558777,8.,-22.6467108726501));
#12649=CARTESIAN_POINT('Origin',(-22.2492289543152,8.,-16.1401928961277));
#12650=CARTESIAN_POINT('',(-33.6558318138123,8.,-22.8839659690857));
#12651=CARTESIAN_POINT('Origin',(-22.2492289543152,8.,-16.1401928961277));
#12652=CARTESIAN_POINT('',(-31.7154598236084,8.,-25.4127049446106));
#12653=CARTESIAN_POINT('Origin',(-22.2492289543152,8.,-16.1401928961277));
#12654=CARTESIAN_POINT('',(-31.5217423439026,8.,-25.6064224243164));
#12655=CARTESIAN_POINT('Origin',(-22.2492289543152,8.,-16.1401928961277));
#12656=CARTESIAN_POINT('',(-28.9930033683777,8.,-27.5467944145203));
#12657=CARTESIAN_POINT('Origin',(-22.2492289543152,8.,-16.1401928961277));
#12658=CARTESIAN_POINT('',(-28.7557482719421,8.,-27.6837730407715));
#12659=CARTESIAN_POINT('Origin',(-22.2492289543152,8.,-16.1401928961277));
#12660=CARTESIAN_POINT('',(-25.810968875885,8.,-28.9035391807556));
#12661=CARTESIAN_POINT('Origin',(-22.2492289543152,8.,-16.1401928961277));
#12662=CARTESIAN_POINT('',(-25.5463457107544,8.,-28.9744448661804));
#12663=CARTESIAN_POINT('Origin',(-22.2492289543152,8.,-16.1401928961277));
#12664=CARTESIAN_POINT('',(-22.3862075805664,8.,-29.3904852867126));
#12665=CARTESIAN_POINT('Origin',(-22.2492289543152,8.,-16.1401928961277));
#12666=CARTESIAN_POINT('',(-22.112250328064,8.,-29.3904852867126));
#12667=CARTESIAN_POINT('Origin',(-22.2492289543152,8.,-16.1401928961277));
#12668=CARTESIAN_POINT('',(-18.952112197876,8.,-28.9744448661804));
#12669=CARTESIAN_POINT('Origin',(-22.2492289543152,8.,-16.1401928961277));
#12670=CARTESIAN_POINT('',(-18.6874902248383,8.,-28.9035391807556));
#12671=CARTESIAN_POINT('Origin',(-22.2492289543152,8.,-16.1401928961277));
#12672=CARTESIAN_POINT('',(-15.7427108287811,8.,-27.6837730407715));
#12673=CARTESIAN_POINT('Origin',(-22.2492289543152,8.,-16.1401928961277));
#12674=CARTESIAN_POINT('',(-15.5054557323456,8.,-27.5467944145203));
#12675=CARTESIAN_POINT('Origin',(-22.2492289543152,8.,-16.1401928961277));
#12676=CARTESIAN_POINT('',(-12.9767167568207,8.,-25.6064224243164));
#12677=CARTESIAN_POINT('Origin',(-22.2492289543152,8.,-16.1401928961277));
#12678=CARTESIAN_POINT('',(-12.7829992771149,8.,-25.4127049446106));
#12679=CARTESIAN_POINT('Origin',(-22.2492289543152,8.,-16.1401928961277));
#12680=CARTESIAN_POINT('',(-10.8426296710968,8.,-22.8839659690857));
#12681=CARTESIAN_POINT('Origin',(-22.2492289543152,8.,-16.1401928961277));
#12682=CARTESIAN_POINT('',(-10.7056510448456,8.,-22.6467108726501));
#12683=CARTESIAN_POINT('Origin',(-22.2492289543152,8.,-16.1401928961277));
#12684=CARTESIAN_POINT('',(-9.48588311672211,8.,-19.7019326686859));
#12685=CARTESIAN_POINT('Origin',(-22.2492289543152,8.,-16.1401928961277));
#12686=CARTESIAN_POINT('',(-9.4149774312973,8.,-19.4373095035553));
#12687=CARTESIAN_POINT('Origin',(-22.2492289543152,8.,-16.1401928961277));
#12688=CARTESIAN_POINT('',(-8.99893701076508,8.,-16.2771725654602));
#12689=CARTESIAN_POINT('Origin',(-22.2492289543152,8.,-16.1401928961277));
#12690=CARTESIAN_POINT('Origin',(-22.2492289543152,8.,-16.1401928961277));
#12691=CARTESIAN_POINT('Origin',(-20.8598133735359,15.,-19.872460141778));
#12692=CARTESIAN_POINT('',(-12.3718678951263,15.,-27.7890419960022));
#12693=CARTESIAN_POINT('',(-14.509688615799,15.,-30.2183508872986));
#12694=CARTESIAN_POINT('',(-12.3718678951263,15.,-27.7890419960022));
#12695=CARTESIAN_POINT('',(-16.7646944522858,15.,-32.561821937561));
#12696=CARTESIAN_POINT('',(-14.509688615799,15.,-30.2183508872986));
#12697=CARTESIAN_POINT('',(-19.1396450996399,15.,-34.8213887214661));
#12698=CARTESIAN_POINT('',(-16.7646944522858,15.,-32.561821937561));
#12699=CARTESIAN_POINT('',(-21.6377329826355,15.,-36.9986081123352));
#12700=CARTESIAN_POINT('',(-19.1396450996399,15.,-34.8213887214661));
#12701=CARTESIAN_POINT('',(-24.2628693580627,15.,-39.0948915481567));
#12702=CARTESIAN_POINT('',(-21.6377329826355,15.,-36.9986081123352));
#12703=CARTESIAN_POINT('',(-24.2513346672058,15.,-38.9459991455078));
#12704=CARTESIAN_POINT('',(-24.2628693580627,15.,-39.0948915481567));
#12705=CARTESIAN_POINT('',(-24.265079498291,15.,-38.7781834602356));
#12706=CARTESIAN_POINT('',(-24.2513346672058,15.,-38.9459991455078));
#12707=CARTESIAN_POINT('',(-24.3067836761475,15.,-38.6150527000427));
#12708=CARTESIAN_POINT('',(-24.265079498291,15.,-38.7781834602356));
#12709=CARTESIAN_POINT('',(-24.3752694129944,15.,-38.4612274169922));
#12710=CARTESIAN_POINT('',(-24.3067836761475,15.,-38.6150527000427));
#12711=CARTESIAN_POINT('',(-24.4685912132263,15.,-38.3210754394531));
#12712=CARTESIAN_POINT('',(-24.3752694129944,15.,-38.4612274169922));
#12713=CARTESIAN_POINT('',(-24.5841073989868,15.,-38.1985664367676));
#12714=CARTESIAN_POINT('',(-24.4685912132263,15.,-38.3210754394531));
#12715=CARTESIAN_POINT('',(-24.7185397148132,15.,-38.0971789360046));
#12716=CARTESIAN_POINT('',(-24.5841073989868,15.,-38.1985664367676));
#12717=CARTESIAN_POINT('',(-24.8680758476257,15.,-38.0197834968567));
#12718=CARTESIAN_POINT('',(-24.7185397148132,15.,-38.0971789360046));
#12719=CARTESIAN_POINT('',(-25.0284790992737,15.,-37.9685711860657));
#12720=CARTESIAN_POINT('',(-24.8680758476257,15.,-38.0197834968567));
#12721=CARTESIAN_POINT('',(-25.1952004432678,15.,-37.9450011253357));
#12722=CARTESIAN_POINT('',(-25.0284790992737,15.,-37.9685711860657));
#12723=CARTESIAN_POINT('',(-25.3635120391846,15.,-37.9497385025024));
#12724=CARTESIAN_POINT('',(-25.1952004432678,15.,-37.9450011253357));
#12725=CARTESIAN_POINT('',(-25.5286455154419,15.,-37.9826426506042));
#12726=CARTESIAN_POINT('',(-25.3635120391846,15.,-37.9497385025024));
#12727=CARTESIAN_POINT('',(-25.6859159469604,15.,-38.0427932739258));
#12728=CARTESIAN_POINT('',(-25.5286455154419,15.,-37.9826426506042));
#12729=CARTESIAN_POINT('',(-25.830864906311,15.,-38.1284761428833));
#12730=CARTESIAN_POINT('',(-25.6859159469604,15.,-38.0427932739258));
#12731=CARTESIAN_POINT('',(-25.9593820571899,15.,-38.2372641563415));
#12732=CARTESIAN_POINT('',(-25.830864906311,15.,-38.1284761428833));
#12733=CARTESIAN_POINT('',(-26.0678267478943,15.,-38.3660697937012));
#12734=CARTESIAN_POINT('',(-25.9593820571899,15.,-38.2372641563415));
#12735=CARTESIAN_POINT('',(-26.1531209945679,15.,-38.5112452507019));
#12736=CARTESIAN_POINT('',(-26.0678267478943,15.,-38.3660697937012));
#12737=CARTESIAN_POINT('',(-26.2128496170044,15.,-38.6686778068542));
#12738=CARTESIAN_POINT('',(-26.1531209945679,15.,-38.5112452507019));
#12739=CARTESIAN_POINT('',(-26.2453150749207,15.,-38.8338971138));
#12740=CARTESIAN_POINT('',(-26.2128496170044,15.,-38.6686778068542));
#12741=CARTESIAN_POINT('',(-28.2495498657227,15.,-36.1138391494751));
#12742=CARTESIAN_POINT('',(-26.2453150749207,15.,-38.8338971138));
#12743=CARTESIAN_POINT('',(-30.113844871521,15.,-33.3395624160767));
#12744=CARTESIAN_POINT('',(-28.2495498657227,15.,-36.1138391494751));
#12745=CARTESIAN_POINT('',(-31.8323397636414,15.,-30.5220866203308));
#12746=CARTESIAN_POINT('',(-30.113844871521,15.,-33.3395624160767));
#12747=CARTESIAN_POINT('',(-33.4084677696228,15.,-27.6595020294189));
#12748=CARTESIAN_POINT('',(-31.8323397636414,15.,-30.5220866203308));
#12749=CARTESIAN_POINT('',(-34.8451733589172,15.,-24.7495770454407));
#12750=CARTESIAN_POINT('',(-33.4084677696228,15.,-27.6595020294189));
#12751=CARTESIAN_POINT('',(-36.1074233055115,15.,-21.8804430961609));
#12752=CARTESIAN_POINT('',(-34.8451733589172,15.,-24.7495770454407));
#12753=CARTESIAN_POINT('',(-37.2761082649231,15.,-18.8698136806488));
#12754=CARTESIAN_POINT('',(-36.1074233055115,15.,-21.8804430961609));
#12755=CARTESIAN_POINT('',(-38.3110404014587,15.,-15.8037543296814));
#12756=CARTESIAN_POINT('',(-37.2761082649231,15.,-18.8698136806488));
#12757=CARTESIAN_POINT('',(-39.2130446434021,15.,-12.6791274547577));
#12758=CARTESIAN_POINT('',(-38.3110404014587,15.,-15.8037543296814));
#12759=CARTESIAN_POINT('',(-39.9824118614197,15.,-9.49257373809814));
#12760=CARTESIAN_POINT('',(-39.2130446434021,15.,-12.6791274547577));
#12761=CARTESIAN_POINT('',(-40.618896484375,15.,-6.24055802822113));
#12762=CARTESIAN_POINT('',(-39.9824118614197,15.,-9.49257373809814));
#12763=CARTESIAN_POINT('',(-41.1217641830444,15.,-2.91898101568222));
#12764=CARTESIAN_POINT('',(-40.618896484375,15.,-6.24055802822113));
#12765=CARTESIAN_POINT('',(-40.9828519821167,15.,-3.01236212253571));
#12766=CARTESIAN_POINT('',(-41.1217641830444,15.,-2.91898101568222));
#12767=CARTESIAN_POINT('',(-40.8303213119507,15.,-3.0812668800354));
#12768=CARTESIAN_POINT('',(-40.9828519821167,15.,-3.01236212253571));
#12769=CARTESIAN_POINT('',(-40.6684255599976,15.,-3.12376499176025));
#12770=CARTESIAN_POINT('',(-40.8303213119507,15.,-3.0812668800354));
#12771=CARTESIAN_POINT('',(-40.5017137527466,15.,-3.13866525888443));
#12772=CARTESIAN_POINT('',(-40.6684255599976,15.,-3.12376499176025));
#12773=CARTESIAN_POINT('',(-40.334849357605,15.,-3.12555134296417));
#12774=CARTESIAN_POINT('',(-40.5017137527466,15.,-3.13866525888443));
#12775=CARTESIAN_POINT('',(-40.1725149154663,15.,-3.08479011058807));
#12776=CARTESIAN_POINT('',(-40.334849357605,15.,-3.12555134296417));
#12777=CARTESIAN_POINT('',(-40.0192451477051,15.,-3.01752328872681));
#12778=CARTESIAN_POINT('',(-40.1725149154663,15.,-3.08479011058807));
#12779=CARTESIAN_POINT('',(-39.8793458938599,15.,-2.92563527822495));
#12780=CARTESIAN_POINT('',(-40.0192451477051,15.,-3.01752328872681));
#12781=CARTESIAN_POINT('',(-39.7567343711853,15.,-2.81170010566711));
#12782=CARTESIAN_POINT('',(-39.8793458938599,15.,-2.92563527822495));
#12783=CARTESIAN_POINT('',(-39.6548390388489,15.,-2.67891138792038));
#12784=CARTESIAN_POINT('',(-39.7567343711853,15.,-2.81170010566711));
#12785=CARTESIAN_POINT('',(-39.5765233039856,15.,-2.53098666667938));
#12786=CARTESIAN_POINT('',(-39.6548390388489,15.,-2.67891138792038));
#12787=CARTESIAN_POINT('',(-39.5239758491516,15.,-2.3720720410347));
#12788=CARTESIAN_POINT('',(-39.5765233039856,15.,-2.53098666667938));
#12789=CARTESIAN_POINT('',(-39.4986653327942,15.,-2.20661878585815));
#12790=CARTESIAN_POINT('',(-39.5239758491516,15.,-2.3720720410347));
#12791=CARTESIAN_POINT('',(-39.5013093948364,15.,-2.03926205635071));
#12792=CARTESIAN_POINT('',(-39.4986653327942,15.,-2.20661878585815));
#12793=CARTESIAN_POINT('',(-39.5318293571472,15.,-1.87469094991684));
#12794=CARTESIAN_POINT('',(-39.5013093948364,15.,-2.03926205635071));
#12795=CARTESIAN_POINT('',(-39.5893716812134,15.,-1.71751528978348));
#12796=CARTESIAN_POINT('',(-39.5318293571472,15.,-1.87469094991684));
#12797=CARTESIAN_POINT('',(-39.6723222732544,15.,-1.57213866710663));
#12798=CARTESIAN_POINT('',(-39.5893716812134,15.,-1.71751528978348));
#12799=CARTESIAN_POINT('',(-39.7783589363098,15.,-1.44263371825218));
#12800=CARTESIAN_POINT('',(-39.6723222732544,15.,-1.57213866710663));
#12801=CARTESIAN_POINT('',(-39.904510974884,15.,-1.33262857794762));
#12802=CARTESIAN_POINT('',(-39.7783589363098,15.,-1.44263371825218));
#12803=CARTESIAN_POINT('',(-36.5467524528503,15.,-0.95693863928318));
#12804=CARTESIAN_POINT('',(-39.904510974884,15.,-1.33262857794762));
#12805=CARTESIAN_POINT('',(-33.2120108604431,15.,-0.729553401470184));
#12806=CARTESIAN_POINT('',(-36.5467524528503,15.,-0.95693863928318));
#12807=CARTESIAN_POINT('',(-29.9127626419067,15.,-0.650028735399246));
#12808=CARTESIAN_POINT('',(-33.2120108604431,15.,-0.729553401470184));
#12809=CARTESIAN_POINT('',(-26.6456270217896,15.,-0.716355666518211));
#12810=CARTESIAN_POINT('',(-29.9127626419067,15.,-0.650028735399246));
#12811=CARTESIAN_POINT('',(-23.4072041511536,15.,-0.927094370126724));
#12812=CARTESIAN_POINT('',(-26.6456270217896,15.,-0.716355666518211));
#12813=CARTESIAN_POINT('',(-20.2913355827332,15.,-1.26852005720139));
#12814=CARTESIAN_POINT('',(-23.4072041511536,15.,-0.927094370126724));
#12815=CARTESIAN_POINT('',(-17.0997107028961,15.,-1.76172241568565));
#12816=CARTESIAN_POINT('',(-20.2913355827332,15.,-1.26852005720139));
#12817=CARTESIAN_POINT('',(-13.9269590377808,15.,-2.39847615361214));
#12818=CARTESIAN_POINT('',(-17.0997107028961,15.,-1.76172241568565));
#12819=CARTESIAN_POINT('',(-10.7699513435364,15.,-3.179632127285));
#12820=CARTESIAN_POINT('',(-13.9269590377808,15.,-2.39847615361214));
#12821=CARTESIAN_POINT('',(-7.62563169002533,15.,-4.10661667585373));
#12822=CARTESIAN_POINT('',(-10.7699513435364,15.,-3.179632127285));
#12823=CARTESIAN_POINT('',(-4.49106127023697,15.,-5.18141210079193));
#12824=CARTESIAN_POINT('',(-7.62563169002533,15.,-4.10661667585373));
#12825=CARTESIAN_POINT('',(-1.36305764317513,15.,-6.40670776367188));
#12826=CARTESIAN_POINT('',(-4.49106127023697,15.,-5.18141210079193));
#12827=CARTESIAN_POINT('',(-1.51338249444962,15.,-6.48031413555145));
#12828=CARTESIAN_POINT('',(-1.36305764317513,15.,-6.40670776367188));
#12829=CARTESIAN_POINT('',(-1.64932385087013,15.,-6.57796084880829));
#12830=CARTESIAN_POINT('',(-1.51338249444962,15.,-6.48031413555145));
#12831=CARTESIAN_POINT('',(-1.76707476377487,15.,-6.69691503047943));
#12832=CARTESIAN_POINT('',(-1.64932385087013,15.,-6.57796084880829));
#12833=CARTESIAN_POINT('',(-1.86333432793617,15.,-6.83384299278259));
#12834=CARTESIAN_POINT('',(-1.76707476377487,15.,-6.69691503047943));
#12835=CARTESIAN_POINT('',(-1.93540945649147,15.,-6.98490738868713));
#12836=CARTESIAN_POINT('',(-1.86333432793617,15.,-6.83384299278259));
#12837=CARTESIAN_POINT('',(-1.98127895593643,15.,-7.14587688446045));
#12838=CARTESIAN_POINT('',(-1.93540945649147,15.,-6.98490738868713));
#12839=CARTESIAN_POINT('',(-1.99965581297874,15.,-7.31224238872528));
#12840=CARTESIAN_POINT('',(-1.98127895593643,15.,-7.14587688446045));
#12841=CARTESIAN_POINT('',(-1.99002772569656,15.,-7.47934281826019));
#12842=CARTESIAN_POINT('',(-1.99965581297874,15.,-7.31224238872528));
#12843=CARTESIAN_POINT('',(-1.95266500115395,15.,-7.64249682426453));
#12844=CARTESIAN_POINT('',(-1.99002772569656,15.,-7.47934281826019));
#12845=CARTESIAN_POINT('',(-1.88861235976219,15.,-7.79713332653046));
#12846=CARTESIAN_POINT('',(-1.95266500115395,15.,-7.64249682426453));
#12847=CARTESIAN_POINT('',(-1.79966554045677,15.,-7.93892085552216));
#12848=CARTESIAN_POINT('',(-1.88861235976219,15.,-7.79713332653046));
#12849=CARTESIAN_POINT('',(-1.68831452727318,15.,-8.06388556957245));
#12850=CARTESIAN_POINT('',(-1.79966554045677,15.,-7.93892085552216));
#12851=CARTESIAN_POINT('',(-1.55768170952797,15.,-8.16852867603302));
#12852=CARTESIAN_POINT('',(-1.68831452727318,15.,-8.06388556957245));
#12853=CARTESIAN_POINT('',(-1.41142502427101,15.,-8.24991703033447));
#12854=CARTESIAN_POINT('',(-1.55768170952797,15.,-8.16852867603302));
#12855=CARTESIAN_POINT('',(-1.253642141819,15.,-8.30577194690704));
#12856=CARTESIAN_POINT('',(-1.41142502427101,15.,-8.24991703033447));
#12857=CARTESIAN_POINT('',(-1.08875334262848,15.,-8.33452701568604));
#12858=CARTESIAN_POINT('',(-1.253642141819,15.,-8.30577194690704));
#12859=CARTESIAN_POINT('',(-0.921377912163734,15.,-8.33537876605988));
#12860=CARTESIAN_POINT('',(-1.08875334262848,15.,-8.33452701568604));
#12861=CARTESIAN_POINT('',(-0.756204128265381,15.,-8.30830097198486));
#12862=CARTESIAN_POINT('',(-0.921377912163734,15.,-8.33537876605988));
#12863=CARTESIAN_POINT('',(-0.597862564027309,15.,-8.25405299663544));
#12864=CARTESIAN_POINT('',(-0.756204128265381,15.,-8.30830097198486));
#12865=CARTESIAN_POINT('',(-1.95138350129128,15.,-11.3497996330261));
#12866=CARTESIAN_POINT('',(-0.597862564027309,15.,-8.25405299663544));
#12867=CARTESIAN_POINT('',(-3.42183381319046,15.,-14.3514657020569));
#12868=CARTESIAN_POINT('',(-1.95138350129128,15.,-11.3497996330261));
#12869=CARTESIAN_POINT('',(-5.0025886297226,15.,-17.2484612464905));
#12870=CARTESIAN_POINT('',(-3.42183381319046,15.,-14.3514657020569));
#12871=CARTESIAN_POINT('',(-6.69359624385834,15.,-20.0447201728821));
#12872=CARTESIAN_POINT('',(-5.0025886297226,15.,-17.2484612464905));
#12873=CARTESIAN_POINT('',(-8.49531173706055,15.,-22.7439069747925));
#12874=CARTESIAN_POINT('',(-6.69359624385834,15.,-20.0447201728821));
#12875=CARTESIAN_POINT('',(-10.3489291667938,15.,-25.2716135978699));
#12876=CARTESIAN_POINT('',(-8.49531173706055,15.,-22.7439069747925));
#12877=CARTESIAN_POINT('',(-10.3489291667938,15.,-25.2716135978699));
#12878=CARTESIAN_POINT('',(-8.12421441078186,15.,-15.0723159313202));
#12879=CARTESIAN_POINT('',(-8.0675345659256,15.,-15.2317762374878));
#12880=CARTESIAN_POINT('',(-8.12421441078186,15.,-15.0723159313202));
#12881=CARTESIAN_POINT('',(-7.98477590084076,15.,-15.3793966770172));
#12882=CARTESIAN_POINT('',(-8.0675345659256,15.,-15.2317762374878));
#12883=CARTESIAN_POINT('',(-7.87830948829651,15.,-15.5109477043152));
#12884=CARTESIAN_POINT('',(-7.98477590084076,15.,-15.3793966770172));
#12885=CARTESIAN_POINT('',(-7.75118470191956,15.,-15.622661113739));
#12886=CARTESIAN_POINT('',(-7.87830948829651,15.,-15.5109477043152));
#12887=CARTESIAN_POINT('',(-7.60704219341278,15.,-15.71133852005));
#12888=CARTESIAN_POINT('',(-7.75118470191956,15.,-15.622661113739));
#12889=CARTESIAN_POINT('',(-7.45001077651978,15.,-15.774439573288));
#12890=CARTESIAN_POINT('',(-7.60704219341278,15.,-15.71133852005));
#12891=CARTESIAN_POINT('',(-7.28458642959595,15.,-15.8101558685303));
#12892=CARTESIAN_POINT('',(-7.45001077651978,15.,-15.774439573288));
#12893=CARTESIAN_POINT('',(-7.11550951004028,15.,-15.8174657821655));
#12894=CARTESIAN_POINT('',(-7.28458642959595,15.,-15.8101558685303));
#12895=CARTESIAN_POINT('',(-6.94761991500854,15.,-15.7961595058441));
#12896=CARTESIAN_POINT('',(-7.11550951004028,15.,-15.8174657821655));
#12897=CARTESIAN_POINT('',(-6.78572833538055,15.,-15.7468485832214));
#12898=CARTESIAN_POINT('',(-6.94761991500854,15.,-15.7961595058441));
#12899=CARTESIAN_POINT('',(-6.63447022438049,15.,-15.6709432601929));
#12900=CARTESIAN_POINT('',(-6.78572833538055,15.,-15.7468485832214));
#12901=CARTESIAN_POINT('',(-6.49817645549774,15.,-15.5706191062927));
#12902=CARTESIAN_POINT('',(-6.63447022438049,15.,-15.6709432601929));
#12903=CARTESIAN_POINT('',(-6.38075351715088,15.,-15.4487490653992));
#12904=CARTESIAN_POINT('',(-6.49817645549774,15.,-15.5706191062927));
#12905=CARTESIAN_POINT('',(-6.28556311130524,15.,-15.3088223934174));
#12906=CARTESIAN_POINT('',(-6.38075351715088,15.,-15.4487490653992));
#12907=CARTESIAN_POINT('',(-4.75770056247711,15.,-12.4472498893738));
#12908=CARTESIAN_POINT('',(-6.28556311130524,15.,-15.3088223934174));
#12909=CARTESIAN_POINT('',(-3.40753048658371,15.,-9.63407158851624));
#12910=CARTESIAN_POINT('',(-4.75770056247711,15.,-12.4472498893738));
#12911=CARTESIAN_POINT('',(-3.12374919652939,15.,-9.00245308876038));
#12912=CARTESIAN_POINT('',(-3.40753048658371,15.,-9.63407158851624));
#12913=CARTESIAN_POINT('',(-3.07025760412216,15.,-8.8496333360672));
#12914=CARTESIAN_POINT('',(-3.12374919652939,15.,-9.00245308876038));
#12915=CARTESIAN_POINT('',(-3.04212987422943,15.,-8.69018375873566));
#12916=CARTESIAN_POINT('',(-3.07025760412216,15.,-8.8496333360672));
#12917=CARTESIAN_POINT('',(-3.04010331630707,15.,-8.52828621864319));
#12918=CARTESIAN_POINT('',(-3.04212987422943,15.,-8.69018375873566));
#12919=CARTESIAN_POINT('',(-3.06423008441925,15.,-8.36818218231201));
#12920=CARTESIAN_POINT('',(-3.04010331630707,15.,-8.52828621864319));
#12921=CARTESIAN_POINT('',(-3.11387717723846,15.,-8.214071393013));
#12922=CARTESIAN_POINT('',(-3.06423008441925,15.,-8.36818218231201));
#12923=CARTESIAN_POINT('',(-3.18774402141571,15.,-8.06999206542969));
#12924=CARTESIAN_POINT('',(-3.11387717723846,15.,-8.214071393013));
#12925=CARTESIAN_POINT('',(-3.28389555215836,15.,-7.93972194194794));
#12926=CARTESIAN_POINT('',(-3.18774402141571,15.,-8.06999206542969));
#12927=CARTESIAN_POINT('',(-3.39980810880661,15.,-7.82667636871338));
#12928=CARTESIAN_POINT('',(-3.28389555215836,15.,-7.93972194194794));
#12929=CARTESIAN_POINT('',(-3.53244513273239,15.,-7.7338182926178));
#12930=CARTESIAN_POINT('',(-3.39980810880661,15.,-7.82667636871338));
#12931=CARTESIAN_POINT('',(-3.6783292889595,15.,-7.66358256340027));
#12932=CARTESIAN_POINT('',(-3.53244513273239,15.,-7.7338182926178));
#12933=CARTESIAN_POINT('',(-6.79250657558441,15.,-6.54143393039703));
#12934=CARTESIAN_POINT('',(-3.6783292889595,15.,-7.66358256340027));
#12935=CARTESIAN_POINT('',(-9.73605334758759,15.,-5.62141120433807));
#12936=CARTESIAN_POINT('',(-6.79250657558441,15.,-6.54143393039703));
#12937=CARTESIAN_POINT('',(-10.3733813762665,15.,-5.43999373912811));
#12938=CARTESIAN_POINT('',(-9.73605334758759,15.,-5.62141120433807));
#12939=CARTESIAN_POINT('',(-10.5396354198456,15.,-5.40835976600647));
#12940=CARTESIAN_POINT('',(-10.3733813762665,15.,-5.43999373912811));
#12941=CARTESIAN_POINT('',(-10.7088422775269,15.,-5.40521383285522));
#12942=CARTESIAN_POINT('',(-10.5396354198456,15.,-5.40835976600647));
#12943=CARTESIAN_POINT('',(-10.876157283783,15.,-5.43064653873444));
#12944=CARTESIAN_POINT('',(-10.7088422775269,15.,-5.40521383285522));
#12945=CARTESIAN_POINT('',(-11.0367858409882,15.,-5.48392951488495));
#12946=CARTESIAN_POINT('',(-10.876157283783,15.,-5.43064653873444));
#12947=CARTESIAN_POINT('',(-11.1861312389374,15.,-5.56353509426117));
#12948=CARTESIAN_POINT('',(-11.0367858409882,15.,-5.48392951488495));
#12949=CARTESIAN_POINT('',(-11.3199126720428,15.,-5.66718518733978));
#12950=CARTESIAN_POINT('',(-11.1861312389374,15.,-5.56353509426117));
#12951=CARTESIAN_POINT('',(-11.4342999458313,15.,-5.79191148281097));
#12952=CARTESIAN_POINT('',(-11.3199126720428,15.,-5.66718518733978));
#12953=CARTESIAN_POINT('',(-11.5260171890259,15.,-5.93413889408112));
#12954=CARTESIAN_POINT('',(-11.4342999458313,15.,-5.79191148281097));
#12955=CARTESIAN_POINT('',(-11.5924382209778,15.,-6.08979642391205));
#12956=CARTESIAN_POINT('',(-11.5260171890259,15.,-5.93413889408112));
#12957=CARTESIAN_POINT('',(-11.63165807724,15.,-6.25442504882812));
#12958=CARTESIAN_POINT('',(-11.5924382209778,15.,-6.08979642391205));
#12959=CARTESIAN_POINT('',(-11.6425549983978,15.,-6.42331063747406));
#12960=CARTESIAN_POINT('',(-11.63165807724,15.,-6.25442504882812));
#12961=CARTESIAN_POINT('',(-11.6248166561127,15.,-6.59161508083344));
#12962=CARTESIAN_POINT('',(-11.6425549983978,15.,-6.42331063747406));
#12963=CARTESIAN_POINT('',(-11.5789520740509,15.,-6.75451755523682));
#12964=CARTESIAN_POINT('',(-11.6248166561127,15.,-6.59161508083344));
#12965=CARTESIAN_POINT('',(-11.5062737464905,15.,-6.90735340118408));
#12966=CARTESIAN_POINT('',(-11.5789520740509,15.,-6.75451755523682));
#12967=CARTESIAN_POINT('',(-11.4088642597198,15.,-7.04574525356293));
#12968=CARTESIAN_POINT('',(-11.5062737464905,15.,-6.90735340118408));
#12969=CARTESIAN_POINT('',(-10.3816223144531,15.,-8.4341949224472));
#12970=CARTESIAN_POINT('',(-11.4088642597198,15.,-7.04574525356293));
#12971=CARTESIAN_POINT('',(-9.53119099140167,15.,-9.93745267391205));
#12972=CARTESIAN_POINT('',(-10.3816223144531,15.,-8.4341949224472));
#12973=CARTESIAN_POINT('',(-8.87023866176605,15.,-11.5331208705902));
#12974=CARTESIAN_POINT('',(-9.53119099140167,15.,-9.93745267391205));
#12975=CARTESIAN_POINT('',(-8.40861320495605,15.,-13.1974291801453));
#12976=CARTESIAN_POINT('',(-8.87023866176605,15.,-11.5331208705902));
#12977=CARTESIAN_POINT('',(-8.15319359302521,15.,-14.9055790901184));
#12978=CARTESIAN_POINT('',(-8.40861320495605,15.,-13.1974291801453));
#12979=CARTESIAN_POINT('',(-8.15319359302521,15.,-14.9055790901184));
#12980=CARTESIAN_POINT('',(-29.4457316398621,15.,-29.2649722099304));
#12981=CARTESIAN_POINT('',(-29.536600112915,15.,-29.407742023468));
#12982=CARTESIAN_POINT('',(-29.4457316398621,15.,-29.2649722099304));
#12983=CARTESIAN_POINT('',(-29.6020936965942,15.,-29.5637917518616));
#12984=CARTESIAN_POINT('',(-29.536600112915,15.,-29.407742023468));
#12985=CARTESIAN_POINT('',(-29.6403336524963,15.,-29.7286510467529));
#12986=CARTESIAN_POINT('',(-29.6020936965942,15.,-29.5637917518616));
#12987=CARTESIAN_POINT('',(-29.6502280235291,15.,-29.8975968360901));
#12988=CARTESIAN_POINT('',(-29.6403336524963,15.,-29.7286510467529));
#12989=CARTESIAN_POINT('',(-29.6314907073975,15.,-30.0657916069031));
#12990=CARTESIAN_POINT('',(-29.6502280235291,15.,-29.8975968360901));
#12991=CARTESIAN_POINT('',(-29.5846605300903,15.,-30.2284169197083));
#12992=CARTESIAN_POINT('',(-29.6314907073975,15.,-30.0657916069031));
#12993=CARTESIAN_POINT('',(-29.5110750198364,15.,-30.3808188438416));
#12994=CARTESIAN_POINT('',(-29.5846605300903,15.,-30.2284169197083));
#12995=CARTESIAN_POINT('',(-27.7968096733093,15.,-33.1347727775574));
#12996=CARTESIAN_POINT('',(-29.5110750198364,15.,-30.3808188438416));
#12997=CARTESIAN_POINT('',(-26.0356116294861,15.,-35.7106447219849));
#12998=CARTESIAN_POINT('',(-27.7968096733093,15.,-33.1347727775574));
#12999=CARTESIAN_POINT('',(-25.6305050849915,15.,-36.2722134590149));
#13000=CARTESIAN_POINT('',(-26.0356116294861,15.,-35.7106447219849));
#13001=CARTESIAN_POINT('',(-25.5249047279358,15.,-36.3949465751648));
#13002=CARTESIAN_POINT('',(-25.6305050849915,15.,-36.2722134590149));
#13003=CARTESIAN_POINT('',(-25.4008841514587,15.,-36.4990305900574));
#13004=CARTESIAN_POINT('',(-25.5249047279358,15.,-36.3949465751648));
#13005=CARTESIAN_POINT('',(-25.2616882324219,15.,-36.5817379951477));
#13006=CARTESIAN_POINT('',(-25.4008841514587,15.,-36.4990305900574));
#13007=CARTESIAN_POINT('',(-25.1109719276428,15.,-36.6408967971802));
#13008=CARTESIAN_POINT('',(-25.2616882324219,15.,-36.5817379951477));
#13009=CARTESIAN_POINT('',(-24.9526834487915,15.,-36.6749548912048));
#13010=CARTESIAN_POINT('',(-25.1109719276428,15.,-36.6408967971802));
#13011=CARTESIAN_POINT('',(-24.7909712791443,15.,-36.6830229759216));
#13012=CARTESIAN_POINT('',(-24.9526834487915,15.,-36.6749548912048));
#13013=CARTESIAN_POINT('',(-24.630081653595,15.,-36.664891242981));
#13014=CARTESIAN_POINT('',(-24.7909712791443,15.,-36.6830229759216));
#13015=CARTESIAN_POINT('',(-24.4742250442505,15.,-36.6210293769836));
#13016=CARTESIAN_POINT('',(-24.630081653595,15.,-36.664891242981));
#13017=CARTESIAN_POINT('',(-24.3274879455566,15.,-36.5525889396667));
#13018=CARTESIAN_POINT('',(-24.4742250442505,15.,-36.6210293769836));
#13019=CARTESIAN_POINT('',(-24.1937208175659,15.,-36.4613699913025));
#13020=CARTESIAN_POINT('',(-24.3274879455566,15.,-36.5525889396667));
#13021=CARTESIAN_POINT('',(-21.664822101593,15.,-34.3254852294922));
#13022=CARTESIAN_POINT('',(-24.1937208175659,15.,-36.4613699913025));
#13023=CARTESIAN_POINT('',(-19.3962848186493,15.,-32.2363138198852));
#13024=CARTESIAN_POINT('',(-21.664822101593,15.,-34.3254852294922));
#13025=CARTESIAN_POINT('',(-18.9205098152161,15.,-31.7750787734985));
#13026=CARTESIAN_POINT('',(-19.3962848186493,15.,-32.2363138198852));
#13027=CARTESIAN_POINT('',(-18.809986114502,15.,-31.6469168663025));
#13028=CARTESIAN_POINT('',(-18.9205098152161,15.,-31.7750787734985));
#13029=CARTESIAN_POINT('',(-18.7226581573486,15.,-31.5019512176514));
#13030=CARTESIAN_POINT('',(-18.809986114502,15.,-31.6469168663025));
#13031=CARTESIAN_POINT('',(-18.661025762558,15.,-31.3443350791931));
#13032=CARTESIAN_POINT('',(-18.7226581573486,15.,-31.5019512176514));
#13033=CARTESIAN_POINT('',(-18.6268556118011,15.,-31.1785864830017));
#13034=CARTESIAN_POINT('',(-18.661025762558,15.,-31.3443350791931));
#13035=CARTESIAN_POINT('',(-18.6211240291595,15.,-31.0094451904297));
#13036=CARTESIAN_POINT('',(-18.6268556118011,15.,-31.1785864830017));
#13037=CARTESIAN_POINT('',(-18.6439979076385,15.,-30.8417630195618));
#13038=CARTESIAN_POINT('',(-18.6211240291595,15.,-31.0094451904297));
#13039=CARTESIAN_POINT('',(-18.6948192119598,15.,-30.6803393363953));
#13040=CARTESIAN_POINT('',(-18.6439979076385,15.,-30.8417630195618));
#13041=CARTESIAN_POINT('',(-18.7721335887909,15.,-30.5297923088074));
#13042=CARTESIAN_POINT('',(-18.6948192119598,15.,-30.6803393363953));
#13043=CARTESIAN_POINT('',(-18.8737285137176,15.,-30.3944444656372));
#13044=CARTESIAN_POINT('',(-18.7721335887909,15.,-30.5297923088074));
#13045=CARTESIAN_POINT('',(-18.9966893196106,15.,-30.2781653404236));
#13046=CARTESIAN_POINT('',(-18.8737285137176,15.,-30.3944444656372));
#13047=CARTESIAN_POINT('',(-19.1375005245209,15.,-30.1842856407166));
#13048=CARTESIAN_POINT('',(-18.9966893196106,15.,-30.2781653404236));
#13049=CARTESIAN_POINT('',(-19.2921245098114,15.,-30.1154923439026));
#13050=CARTESIAN_POINT('',(-19.1375005245209,15.,-30.1842856407166));
#13051=CARTESIAN_POINT('',(-19.4561350345612,15.,-30.0737619400024));
#13052=CARTESIAN_POINT('',(-19.2921245098114,15.,-30.1154923439026));
#13053=CARTESIAN_POINT('',(-19.6248340606689,15.,-30.0602865219116));
#13054=CARTESIAN_POINT('',(-19.4561350345612,15.,-30.0737619400024));
#13055=CARTESIAN_POINT('',(-19.7933900356293,15.,-30.0754499435425));
#13056=CARTESIAN_POINT('',(-19.6248340606689,15.,-30.0602865219116));
#13057=CARTESIAN_POINT('',(-21.5094447135925,15.,-30.2708411216736));
#13058=CARTESIAN_POINT('',(-19.7933900356293,15.,-30.0754499435425));
#13059=CARTESIAN_POINT('',(-23.236517906189,15.,-30.255708694458));
#13060=CARTESIAN_POINT('',(-21.5094447135925,15.,-30.2708411216736));
#13061=CARTESIAN_POINT('',(-24.9488830566406,15.,-30.0302767753601));
#13062=CARTESIAN_POINT('',(-23.236517906189,15.,-30.255708694458));
#13063=CARTESIAN_POINT('',(-26.6210293769836,15.,-29.5978999137878));
#13064=CARTESIAN_POINT('',(-24.9488830566406,15.,-30.0302767753601));
#13065=CARTESIAN_POINT('',(-28.2280421257019,15.,-28.9650249481201));
#13066=CARTESIAN_POINT('',(-26.6210293769836,15.,-29.5978999137878));
#13067=CARTESIAN_POINT('',(-28.386926651001,15.,-28.9067530632019));
#13068=CARTESIAN_POINT('',(-28.2280421257019,15.,-28.9650249481201));
#13069=CARTESIAN_POINT('',(-28.5533666610718,15.,-28.87610912323));
#13070=CARTESIAN_POINT('',(-28.386926651001,15.,-28.9067530632019));
#13071=CARTESIAN_POINT('',(-28.7225890159607,15.,-28.8739705085754));
#13072=CARTESIAN_POINT('',(-28.5533666610718,15.,-28.87610912323));
#13073=CARTESIAN_POINT('',(-28.8897490501404,15.,-28.9003968238831));
#13074=CARTESIAN_POINT('',(-28.7225890159607,15.,-28.8739705085754));
#13075=CARTESIAN_POINT('',(-29.0500569343567,15.,-28.9546346664429));
#13076=CARTESIAN_POINT('',(-28.8897490501404,15.,-28.9003968238831));
#13077=CARTESIAN_POINT('',(-29.1989231109619,15.,-29.0351271629333));
#13078=CARTESIAN_POINT('',(-29.0500569343567,15.,-28.9546346664429));
#13079=CARTESIAN_POINT('',(-29.3320870399475,15.,-29.1395688056946));
#13080=CARTESIAN_POINT('',(-29.1989231109619,15.,-29.0351271629333));
#13081=CARTESIAN_POINT('',(-29.3320870399475,15.,-29.1395688056946));
#13082=CARTESIAN_POINT('',(-37.6153492927551,15.,-10.5628573894501));
#13083=CARTESIAN_POINT('',(-37.4537968635559,15.,-11.2055063247681));
#13084=CARTESIAN_POINT('',(-37.6153492927551,15.,-10.5628573894501));
#13085=CARTESIAN_POINT('',(-37.3980689048767,15.,-11.3653028011322));
#13086=CARTESIAN_POINT('',(-37.4537968635559,15.,-11.2055063247681));
#13087=CARTESIAN_POINT('',(-37.3161888122559,15.,-11.5134131908417));
#13088=CARTESIAN_POINT('',(-37.3980689048767,15.,-11.3653028011322));
#13089=CARTESIAN_POINT('',(-37.2105026245117,15.,-11.6455960273743));
#13090=CARTESIAN_POINT('',(-37.3161888122559,15.,-11.5134131908417));
#13091=CARTESIAN_POINT('',(-37.0840454101562,15.,-11.758064031601));
#13092=CARTESIAN_POINT('',(-37.2105026245117,15.,-11.6455960273743));
#13093=CARTESIAN_POINT('',(-36.9404339790344,15.,-11.847597360611));
#13094=CARTESIAN_POINT('',(-37.0840454101562,15.,-11.758064031601));
#13095=CARTESIAN_POINT('',(-36.78377866745,15.,-11.9116306304932));
#13096=CARTESIAN_POINT('',(-36.9404339790344,15.,-11.847597360611));
#13097=CARTESIAN_POINT('',(-36.6185688972473,15.,-11.9483304023743));
#13098=CARTESIAN_POINT('',(-36.78377866745,15.,-11.9116306304932));
#13099=CARTESIAN_POINT('',(-36.4495396614075,15.,-11.9566464424133));
#13100=CARTESIAN_POINT('',(-36.6185688972473,15.,-11.9483304023743));
#13101=CARTESIAN_POINT('',(-36.2815260887146,15.,-11.9363391399384));
#13102=CARTESIAN_POINT('',(-36.4495396614075,15.,-11.9566464424133));
#13103=CARTESIAN_POINT('',(-36.1193442344665,15.,-11.8879890441895));
#13104=CARTESIAN_POINT('',(-36.2815260887146,15.,-11.9363391399384));
#13105=CARTESIAN_POINT('',(-35.9676337242126,15.,-11.8129849433899));
#13106=CARTESIAN_POINT('',(-36.1193442344665,15.,-11.8879890441895));
#13107=CARTESIAN_POINT('',(-35.8307456970215,15.,-11.7134702205658));
#13108=CARTESIAN_POINT('',(-35.9676337242126,15.,-11.8129849433899));
#13109=CARTESIAN_POINT('',(-35.7126021385193,15.,-11.5922999382019));
#13110=CARTESIAN_POINT('',(-35.8307456970215,15.,-11.7134702205658));
#13111=CARTESIAN_POINT('',(-35.6165814399719,15.,-11.4529407024384));
#13112=CARTESIAN_POINT('',(-35.7126021385193,15.,-11.5922999382019));
#13113=CARTESIAN_POINT('',(-35.5454325675964,15.,-11.2993848323822));
#13114=CARTESIAN_POINT('',(-35.6165814399719,15.,-11.4529407024384));
#13115=CARTESIAN_POINT('',(-34.8566246032715,15.,-9.71554279327393));
#13116=CARTESIAN_POINT('',(-35.5454325675964,15.,-11.2993848323822));
#13117=CARTESIAN_POINT('',(-33.9799809455872,15.,-8.22741806507111));
#13118=CARTESIAN_POINT('',(-34.8566246032715,15.,-9.71554279327393));
#13119=CARTESIAN_POINT('',(-32.9285669326782,15.,-6.85718297958374));
#13120=CARTESIAN_POINT('',(-33.9799809455872,15.,-8.22741806507111));
#13121=CARTESIAN_POINT('',(-31.7180466651917,15.,-5.62524974346161));
#13122=CARTESIAN_POINT('',(-32.9285669326782,15.,-6.85718297958374));
#13123=CARTESIAN_POINT('',(-30.3664565086365,15.,-4.54997450113297));
#13124=CARTESIAN_POINT('',(-31.7180466651917,15.,-5.62524974346161));
#13125=CARTESIAN_POINT('',(-30.2365469932556,15.,-4.44150984287262));
#13126=CARTESIAN_POINT('',(-30.3664565086365,15.,-4.54997450113297));
#13127=CARTESIAN_POINT('',(-30.1267886161804,15.,-4.31269228458405));
#13128=CARTESIAN_POINT('',(-30.2365469932556,15.,-4.44150984287262));
#13129=CARTESIAN_POINT('',(-30.0403261184692,15.,-4.16721105575562));
#13130=CARTESIAN_POINT('',(-30.1267886161804,15.,-4.31269228458405));
#13131=CARTESIAN_POINT('',(-29.9796319007874,15.,-4.00923401117325));
#13132=CARTESIAN_POINT('',(-30.0403261184692,15.,-4.16721105575562));
#13133=CARTESIAN_POINT('',(-29.946448802948,15.,-3.84328335523605));
#13134=CARTESIAN_POINT('',(-29.9796319007874,15.,-4.00923401117325));
#13135=CARTESIAN_POINT('',(-29.9417209625244,15.,-3.67411434650421));
#13136=CARTESIAN_POINT('',(-29.946448802948,15.,-3.84328335523605));
#13137=CARTESIAN_POINT('',(-29.9655914306641,15.,-3.50657016038895));
#13138=CARTESIAN_POINT('',(-29.9417209625244,15.,-3.67411434650421));
#13139=CARTESIAN_POINT('',(-30.0173735618591,15.,-3.3454504609108));
#13140=CARTESIAN_POINT('',(-29.9655914306641,15.,-3.50657016038895));
#13141=CARTESIAN_POINT('',(-30.095579624176,15.,-3.19537043571472));
#13142=CARTESIAN_POINT('',(-30.0173735618591,15.,-3.3454504609108));
#13143=CARTESIAN_POINT('',(-30.1979756355286,15.,-3.06062668561935));
#13144=CARTESIAN_POINT('',(-30.095579624176,15.,-3.19537043571472));
#13145=CARTESIAN_POINT('',(-30.321626663208,15.,-2.94508039951324));
#13146=CARTESIAN_POINT('',(-30.1979756355286,15.,-3.06062668561935));
#13147=CARTESIAN_POINT('',(-30.4629898071289,15.,-2.85203844308853));
#13148=CARTESIAN_POINT('',(-30.321626663208,15.,-2.94508039951324));
#13149=CARTESIAN_POINT('',(-30.6180214881897,15.,-2.78416842222214));
#13150=CARTESIAN_POINT('',(-30.4629898071289,15.,-2.85203844308853));
#13151=CARTESIAN_POINT('',(-30.7822751998901,15.,-2.74341195821762));
#13152=CARTESIAN_POINT('',(-30.6180214881897,15.,-2.78416842222214));
#13153=CARTESIAN_POINT('',(-30.9510493278503,15.,-2.73093789815903));
#13154=CARTESIAN_POINT('',(-30.7822751998901,15.,-2.74341195821762));
#13155=CARTESIAN_POINT('',(-34.1931772232056,15.,-2.83855587244034));
#13156=CARTESIAN_POINT('',(-30.9510493278503,15.,-2.73093789815903));
#13157=CARTESIAN_POINT('',(-37.3045468330383,15.,-3.07586312294006));
#13158=CARTESIAN_POINT('',(-34.1931772232056,15.,-2.83855587244034));
#13159=CARTESIAN_POINT('',(-37.9934310913086,15.,-3.14591079950333));
#13160=CARTESIAN_POINT('',(-37.3045468330383,15.,-3.07586312294006));
#13161=CARTESIAN_POINT('',(-38.1525278091431,15.,-3.1759962439537));
#13162=CARTESIAN_POINT('',(-37.9934310913086,15.,-3.14591079950333));
#13163=CARTESIAN_POINT('',(-38.3046770095825,15.,-3.23136150836945));
#13164=CARTESIAN_POINT('',(-38.1525278091431,15.,-3.1759962439537));
#13165=CARTESIAN_POINT('',(-38.445897102356,15.,-3.31055492162704));
#13166=CARTESIAN_POINT('',(-38.3046770095825,15.,-3.23136150836945));
#13167=CARTESIAN_POINT('',(-38.5724878311157,15.,-3.4115007519722));
#13168=CARTESIAN_POINT('',(-38.445897102356,15.,-3.31055492162704));
#13169=CARTESIAN_POINT('',(-38.6811256408691,15.,-3.5315528512001));
#13170=CARTESIAN_POINT('',(-38.5724878311157,15.,-3.4115007519722));
#13171=CARTESIAN_POINT('',(-38.7689709663391,15.,-3.66756319999695));
#13172=CARTESIAN_POINT('',(-38.6811256408691,15.,-3.5315528512001));
#13173=CARTESIAN_POINT('',(-38.8337135314941,15.,-3.81596654653549));
#13174=CARTESIAN_POINT('',(-38.7689709663391,15.,-3.66756319999695));
#13175=CARTESIAN_POINT('',(-38.8736581802368,15.,-3.97287338972092));
#13176=CARTESIAN_POINT('',(-38.8337135314941,15.,-3.81596654653549));
#13177=CARTESIAN_POINT('',(-38.8877558708191,15.,-4.13416862487793));
#13178=CARTESIAN_POINT('',(-38.8736581802368,15.,-3.97287338972092));
#13179=CARTESIAN_POINT('',(-38.8756418228149,15.,-4.29562658071518));
#13180=CARTESIAN_POINT('',(-38.8877558708191,15.,-4.13416862487793));
#13181=CARTESIAN_POINT('',(-38.2903599739075,15.,-7.55365788936615));
#13182=CARTESIAN_POINT('',(-38.8756418228149,15.,-4.29562658071518));
#13183=CARTESIAN_POINT('',(-38.2903599739075,15.,-7.55365788936615));
#13184=CARTESIAN_POINT('Origin',(-20.8598133735359,8.,-19.872460141778));
#13185=CARTESIAN_POINT('',(-9.98776137828827,8.,-18.799444437027));
#13186=CARTESIAN_POINT('',(-9.4149774312973,8.,-19.4373095035553));
#13187=CARTESIAN_POINT('',(-10.6456053256989,8.,-18.2497215270996));
#13188=CARTESIAN_POINT('',(-9.98776137828827,8.,-18.799444437027));
#13189=CARTESIAN_POINT('',(-11.3750791549683,8.,-17.7993643283844));
#13190=CARTESIAN_POINT('',(-10.6456053256989,8.,-18.2497215270996));
#13191=CARTESIAN_POINT('',(-11.3161814212799,8.,-17.3519933223724));
#13192=CARTESIAN_POINT('',(-11.3750791549683,8.,-17.7993643283844));
#13193=CARTESIAN_POINT('',(-10.4950034618378,8.,-17.1057832241058));
#13194=CARTESIAN_POINT('',(-11.3161814212799,8.,-17.3519933223724));
#13195=CARTESIAN_POINT('',(-9.71729576587677,8.,-16.7450547218323));
#13196=CARTESIAN_POINT('',(-10.4950034618378,8.,-17.1057832241058));
#13197=CARTESIAN_POINT('',(-9.71729576587677,8.,-16.7450547218323));
#13198=CARTESIAN_POINT('Origin',(-20.8598133735359,8.,-19.872460141778));
#13199=CARTESIAN_POINT('',(-9.48588311672211,8.,-19.7019326686859));
#13200=CARTESIAN_POINT('Origin',(-20.8598133735359,8.,-19.872460141778));
#13201=CARTESIAN_POINT('',(-11.0938251018524,8.,-21.8823337554932));
#13202=CARTESIAN_POINT('',(-10.7056510448456,8.,-22.6467108726501));
#13203=CARTESIAN_POINT('',(-11.5869748592377,8.,-21.1810803413391));
#13204=CARTESIAN_POINT('',(-11.0938251018524,8.,-21.8823337554932));
#13205=CARTESIAN_POINT('',(-12.1750319004059,8.,-20.557267665863));
#13206=CARTESIAN_POINT('',(-11.5869748592377,8.,-21.1810803413391));
#13207=CARTESIAN_POINT('',(-12.00235247612,8.,-20.1403832435608));
#13208=CARTESIAN_POINT('',(-12.1750319004059,8.,-20.557267665863));
#13209=CARTESIAN_POINT('',(-11.1454319953918,8.,-20.1150989532471));
#13210=CARTESIAN_POINT('',(-12.00235247612,8.,-20.1403832435608));
#13211=CARTESIAN_POINT('',(-10.3008604049683,8.,-19.9679470062256));
#13212=CARTESIAN_POINT('',(-11.1454319953918,8.,-20.1150989532471));
#13213=CARTESIAN_POINT('',(-10.3008604049683,8.,-19.9679470062256));
#13214=CARTESIAN_POINT('Origin',(-20.8598133735359,8.,-19.872460141778));
#13215=CARTESIAN_POINT('',(-10.8426296710968,8.,-22.8839659690857));
#13216=CARTESIAN_POINT('Origin',(-20.8598133735359,8.,-19.872460141778));
#13217=CARTESIAN_POINT('',(-12.9601120948792,8.,-24.5739054679871));
#13218=CARTESIAN_POINT('',(-12.7829992771149,8.,-25.4127049446106));
#13219=CARTESIAN_POINT('',(-13.2549607753754,8.,-23.7689113616943));
#13220=CARTESIAN_POINT('',(-12.9601120948792,8.,-24.5739054679871));
#13221=CARTESIAN_POINT('',(-13.6615252494812,8.,-23.0141520500183));
#13222=CARTESIAN_POINT('',(-13.2549607753754,8.,-23.7689113616943));
#13223=CARTESIAN_POINT('',(-13.3868312835693,8.,-22.6561665534973));
#13224=CARTESIAN_POINT('',(-13.6615252494812,8.,-23.0141520500183));
#13225=CARTESIAN_POINT('',(-12.5525653362274,8.,-22.8535342216492));
#13226=CARTESIAN_POINT('',(-13.3868312835693,8.,-22.6561665534973));
#13227=CARTESIAN_POINT('',(-11.6986882686615,8.,-22.9299855232239));
#13228=CARTESIAN_POINT('',(-12.5525653362274,8.,-22.8535342216492));
#13229=CARTESIAN_POINT('',(-11.6986882686615,8.,-22.9299855232239));
#13230=CARTESIAN_POINT('Origin',(-20.8598133735359,8.,-19.872460141778));
#13231=CARTESIAN_POINT('',(-12.9767167568207,8.,-25.6064224243164));
#13232=CARTESIAN_POINT('Origin',(-20.8598133735359,8.,-19.872460141778));
#13233=CARTESIAN_POINT('',(-15.4594361782074,8.,-26.6907358169556));
#13234=CARTESIAN_POINT('',(-15.5054557323456,8.,-27.5467944145203));
#13235=CARTESIAN_POINT('',(-15.5358910560608,8.,-25.8368563652039));
#13236=CARTESIAN_POINT('',(-15.4594361782074,8.,-26.6907358169556));
#13237=CARTESIAN_POINT('',(-15.733255147934,8.,-25.0025916099548));
#13238=CARTESIAN_POINT('',(-15.5358910560608,8.,-25.8368563652039));
#13239=CARTESIAN_POINT('',(-15.375269651413,8.,-24.727897644043));
#13240=CARTESIAN_POINT('',(-15.733255147934,8.,-25.0025916099548));
#13241=CARTESIAN_POINT('',(-14.6205115318298,8.,-25.1344633102417));
#13242=CARTESIAN_POINT('',(-15.375269651413,8.,-24.727897644043));
#13243=CARTESIAN_POINT('',(-13.8155162334442,8.,-25.429310798645));
#13244=CARTESIAN_POINT('',(-14.6205115318298,8.,-25.1344633102417));
#13245=CARTESIAN_POINT('',(-13.8155162334442,8.,-25.429310798645));
#13246=CARTESIAN_POINT('Origin',(-20.8598133735359,8.,-19.872460141778));
#13247=CARTESIAN_POINT('',(-15.7427108287811,8.,-27.6837730407715));
#13248=CARTESIAN_POINT('Origin',(-20.8598133735359,8.,-19.872460141778));
#13249=CARTESIAN_POINT('',(-18.4214746952057,8.,-28.0885624885559));
#13250=CARTESIAN_POINT('',(-18.6874902248383,8.,-28.9035391807556));
#13251=CARTESIAN_POINT('',(-18.2743227481842,8.,-27.2439908981323));
#13252=CARTESIAN_POINT('',(-18.4214746952057,8.,-28.0885624885559));
#13253=CARTESIAN_POINT('',(-18.2490384578705,8.,-26.3870692253113));
#13254=CARTESIAN_POINT('',(-18.2743227481842,8.,-27.2439908981323));
#13255=CARTESIAN_POINT('',(-17.8321552276611,8.,-26.2143898010254));
#13256=CARTESIAN_POINT('',(-18.2490384578705,8.,-26.3870692253113));
#13257=CARTESIAN_POINT('',(-17.2083413600922,8.,-26.8024468421936));
#13258=CARTESIAN_POINT('',(-17.8321552276611,8.,-26.2143898010254));
#13259=CARTESIAN_POINT('',(-16.5070879459381,8.,-27.2955965995789));
#13260=CARTESIAN_POINT('',(-17.2083413600922,8.,-26.8024468421936));
#13261=CARTESIAN_POINT('',(-16.5070879459381,8.,-27.2955965995789));
#13262=CARTESIAN_POINT('Origin',(-20.8598133735359,8.,-19.872460141778));
#13263=CARTESIAN_POINT('',(-18.952112197876,8.,-28.9744448661804));
#13264=CARTESIAN_POINT('Origin',(-20.8598133735359,8.,-19.872460141778));
#13265=CARTESIAN_POINT('',(-21.6443681716919,8.,-28.6721277236939));
#13266=CARTESIAN_POINT('',(-22.112250328064,8.,-29.3904852867126));
#13267=CARTESIAN_POINT('',(-21.2836384773254,8.,-27.8944182395935));
#13268=CARTESIAN_POINT('',(-21.6443681716919,8.,-28.6721277236939));
#13269=CARTESIAN_POINT('',(-21.0374307632446,8.,-27.0732402801514));
#13270=CARTESIAN_POINT('',(-21.2836384773254,8.,-27.8944182395935));
#13271=CARTESIAN_POINT('',(-20.5900573730469,8.,-27.0143437385559));
#13272=CARTESIAN_POINT('',(-21.0374307632446,8.,-27.0732402801514));
#13273=CARTESIAN_POINT('',(-20.1397013664246,8.,-27.7438163757324));
#13274=CARTESIAN_POINT('',(-20.5900573730469,8.,-27.0143437385559));
#13275=CARTESIAN_POINT('',(-19.5899772644043,8.,-28.4016609191895));
#13276=CARTESIAN_POINT('',(-20.1397013664246,8.,-27.7438163757324));
#13277=CARTESIAN_POINT('',(-19.5899772644043,8.,-28.4016609191895));
#13278=CARTESIAN_POINT('Origin',(-20.8598133735359,8.,-19.872460141778));
#13279=CARTESIAN_POINT('',(-22.3862075805664,8.,-29.3904852867126));
#13280=CARTESIAN_POINT('Origin',(-20.8598133735359,8.,-19.872460141778));
#13281=CARTESIAN_POINT('',(-24.9084806442261,8.,-28.4016609191895));
#13282=CARTESIAN_POINT('',(-25.5463457107544,8.,-28.9744448661804));
#13283=CARTESIAN_POINT('',(-24.3587589263916,8.,-27.7438163757324));
#13284=CARTESIAN_POINT('',(-24.9084806442261,8.,-28.4016609191895));
#13285=CARTESIAN_POINT('',(-23.9084029197693,8.,-27.0143437385559));
#13286=CARTESIAN_POINT('',(-24.3587589263916,8.,-27.7438163757324));
#13287=CARTESIAN_POINT('',(-23.4610295295715,8.,-27.0732402801514));
#13288=CARTESIAN_POINT('',(-23.9084029197693,8.,-27.0143437385559));
#13289=CARTESIAN_POINT('',(-23.2148194313049,8.,-27.8944182395935));
#13290=CARTESIAN_POINT('',(-23.4610295295715,8.,-27.0732402801514));
#13291=CARTESIAN_POINT('',(-22.8540921211243,8.,-28.6721277236939));
#13292=CARTESIAN_POINT('',(-23.2148194313049,8.,-27.8944182395935));
#13293=CARTESIAN_POINT('',(-22.8540921211243,8.,-28.6721277236939));
#13294=CARTESIAN_POINT('Origin',(-20.8598133735359,8.,-19.872460141778));
#13295=CARTESIAN_POINT('',(-25.810968875885,8.,-28.9035391807556));
#13296=CARTESIAN_POINT('Origin',(-20.8598133735359,8.,-19.872460141778));
#13297=CARTESIAN_POINT('',(-27.9913711547852,8.,-27.2955965995789));
#13298=CARTESIAN_POINT('',(-28.7557482719421,8.,-27.6837730407715));
#13299=CARTESIAN_POINT('',(-27.2901177406311,8.,-26.8024468421936));
#13300=CARTESIAN_POINT('',(-27.9913711547852,8.,-27.2955965995789));
#13301=CARTESIAN_POINT('',(-26.666305065155,8.,-26.2143898010254));
#13302=CARTESIAN_POINT('',(-27.2901177406311,8.,-26.8024468421936));
#13303=CARTESIAN_POINT('',(-26.249418258667,8.,-26.3870692253113));
#13304=CARTESIAN_POINT('',(-26.666305065155,8.,-26.2143898010254));
#13305=CARTESIAN_POINT('',(-26.2241363525391,8.,-27.2439908981323));
#13306=CARTESIAN_POINT('',(-26.249418258667,8.,-26.3870692253113));
#13307=CARTESIAN_POINT('',(-26.0769844055176,8.,-28.0885624885559));
#13308=CARTESIAN_POINT('',(-26.2241363525391,8.,-27.2439908981323));
#13309=CARTESIAN_POINT('',(-26.0769844055176,8.,-28.0885624885559));
#13310=CARTESIAN_POINT('Origin',(-20.8598133735359,8.,-19.872460141778));
#13311=CARTESIAN_POINT('',(-28.9930033683777,8.,-27.5467944145203));
#13312=CARTESIAN_POINT('Origin',(-20.8598133735359,8.,-19.872460141778));
#13313=CARTESIAN_POINT('',(-30.6829428672791,8.,-25.429310798645));
#13314=CARTESIAN_POINT('',(-31.5217423439026,8.,-25.6064224243164));
#13315=CARTESIAN_POINT('',(-29.8779463768005,8.,-25.1344633102417));
#13316=CARTESIAN_POINT('',(-30.6829428672791,8.,-25.429310798645));
#13317=CARTESIAN_POINT('',(-29.1231894493103,8.,-24.727897644043));
#13318=CARTESIAN_POINT('',(-29.8779463768005,8.,-25.1344633102417));
#13319=CARTESIAN_POINT('',(-28.7652039527893,8.,-25.0025916099548));
#13320=CARTESIAN_POINT('',(-29.1231894493103,8.,-24.727897644043));
#13321=CARTESIAN_POINT('',(-28.9625692367554,8.,-25.8368563652039));
#13322=CARTESIAN_POINT('',(-28.7652039527893,8.,-25.0025916099548));
#13323=CARTESIAN_POINT('',(-29.0390229225159,8.,-26.6907358169556));
#13324=CARTESIAN_POINT('',(-28.9625692367554,8.,-25.8368563652039));
#13325=CARTESIAN_POINT('',(-29.0390229225159,8.,-26.6907358169556));
#13326=CARTESIAN_POINT('Origin',(-20.8598133735359,8.,-19.872460141778));
#13327=CARTESIAN_POINT('',(-31.7154598236084,8.,-25.4127049446106));
#13328=CARTESIAN_POINT('Origin',(-20.8598133735359,8.,-19.872460141778));
#13329=CARTESIAN_POINT('',(-32.7997708320618,8.,-22.9299855232239));
#13330=CARTESIAN_POINT('',(-33.6558318138123,8.,-22.8839659690857));
#13331=CARTESIAN_POINT('',(-31.9458937644958,8.,-22.8535342216492));
#13332=CARTESIAN_POINT('',(-32.7997708320618,8.,-22.9299855232239));
#13333=CARTESIAN_POINT('',(-31.1116290092468,8.,-22.6561665534973));
#13334=CARTESIAN_POINT('',(-31.9458937644958,8.,-22.8535342216492));
#13335=CARTESIAN_POINT('',(-30.8369326591492,8.,-23.0141520500183));
#13336=CARTESIAN_POINT('',(-31.1116290092468,8.,-22.6561665534973));
#13337=CARTESIAN_POINT('',(-31.2434983253479,8.,-23.7689113616943));
#13338=CARTESIAN_POINT('',(-30.8369326591492,8.,-23.0141520500183));
#13339=CARTESIAN_POINT('',(-31.538348197937,8.,-24.5739054679871));
#13340=CARTESIAN_POINT('',(-31.2434983253479,8.,-23.7689113616943));
#13341=CARTESIAN_POINT('',(-31.538348197937,8.,-24.5739054679871));
#13342=CARTESIAN_POINT('Origin',(-20.8598133735359,8.,-19.872460141778));
#13343=CARTESIAN_POINT('',(-33.7928080558777,8.,-22.6467108726501));
#13344=CARTESIAN_POINT('Origin',(-20.8598133735359,8.,-19.872460141778));
#13345=CARTESIAN_POINT('',(-34.1975975036621,8.,-19.9679470062256));
#13346=CARTESIAN_POINT('',(-35.0125765800476,8.,-19.7019326686859));
#13347=CARTESIAN_POINT('',(-33.3530282974243,8.,-20.1150989532471));
#13348=CARTESIAN_POINT('',(-34.1975975036621,8.,-19.9679470062256));
#13349=CARTESIAN_POINT('',(-32.4961066246033,8.,-20.1403832435608));
#13350=CARTESIAN_POINT('',(-33.3530282974243,8.,-20.1150989532471));
#13351=CARTESIAN_POINT('',(-32.3234248161316,8.,-20.557267665863));
#13352=CARTESIAN_POINT('',(-32.4961066246033,8.,-20.1403832435608));
#13353=CARTESIAN_POINT('',(-32.9114842414856,8.,-21.1810803413391));
#13354=CARTESIAN_POINT('',(-32.3234248161316,8.,-20.557267665863));
#13355=CARTESIAN_POINT('',(-33.4046339988708,8.,-21.8823337554932));
#13356=CARTESIAN_POINT('',(-32.9114842414856,8.,-21.1810803413391));
#13357=CARTESIAN_POINT('',(-33.4046339988708,8.,-21.8823337554932));
#13358=CARTESIAN_POINT('Origin',(-20.8598133735359,8.,-19.872460141778));
#13359=CARTESIAN_POINT('',(-35.0834822654724,8.,-19.4373095035553));
#13360=CARTESIAN_POINT('Origin',(-20.8598133735359,8.,-19.872460141778));
#13361=CARTESIAN_POINT('',(-34.7811627388,8.,-16.7450547218323));
#13362=CARTESIAN_POINT('',(-35.4995226860046,8.,-16.2771725654602));
#13363=CARTESIAN_POINT('',(-34.0034556388855,8.,-17.1057832241058));
#13364=CARTESIAN_POINT('',(-34.7811627388,8.,-16.7450547218323));
#13365=CARTESIAN_POINT('',(-33.1822776794434,8.,-17.3519933223724));
#13366=CARTESIAN_POINT('',(-34.0034556388855,8.,-17.1057832241058));
#13367=CARTESIAN_POINT('',(-33.1233787536621,8.,-17.7993643283844));
#13368=CARTESIAN_POINT('',(-33.1822776794434,8.,-17.3519933223724));
#13369=CARTESIAN_POINT('',(-33.8528561592102,8.,-18.2497215270996));
#13370=CARTESIAN_POINT('',(-33.1233787536621,8.,-17.7993643283844));
#13371=CARTESIAN_POINT('',(-34.5106959342956,8.,-18.799444437027));
#13372=CARTESIAN_POINT('',(-33.8528561592102,8.,-18.2497215270996));
#13373=CARTESIAN_POINT('',(-34.5106959342956,8.,-18.799444437027));
#13374=CARTESIAN_POINT('Origin',(-20.8598133735359,8.,-19.872460141778));
#13375=CARTESIAN_POINT('',(-35.4995226860046,8.,-16.0032141208649));
#13376=CARTESIAN_POINT('Origin',(-20.8598133735359,8.,-19.872460141778));
#13377=CARTESIAN_POINT('',(-34.5106959342956,8.,-13.4809422492981));
#13378=CARTESIAN_POINT('',(-35.0834822654724,8.,-12.8430771827698));
#13379=CARTESIAN_POINT('',(-33.8528561592102,8.,-14.0306639671326));
#13380=CARTESIAN_POINT('',(-34.5106959342956,8.,-13.4809422492981));
#13381=CARTESIAN_POINT('',(-33.1233787536621,8.,-14.4810211658478));
#13382=CARTESIAN_POINT('',(-33.8528561592102,8.,-14.0306639671326));
#13383=CARTESIAN_POINT('',(-33.1822776794434,8.,-14.9283921718597));
#13384=CARTESIAN_POINT('',(-33.1233787536621,8.,-14.4810211658478));
#13385=CARTESIAN_POINT('',(-34.0034556388855,8.,-15.1746022701263));
#13386=CARTESIAN_POINT('',(-33.1822776794434,8.,-14.9283921718597));
#13387=CARTESIAN_POINT('',(-34.7811627388,8.,-15.5353307723999));
#13388=CARTESIAN_POINT('',(-34.0034556388855,8.,-15.1746022701263));
#13389=CARTESIAN_POINT('',(-34.7811627388,8.,-15.5353307723999));
#13390=CARTESIAN_POINT('Origin',(-20.8598133735359,8.,-19.872460141778));
#13391=CARTESIAN_POINT('',(-35.0125765800476,8.,-12.5784528255463));
#13392=CARTESIAN_POINT('Origin',(-20.8598133735359,8.,-19.872460141778));
#13393=CARTESIAN_POINT('',(-33.4046339988708,8.,-10.398051738739));
#13394=CARTESIAN_POINT('',(-33.7928080558777,8.,-9.63367462158203));
#13395=CARTESIAN_POINT('',(-32.9114842414856,8.,-11.0993051528931));
#13396=CARTESIAN_POINT('',(-33.4046339988708,8.,-10.398051738739));
#13397=CARTESIAN_POINT('',(-32.3234248161316,8.,-11.723119020462));
#13398=CARTESIAN_POINT('',(-32.9114842414856,8.,-11.0993051528931));
#13399=CARTESIAN_POINT('',(-32.4961066246033,8.,-12.1400034427643));
#13400=CARTESIAN_POINT('',(-32.3234248161316,8.,-11.723119020462));
#13401=CARTESIAN_POINT('',(-33.3530282974243,8.,-12.165287733078));
#13402=CARTESIAN_POINT('',(-32.4961066246033,8.,-12.1400034427643));
#13403=CARTESIAN_POINT('',(-34.1975975036621,8.,-12.3124384880066));
#13404=CARTESIAN_POINT('',(-33.3530282974243,8.,-12.165287733078));
#13405=CARTESIAN_POINT('',(-34.1975975036621,8.,-12.3124384880066));
#13406=CARTESIAN_POINT('Origin',(-20.8598133735359,8.,-19.872460141778));
#13407=CARTESIAN_POINT('',(-33.6558318138123,8.,-9.39641952514648));
#13408=CARTESIAN_POINT('Origin',(-20.8598133735359,8.,-19.872460141778));
#13409=CARTESIAN_POINT('',(-31.538348197937,8.,-7.70647943019867));
#13410=CARTESIAN_POINT('',(-31.7154598236084,8.,-6.86768054962158));
#13411=CARTESIAN_POINT('',(-31.2434983253479,8.,-8.51147472858429));
#13412=CARTESIAN_POINT('',(-31.538348197937,8.,-7.70647943019867));
#13413=CARTESIAN_POINT('',(-30.8369326591492,8.,-9.26623284816742));
#13414=CARTESIAN_POINT('',(-31.2434983253479,8.,-8.51147472858429));
#13415=CARTESIAN_POINT('',(-31.1116290092468,8.,-9.62421894073486));
#13416=CARTESIAN_POINT('',(-30.8369326591492,8.,-9.26623284816742));
#13417=CARTESIAN_POINT('',(-31.9458937644958,8.,-9.42685306072235));
#13418=CARTESIAN_POINT('',(-31.1116290092468,8.,-9.62421894073486));
#13419=CARTESIAN_POINT('',(-32.7997708320618,8.,-9.3503999710083));
#13420=CARTESIAN_POINT('',(-31.9458937644958,8.,-9.42685306072235));
#13421=CARTESIAN_POINT('',(-32.7997708320618,8.,-9.3503999710083));
#13422=CARTESIAN_POINT('Origin',(-20.8598133735359,8.,-19.872460141778));
#13423=CARTESIAN_POINT('',(-31.5217423439026,8.,-6.67396247386932));
#13424=CARTESIAN_POINT('Origin',(-20.8598133735359,8.,-19.872460141778));
#13425=CARTESIAN_POINT('',(-29.0390229225159,8.,-5.58965146541595));
#13426=CARTESIAN_POINT('',(-28.9930033683777,8.,-4.73359316587448));
#13427=CARTESIAN_POINT('',(-28.9625692367554,8.,-6.44352972507477));
#13428=CARTESIAN_POINT('',(-29.0390229225159,8.,-5.58965146541595));
#13429=CARTESIAN_POINT('',(-28.7652039527893,8.,-7.27779567241669));
#13430=CARTESIAN_POINT('',(-28.9625692367554,8.,-6.44352972507477));
#13431=CARTESIAN_POINT('',(-29.1231894493103,8.,-7.5524890422821));
#13432=CARTESIAN_POINT('',(-28.7652039527893,8.,-7.27779567241669));
#13433=CARTESIAN_POINT('',(-29.8779463768005,8.,-7.14592397212982));
#13434=CARTESIAN_POINT('',(-29.1231894493103,8.,-7.5524890422821));
#13435=CARTESIAN_POINT('',(-30.6829428672791,8.,-6.85107529163361));
#13436=CARTESIAN_POINT('',(-29.8779463768005,8.,-7.14592397212982));
#13437=CARTESIAN_POINT('',(-30.6829428672791,8.,-6.85107529163361));
#13438=CARTESIAN_POINT('Origin',(-20.8598133735359,8.,-19.872460141778));
#13439=CARTESIAN_POINT('',(-28.7557482719421,8.,-4.59661334753036));
#13440=CARTESIAN_POINT('Origin',(-20.8598133735359,8.,-19.872460141778));
#13441=CARTESIAN_POINT('',(-26.0769844055176,8.,-4.19182449579239));
#13442=CARTESIAN_POINT('',(-25.810968875885,8.,-3.37684631347656));
#13443=CARTESIAN_POINT('',(-26.2241363525391,8.,-5.0363951921463));
#13444=CARTESIAN_POINT('',(-26.0769844055176,8.,-4.19182449579239));
#13445=CARTESIAN_POINT('',(-26.249418258667,8.,-5.8933162689209));
#13446=CARTESIAN_POINT('',(-26.2241363525391,8.,-5.0363951921463));
#13447=CARTESIAN_POINT('',(-26.666305065155,8.,-6.06599509716034));
#13448=CARTESIAN_POINT('',(-26.249418258667,8.,-5.8933162689209));
#13449=CARTESIAN_POINT('',(-27.2901177406311,8.,-5.47793865203857));
#13450=CARTESIAN_POINT('',(-26.666305065155,8.,-6.06599509716034));
#13451=CARTESIAN_POINT('',(-27.9913711547852,8.,-4.9847885966301));
#13452=CARTESIAN_POINT('',(-27.2901177406311,8.,-5.47793865203857));
#13453=CARTESIAN_POINT('',(-27.9913711547852,8.,-4.9847885966301));
#13454=CARTESIAN_POINT('Origin',(-20.8598133735359,8.,-19.872460141778));
#13455=CARTESIAN_POINT('',(-25.5463457107544,8.,-3.30594092607498));
#13456=CARTESIAN_POINT('Origin',(-20.8598133735359,8.,-19.872460141778));
#13457=CARTESIAN_POINT('',(-22.8540921211243,8.,-3.60825955867767));
#13458=CARTESIAN_POINT('',(-22.3862075805664,8.,-2.88990050554276));
#13459=CARTESIAN_POINT('',(-23.2148194313049,8.,-4.38596576452255));
#13460=CARTESIAN_POINT('',(-22.8540921211243,8.,-3.60825955867767));
#13461=CARTESIAN_POINT('',(-23.4610295295715,8.,-5.20714461803436));
#13462=CARTESIAN_POINT('',(-23.2148194313049,8.,-4.38596576452255));
#13463=CARTESIAN_POINT('',(-23.9084029197693,8.,-5.26604235172272));
#13464=CARTESIAN_POINT('',(-23.4610295295715,8.,-5.20714461803436));
#13465=CARTESIAN_POINT('',(-24.3587589263916,8.,-4.53656822443008));
#13466=CARTESIAN_POINT('',(-23.9084029197693,8.,-5.26604235172272));
#13467=CARTESIAN_POINT('',(-24.9084806442261,8.,-3.87872487306595));
#13468=CARTESIAN_POINT('',(-24.3587589263916,8.,-4.53656822443008));
#13469=CARTESIAN_POINT('',(-24.9084806442261,8.,-3.87872487306595));
#13470=CARTESIAN_POINT('Origin',(-20.8598133735359,8.,-19.872460141778));
#13471=CARTESIAN_POINT('',(-22.112250328064,8.,-2.88990050554276));
#13472=CARTESIAN_POINT('Origin',(-20.8598133735359,8.,-19.872460141778));
#13473=CARTESIAN_POINT('',(-19.5899772644043,8.,-3.87872487306595));
#13474=CARTESIAN_POINT('',(-18.952112197876,8.,-3.30594092607498));
#13475=CARTESIAN_POINT('',(-20.1397013664246,8.,-4.53656822443008));
#13476=CARTESIAN_POINT('',(-19.5899772644043,8.,-3.87872487306595));
#13477=CARTESIAN_POINT('',(-20.5900573730469,8.,-5.26604235172272));
#13478=CARTESIAN_POINT('',(-20.1397013664246,8.,-4.53656822443008));
#13479=CARTESIAN_POINT('',(-21.0374307632446,8.,-5.20714461803436));
#13480=CARTESIAN_POINT('',(-20.5900573730469,8.,-5.26604235172272));
#13481=CARTESIAN_POINT('',(-21.2836384773254,8.,-4.38596576452255));
#13482=CARTESIAN_POINT('',(-21.0374307632446,8.,-5.20714461803436));
#13483=CARTESIAN_POINT('',(-21.6443681716919,8.,-3.60825955867767));
#13484=CARTESIAN_POINT('',(-21.2836384773254,8.,-4.38596576452255));
#13485=CARTESIAN_POINT('',(-21.6443681716919,8.,-3.60825955867767));
#13486=CARTESIAN_POINT('Origin',(-20.8598133735359,8.,-19.872460141778));
#13487=CARTESIAN_POINT('',(-18.6874902248383,8.,-3.37684631347656));
#13488=CARTESIAN_POINT('Origin',(-20.8598133735359,8.,-19.872460141778));
#13489=CARTESIAN_POINT('',(-16.5070879459381,8.,-4.9847885966301));
#13490=CARTESIAN_POINT('',(-15.7427108287811,8.,-4.59661334753036));
#13491=CARTESIAN_POINT('',(-17.2083413600922,8.,-5.47793865203857));
#13492=CARTESIAN_POINT('',(-16.5070879459381,8.,-4.9847885966301));
#13493=CARTESIAN_POINT('',(-17.8321552276611,8.,-6.06599509716034));
#13494=CARTESIAN_POINT('',(-17.2083413600922,8.,-5.47793865203857));
#13495=CARTESIAN_POINT('',(-18.2490384578705,8.,-5.8933162689209));
#13496=CARTESIAN_POINT('',(-17.8321552276611,8.,-6.06599509716034));
#13497=CARTESIAN_POINT('',(-18.2743227481842,8.,-5.0363951921463));
#13498=CARTESIAN_POINT('',(-18.2490384578705,8.,-5.8933162689209));
#13499=CARTESIAN_POINT('',(-18.4214746952057,8.,-4.19182449579239));
#13500=CARTESIAN_POINT('',(-18.2743227481842,8.,-5.0363951921463));
#13501=CARTESIAN_POINT('',(-18.4214746952057,8.,-4.19182449579239));
#13502=CARTESIAN_POINT('Origin',(-20.8598133735359,8.,-19.872460141778));
#13503=CARTESIAN_POINT('',(-15.5054557323456,8.,-4.73359316587448));
#13504=CARTESIAN_POINT('Origin',(-20.8598133735359,8.,-19.872460141778));
#13505=CARTESIAN_POINT('',(-13.8155162334442,8.,-6.85107529163361));
#13506=CARTESIAN_POINT('',(-12.9767167568207,8.,-6.67396247386932));
#13507=CARTESIAN_POINT('',(-14.6205115318298,8.,-7.14592397212982));
#13508=CARTESIAN_POINT('',(-13.8155162334442,8.,-6.85107529163361));
#13509=CARTESIAN_POINT('',(-15.375269651413,8.,-7.5524890422821));
#13510=CARTESIAN_POINT('',(-14.6205115318298,8.,-7.14592397212982));
#13511=CARTESIAN_POINT('',(-15.733255147934,8.,-7.27779567241669));
#13512=CARTESIAN_POINT('',(-15.375269651413,8.,-7.5524890422821));
#13513=CARTESIAN_POINT('',(-15.5358910560608,8.,-6.44352972507477));
#13514=CARTESIAN_POINT('',(-15.733255147934,8.,-7.27779567241669));
#13515=CARTESIAN_POINT('',(-15.4594361782074,8.,-5.58965146541595));
#13516=CARTESIAN_POINT('',(-15.5358910560608,8.,-6.44352972507477));
#13517=CARTESIAN_POINT('',(-15.4594361782074,8.,-5.58965146541595));
#13518=CARTESIAN_POINT('Origin',(-20.8598133735359,8.,-19.872460141778));
#13519=CARTESIAN_POINT('',(-12.7829992771149,8.,-6.86768054962158));
#13520=CARTESIAN_POINT('Origin',(-20.8598133735359,8.,-19.872460141778));
#13521=CARTESIAN_POINT('',(-11.6986882686615,8.,-9.3503999710083));
#13522=CARTESIAN_POINT('',(-10.8426296710968,8.,-9.39641952514648));
#13523=CARTESIAN_POINT('',(-12.5525653362274,8.,-9.42685306072235));
#13524=CARTESIAN_POINT('',(-11.6986882686615,8.,-9.3503999710083));
#13525=CARTESIAN_POINT('',(-13.3868312835693,8.,-9.62421894073486));
#13526=CARTESIAN_POINT('',(-12.5525653362274,8.,-9.42685306072235));
#13527=CARTESIAN_POINT('',(-13.6615252494812,8.,-9.26623284816742));
#13528=CARTESIAN_POINT('',(-13.3868312835693,8.,-9.62421894073486));
#13529=CARTESIAN_POINT('',(-13.2549607753754,8.,-8.51147472858429));
#13530=CARTESIAN_POINT('',(-13.6615252494812,8.,-9.26623284816742));
#13531=CARTESIAN_POINT('',(-12.9601120948792,8.,-7.70647943019867));
#13532=CARTESIAN_POINT('',(-13.2549607753754,8.,-8.51147472858429));
#13533=CARTESIAN_POINT('',(-12.9601120948792,8.,-7.70647943019867));
#13534=CARTESIAN_POINT('Origin',(-20.8598133735359,8.,-19.872460141778));
#13535=CARTESIAN_POINT('',(-10.7056510448456,8.,-9.63367462158203));
#13536=CARTESIAN_POINT('Origin',(-20.8598133735359,8.,-19.872460141778));
#13537=CARTESIAN_POINT('',(-10.3008604049683,8.,-12.3124384880066));
#13538=CARTESIAN_POINT('',(-9.48588311672211,8.,-12.5784528255463));
#13539=CARTESIAN_POINT('',(-11.1454319953918,8.,-12.165287733078));
#13540=CARTESIAN_POINT('',(-10.3008604049683,8.,-12.3124384880066));
#13541=CARTESIAN_POINT('',(-12.00235247612,8.,-12.1400034427643));
#13542=CARTESIAN_POINT('',(-11.1454319953918,8.,-12.165287733078));
#13543=CARTESIAN_POINT('',(-12.1750319004059,8.,-11.723119020462));
#13544=CARTESIAN_POINT('',(-12.00235247612,8.,-12.1400034427643));
#13545=CARTESIAN_POINT('',(-11.5869748592377,8.,-11.0993051528931));
#13546=CARTESIAN_POINT('',(-12.1750319004059,8.,-11.723119020462));
#13547=CARTESIAN_POINT('',(-11.0938251018524,8.,-10.398051738739));
#13548=CARTESIAN_POINT('',(-11.5869748592377,8.,-11.0993051528931));
#13549=CARTESIAN_POINT('',(-11.0938251018524,8.,-10.398051738739));
#13550=CARTESIAN_POINT('Origin',(-20.8598133735359,8.,-19.872460141778));
#13551=CARTESIAN_POINT('',(-9.4149774312973,8.,-12.8430771827698));
#13552=CARTESIAN_POINT('Origin',(-20.8598133735359,8.,-19.872460141778));
#13553=CARTESIAN_POINT('',(-9.71729576587677,8.,-15.5353307723999));
#13554=CARTESIAN_POINT('',(-8.99893701076508,8.,-16.0032141208649));
#13555=CARTESIAN_POINT('',(-10.4950034618378,8.,-15.1746022701263));
#13556=CARTESIAN_POINT('',(-9.71729576587677,8.,-15.5353307723999));
#13557=CARTESIAN_POINT('',(-11.3161814212799,8.,-14.9283921718597));
#13558=CARTESIAN_POINT('',(-10.4950034618378,8.,-15.1746022701263));
#13559=CARTESIAN_POINT('',(-11.3750791549683,8.,-14.4810211658478));
#13560=CARTESIAN_POINT('',(-11.3161814212799,8.,-14.9283921718597));
#13561=CARTESIAN_POINT('',(-10.6456053256989,8.,-14.0306639671326));
#13562=CARTESIAN_POINT('',(-11.3750791549683,8.,-14.4810211658478));
#13563=CARTESIAN_POINT('',(-9.98776137828827,8.,-13.4809422492981));
#13564=CARTESIAN_POINT('',(-10.6456053256989,8.,-14.0306639671326));
#13565=CARTESIAN_POINT('',(-9.98776137828827,8.,-13.4809422492981));
#13566=CARTESIAN_POINT('Origin',(-20.8598133735359,8.,-19.872460141778));
#13567=CARTESIAN_POINT('',(-8.99893701076508,8.,-16.2771725654602));
#13568=CARTESIAN_POINT('Origin',(-18.2490384578705,0.,-5.8933162689209));
#13569=CARTESIAN_POINT('',(-18.2490384578705,0.,-5.8933162689209));
#13570=CARTESIAN_POINT('',(-18.2743227481842,0.,-5.0363951921463));
#13571=CARTESIAN_POINT('',(-18.2490384578705,0.,-5.8933162689209));
#13572=CARTESIAN_POINT('',(-18.2743227481842,0.,-5.0363951921463));
#13573=CARTESIAN_POINT('',(-18.2490384578705,0.,-5.8933162689209));
#13574=CARTESIAN_POINT('Origin',(-17.8321552276611,0.,-6.06599509716034));
#13575=CARTESIAN_POINT('',(-17.8321552276611,0.,-6.06599509716034));
#13576=CARTESIAN_POINT('',(-17.8321552276611,0.,-6.06599509716034));
#13577=CARTESIAN_POINT('',(-17.8321552276611,0.,-6.06599509716034));
#13578=CARTESIAN_POINT('Origin',(-17.2083413600922,0.,-5.47793865203857));
#13579=CARTESIAN_POINT('',(-17.2083413600922,0.,-5.47793865203857));
#13580=CARTESIAN_POINT('',(-17.2083413600922,0.,-5.47793865203857));
#13581=CARTESIAN_POINT('',(-17.2083413600922,0.,-5.47793865203857));
#13582=CARTESIAN_POINT('Origin',(-16.5070879459381,0.,-4.9847885966301));
#13583=CARTESIAN_POINT('',(-16.5070879459381,0.,-4.9847885966301));
#13584=CARTESIAN_POINT('',(-16.5070879459381,0.,-4.9847885966301));
#13585=CARTESIAN_POINT('',(-16.5070879459381,0.,-4.9847885966301));
#13586=CARTESIAN_POINT('Origin',(-15.7427108287811,0.,-4.59661334753036));
#13587=CARTESIAN_POINT('',(-15.7427108287811,0.,-4.59661334753036));
#13588=CARTESIAN_POINT('',(-15.7427108287811,0.,-4.59661334753036));
#13589=CARTESIAN_POINT('',(-15.7427108287811,0.,-4.59661334753036));
#13590=CARTESIAN_POINT('Origin',(-15.5054557323456,0.,-4.73359316587448));
#13591=CARTESIAN_POINT('',(-15.5054557323456,0.,-4.73359316587448));
#13592=CARTESIAN_POINT('',(-15.5054557323456,0.,-4.73359316587448));
#13593=CARTESIAN_POINT('',(-15.5054557323456,0.,-4.73359316587448));
#13594=CARTESIAN_POINT('Origin',(-15.4594361782074,0.,-5.58965146541595));
#13595=CARTESIAN_POINT('',(-15.4594361782074,0.,-5.58965146541595));
#13596=CARTESIAN_POINT('',(-15.4594361782074,0.,-5.58965146541595));
#13597=CARTESIAN_POINT('',(-15.4594361782074,0.,-5.58965146541595));
#13598=CARTESIAN_POINT('Origin',(-15.5358910560608,0.,-6.44352972507477));
#13599=CARTESIAN_POINT('',(-15.5358910560608,0.,-6.44352972507477));
#13600=CARTESIAN_POINT('',(-15.5358910560608,0.,-6.44352972507477));
#13601=CARTESIAN_POINT('',(-15.5358910560608,0.,-6.44352972507477));
#13602=CARTESIAN_POINT('Origin',(-15.733255147934,0.,-7.27779567241669));
#13603=CARTESIAN_POINT('',(-15.733255147934,0.,-7.27779567241669));
#13604=CARTESIAN_POINT('',(-15.733255147934,0.,-7.27779567241669));
#13605=CARTESIAN_POINT('',(-15.733255147934,0.,-7.27779567241669));
#13606=CARTESIAN_POINT('Origin',(-15.375269651413,0.,-7.5524890422821));
#13607=CARTESIAN_POINT('',(-15.375269651413,0.,-7.5524890422821));
#13608=CARTESIAN_POINT('',(-15.375269651413,0.,-7.5524890422821));
#13609=CARTESIAN_POINT('',(-15.375269651413,0.,-7.5524890422821));
#13610=CARTESIAN_POINT('Origin',(-14.6205115318298,0.,-7.14592397212982));
#13611=CARTESIAN_POINT('',(-14.6205115318298,0.,-7.14592397212982));
#13612=CARTESIAN_POINT('',(-14.6205115318298,0.,-7.14592397212982));
#13613=CARTESIAN_POINT('',(-14.6205115318298,0.,-7.14592397212982));
#13614=CARTESIAN_POINT('Origin',(-13.8155162334442,0.,-6.85107529163361));
#13615=CARTESIAN_POINT('',(-13.8155162334442,0.,-6.85107529163361));
#13616=CARTESIAN_POINT('',(-13.8155162334442,0.,-6.85107529163361));
#13617=CARTESIAN_POINT('',(-13.8155162334442,0.,-6.85107529163361));
#13618=CARTESIAN_POINT('Origin',(-12.9767167568207,0.,-6.67396247386932));
#13619=CARTESIAN_POINT('',(-12.9767167568207,0.,-6.67396247386932));
#13620=CARTESIAN_POINT('',(-12.9767167568207,0.,-6.67396247386932));
#13621=CARTESIAN_POINT('',(-12.9767167568207,0.,-6.67396247386932));
#13622=CARTESIAN_POINT('Origin',(-12.7829992771149,0.,-6.86768054962158));
#13623=CARTESIAN_POINT('',(-12.7829992771149,0.,-6.86768054962158));
#13624=CARTESIAN_POINT('',(-12.7829992771149,0.,-6.86768054962158));
#13625=CARTESIAN_POINT('',(-12.7829992771149,0.,-6.86768054962158));
#13626=CARTESIAN_POINT('Origin',(-12.9601120948792,0.,-7.70647943019867));
#13627=CARTESIAN_POINT('',(-12.9601120948792,0.,-7.70647943019867));
#13628=CARTESIAN_POINT('',(-12.9601120948792,0.,-7.70647943019867));
#13629=CARTESIAN_POINT('',(-12.9601120948792,0.,-7.70647943019867));
#13630=CARTESIAN_POINT('Origin',(-13.2549607753754,0.,-8.51147472858429));
#13631=CARTESIAN_POINT('',(-13.2549607753754,0.,-8.51147472858429));
#13632=CARTESIAN_POINT('',(-13.2549607753754,0.,-8.51147472858429));
#13633=CARTESIAN_POINT('',(-13.2549607753754,0.,-8.51147472858429));
#13634=CARTESIAN_POINT('Origin',(-13.6615252494812,0.,-9.26623284816742));
#13635=CARTESIAN_POINT('',(-13.6615252494812,0.,-9.26623284816742));
#13636=CARTESIAN_POINT('',(-13.6615252494812,0.,-9.26623284816742));
#13637=CARTESIAN_POINT('',(-13.6615252494812,0.,-9.26623284816742));
#13638=CARTESIAN_POINT('Origin',(-13.3868312835693,0.,-9.62421894073486));
#13639=CARTESIAN_POINT('',(-13.3868312835693,0.,-9.62421894073486));
#13640=CARTESIAN_POINT('',(-13.3868312835693,0.,-9.62421894073486));
#13641=CARTESIAN_POINT('',(-13.3868312835693,0.,-9.62421894073486));
#13642=CARTESIAN_POINT('Origin',(-12.5525653362274,0.,-9.42685306072235));
#13643=CARTESIAN_POINT('',(-12.5525653362274,0.,-9.42685306072235));
#13644=CARTESIAN_POINT('',(-12.5525653362274,0.,-9.42685306072235));
#13645=CARTESIAN_POINT('',(-12.5525653362274,0.,-9.42685306072235));
#13646=CARTESIAN_POINT('Origin',(-11.6986882686615,0.,-9.3503999710083));
#13647=CARTESIAN_POINT('',(-11.6986882686615,0.,-9.3503999710083));
#13648=CARTESIAN_POINT('',(-11.6986882686615,0.,-9.3503999710083));
#13649=CARTESIAN_POINT('',(-11.6986882686615,0.,-9.3503999710083));
#13650=CARTESIAN_POINT('Origin',(-10.8426296710968,0.,-9.39641952514648));
#13651=CARTESIAN_POINT('',(-10.8426296710968,0.,-9.39641952514648));
#13652=CARTESIAN_POINT('',(-10.8426296710968,0.,-9.39641952514648));
#13653=CARTESIAN_POINT('',(-10.8426296710968,0.,-9.39641952514648));
#13654=CARTESIAN_POINT('Origin',(-10.7056510448456,0.,-9.63367462158203));
#13655=CARTESIAN_POINT('',(-10.7056510448456,0.,-9.63367462158203));
#13656=CARTESIAN_POINT('',(-10.7056510448456,0.,-9.63367462158203));
#13657=CARTESIAN_POINT('',(-10.7056510448456,0.,-9.63367462158203));
#13658=CARTESIAN_POINT('Origin',(-11.0938251018524,0.,-10.398051738739));
#13659=CARTESIAN_POINT('',(-11.0938251018524,0.,-10.398051738739));
#13660=CARTESIAN_POINT('',(-11.0938251018524,0.,-10.398051738739));
#13661=CARTESIAN_POINT('',(-11.0938251018524,0.,-10.398051738739));
#13662=CARTESIAN_POINT('Origin',(-11.5869748592377,0.,-11.0993051528931));
#13663=CARTESIAN_POINT('',(-11.5869748592377,0.,-11.0993051528931));
#13664=CARTESIAN_POINT('',(-11.5869748592377,0.,-11.0993051528931));
#13665=CARTESIAN_POINT('',(-11.5869748592377,0.,-11.0993051528931));
#13666=CARTESIAN_POINT('Origin',(-12.1750319004059,0.,-11.723119020462));
#13667=CARTESIAN_POINT('',(-12.1750319004059,0.,-11.723119020462));
#13668=CARTESIAN_POINT('',(-12.1750319004059,0.,-11.723119020462));
#13669=CARTESIAN_POINT('',(-12.1750319004059,0.,-11.723119020462));
#13670=CARTESIAN_POINT('Origin',(-12.00235247612,0.,-12.1400034427643));
#13671=CARTESIAN_POINT('',(-12.00235247612,0.,-12.1400034427643));
#13672=CARTESIAN_POINT('',(-12.00235247612,0.,-12.1400034427643));
#13673=CARTESIAN_POINT('',(-12.00235247612,0.,-12.1400034427643));
#13674=CARTESIAN_POINT('Origin',(-11.1454319953918,0.,-12.165287733078));
#13675=CARTESIAN_POINT('',(-11.1454319953918,0.,-12.165287733078));
#13676=CARTESIAN_POINT('',(-11.1454319953918,0.,-12.165287733078));
#13677=CARTESIAN_POINT('',(-11.1454319953918,0.,-12.165287733078));
#13678=CARTESIAN_POINT('Origin',(-10.3008604049683,0.,-12.3124384880066));
#13679=CARTESIAN_POINT('',(-10.3008604049683,0.,-12.3124384880066));
#13680=CARTESIAN_POINT('',(-10.3008604049683,0.,-12.3124384880066));
#13681=CARTESIAN_POINT('',(-10.3008604049683,0.,-12.3124384880066));
#13682=CARTESIAN_POINT('Origin',(-9.48588311672211,0.,-12.5784528255463));
#13683=CARTESIAN_POINT('',(-9.48588311672211,0.,-12.5784528255463));
#13684=CARTESIAN_POINT('',(-9.48588311672211,0.,-12.5784528255463));
#13685=CARTESIAN_POINT('',(-9.48588311672211,0.,-12.5784528255463));
#13686=CARTESIAN_POINT('Origin',(-9.4149774312973,0.,-12.8430771827698));
#13687=CARTESIAN_POINT('',(-9.4149774312973,0.,-12.8430771827698));
#13688=CARTESIAN_POINT('',(-9.4149774312973,0.,-12.8430771827698));
#13689=CARTESIAN_POINT('',(-9.4149774312973,0.,-12.8430771827698));
#13690=CARTESIAN_POINT('Origin',(-9.98776137828827,0.,-13.4809422492981));
#13691=CARTESIAN_POINT('',(-9.98776137828827,0.,-13.4809422492981));
#13692=CARTESIAN_POINT('',(-9.98776137828827,0.,-13.4809422492981));
#13693=CARTESIAN_POINT('',(-9.98776137828827,0.,-13.4809422492981));
#13694=CARTESIAN_POINT('Origin',(-10.6456053256989,0.,-14.0306639671326));
#13695=CARTESIAN_POINT('',(-10.6456053256989,0.,-14.0306639671326));
#13696=CARTESIAN_POINT('',(-10.6456053256989,0.,-14.0306639671326));
#13697=CARTESIAN_POINT('',(-10.6456053256989,0.,-14.0306639671326));
#13698=CARTESIAN_POINT('Origin',(-11.3750791549683,0.,-14.4810211658478));
#13699=CARTESIAN_POINT('',(-11.3750791549683,0.,-14.4810211658478));
#13700=CARTESIAN_POINT('',(-11.3750791549683,0.,-14.4810211658478));
#13701=CARTESIAN_POINT('',(-11.3750791549683,0.,-14.4810211658478));
#13702=CARTESIAN_POINT('Origin',(-11.3161814212799,0.,-14.9283921718597));
#13703=CARTESIAN_POINT('',(-11.3161814212799,0.,-14.9283921718597));
#13704=CARTESIAN_POINT('',(-11.3161814212799,0.,-14.9283921718597));
#13705=CARTESIAN_POINT('',(-11.3161814212799,0.,-14.9283921718597));
#13706=CARTESIAN_POINT('Origin',(-10.4950034618378,0.,-15.1746022701263));
#13707=CARTESIAN_POINT('',(-10.4950034618378,0.,-15.1746022701263));
#13708=CARTESIAN_POINT('',(-10.4950034618378,0.,-15.1746022701263));
#13709=CARTESIAN_POINT('',(-10.4950034618378,0.,-15.1746022701263));
#13710=CARTESIAN_POINT('Origin',(-9.71729576587677,0.,-15.5353307723999));
#13711=CARTESIAN_POINT('',(-9.71729576587677,0.,-15.5353307723999));
#13712=CARTESIAN_POINT('',(-9.71729576587677,0.,-15.5353307723999));
#13713=CARTESIAN_POINT('',(-9.71729576587677,0.,-15.5353307723999));
#13714=CARTESIAN_POINT('Origin',(-8.99893701076508,0.,-16.0032141208649));
#13715=CARTESIAN_POINT('',(-8.99893701076508,0.,-16.0032141208649));
#13716=CARTESIAN_POINT('',(-8.99893701076508,0.,-16.0032141208649));
#13717=CARTESIAN_POINT('',(-8.99893701076508,0.,-16.0032141208649));
#13718=CARTESIAN_POINT('Origin',(-8.99893701076508,0.,-16.2771725654602));
#13719=CARTESIAN_POINT('',(-8.99893701076508,0.,-16.2771725654602));
#13720=CARTESIAN_POINT('',(-8.99893701076508,0.,-16.2771725654602));
#13721=CARTESIAN_POINT('',(-8.99893701076508,0.,-16.2771725654602));
#13722=CARTESIAN_POINT('Origin',(-9.71729576587677,0.,-16.7450547218323));
#13723=CARTESIAN_POINT('',(-9.71729576587677,0.,-16.7450547218323));
#13724=CARTESIAN_POINT('',(-9.71729576587677,0.,-16.7450547218323));
#13725=CARTESIAN_POINT('',(-9.71729576587677,0.,-16.7450547218323));
#13726=CARTESIAN_POINT('Origin',(-10.4950034618378,0.,-17.1057832241058));
#13727=CARTESIAN_POINT('',(-10.4950034618378,0.,-17.1057832241058));
#13728=CARTESIAN_POINT('',(-10.4950034618378,0.,-17.1057832241058));
#13729=CARTESIAN_POINT('',(-10.4950034618378,0.,-17.1057832241058));
#13730=CARTESIAN_POINT('Origin',(-11.3161814212799,0.,-17.3519933223724));
#13731=CARTESIAN_POINT('',(-11.3161814212799,0.,-17.3519933223724));
#13732=CARTESIAN_POINT('',(-11.3161814212799,0.,-17.3519933223724));
#13733=CARTESIAN_POINT('',(-11.3161814212799,0.,-17.3519933223724));
#13734=CARTESIAN_POINT('Origin',(-11.3750791549683,0.,-17.7993643283844));
#13735=CARTESIAN_POINT('',(-11.3750791549683,0.,-17.7993643283844));
#13736=CARTESIAN_POINT('',(-11.3750791549683,0.,-17.7993643283844));
#13737=CARTESIAN_POINT('',(-11.3750791549683,0.,-17.7993643283844));
#13738=CARTESIAN_POINT('Origin',(-10.6456053256989,0.,-18.2497215270996));
#13739=CARTESIAN_POINT('',(-10.6456053256989,0.,-18.2497215270996));
#13740=CARTESIAN_POINT('',(-10.6456053256989,0.,-18.2497215270996));
#13741=CARTESIAN_POINT('',(-10.6456053256989,0.,-18.2497215270996));
#13742=CARTESIAN_POINT('Origin',(-9.98776137828827,0.,-18.799444437027));
#13743=CARTESIAN_POINT('',(-9.98776137828827,0.,-18.799444437027));
#13744=CARTESIAN_POINT('',(-9.98776137828827,0.,-18.799444437027));
#13745=CARTESIAN_POINT('',(-9.98776137828827,0.,-18.799444437027));
#13746=CARTESIAN_POINT('Origin',(-9.4149774312973,0.,-19.4373095035553));
#13747=CARTESIAN_POINT('',(-9.4149774312973,0.,-19.4373095035553));
#13748=CARTESIAN_POINT('',(-9.4149774312973,0.,-19.4373095035553));
#13749=CARTESIAN_POINT('',(-9.4149774312973,0.,-19.4373095035553));
#13750=CARTESIAN_POINT('Origin',(-9.48588311672211,0.,-19.7019326686859));
#13751=CARTESIAN_POINT('',(-9.48588311672211,0.,-19.7019326686859));
#13752=CARTESIAN_POINT('',(-9.48588311672211,0.,-19.7019326686859));
#13753=CARTESIAN_POINT('',(-9.48588311672211,0.,-19.7019326686859));
#13754=CARTESIAN_POINT('Origin',(-10.3008604049683,0.,-19.9679470062256));
#13755=CARTESIAN_POINT('',(-10.3008604049683,0.,-19.9679470062256));
#13756=CARTESIAN_POINT('',(-10.3008604049683,0.,-19.9679470062256));
#13757=CARTESIAN_POINT('',(-10.3008604049683,0.,-19.9679470062256));
#13758=CARTESIAN_POINT('Origin',(-11.1454319953918,0.,-20.1150989532471));
#13759=CARTESIAN_POINT('',(-11.1454319953918,0.,-20.1150989532471));
#13760=CARTESIAN_POINT('',(-11.1454319953918,0.,-20.1150989532471));
#13761=CARTESIAN_POINT('',(-11.1454319953918,0.,-20.1150989532471));
#13762=CARTESIAN_POINT('Origin',(-12.00235247612,0.,-20.1403832435608));
#13763=CARTESIAN_POINT('',(-12.00235247612,0.,-20.1403832435608));
#13764=CARTESIAN_POINT('',(-12.00235247612,0.,-20.1403832435608));
#13765=CARTESIAN_POINT('',(-12.00235247612,0.,-20.1403832435608));
#13766=CARTESIAN_POINT('Origin',(-12.1750319004059,0.,-20.557267665863));
#13767=CARTESIAN_POINT('',(-12.1750319004059,0.,-20.557267665863));
#13768=CARTESIAN_POINT('',(-12.1750319004059,0.,-20.557267665863));
#13769=CARTESIAN_POINT('',(-12.1750319004059,0.,-20.557267665863));
#13770=CARTESIAN_POINT('Origin',(-11.5869748592377,0.,-21.1810803413391));
#13771=CARTESIAN_POINT('',(-11.5869748592377,0.,-21.1810803413391));
#13772=CARTESIAN_POINT('',(-11.5869748592377,0.,-21.1810803413391));
#13773=CARTESIAN_POINT('',(-11.5869748592377,0.,-21.1810803413391));
#13774=CARTESIAN_POINT('Origin',(-11.0938251018524,0.,-21.8823337554932));
#13775=CARTESIAN_POINT('',(-11.0938251018524,0.,-21.8823337554932));
#13776=CARTESIAN_POINT('',(-11.0938251018524,0.,-21.8823337554932));
#13777=CARTESIAN_POINT('',(-11.0938251018524,0.,-21.8823337554932));
#13778=CARTESIAN_POINT('Origin',(-10.7056510448456,0.,-22.6467108726501));
#13779=CARTESIAN_POINT('',(-10.7056510448456,0.,-22.6467108726501));
#13780=CARTESIAN_POINT('',(-10.7056510448456,0.,-22.6467108726501));
#13781=CARTESIAN_POINT('',(-10.7056510448456,0.,-22.6467108726501));
#13782=CARTESIAN_POINT('Origin',(-10.8426296710968,0.,-22.8839659690857));
#13783=CARTESIAN_POINT('',(-10.8426296710968,0.,-22.8839659690857));
#13784=CARTESIAN_POINT('',(-10.8426296710968,0.,-22.8839659690857));
#13785=CARTESIAN_POINT('',(-10.8426296710968,0.,-22.8839659690857));
#13786=CARTESIAN_POINT('Origin',(-11.6986882686615,0.,-22.9299855232239));
#13787=CARTESIAN_POINT('',(-11.6986882686615,0.,-22.9299855232239));
#13788=CARTESIAN_POINT('',(-11.6986882686615,0.,-22.9299855232239));
#13789=CARTESIAN_POINT('',(-11.6986882686615,0.,-22.9299855232239));
#13790=CARTESIAN_POINT('Origin',(-12.5525653362274,0.,-22.8535342216492));
#13791=CARTESIAN_POINT('',(-12.5525653362274,0.,-22.8535342216492));
#13792=CARTESIAN_POINT('',(-12.5525653362274,0.,-22.8535342216492));
#13793=CARTESIAN_POINT('',(-12.5525653362274,0.,-22.8535342216492));
#13794=CARTESIAN_POINT('Origin',(-13.3868312835693,0.,-22.6561665534973));
#13795=CARTESIAN_POINT('',(-13.3868312835693,0.,-22.6561665534973));
#13796=CARTESIAN_POINT('',(-13.3868312835693,0.,-22.6561665534973));
#13797=CARTESIAN_POINT('',(-13.3868312835693,0.,-22.6561665534973));
#13798=CARTESIAN_POINT('Origin',(-13.6615252494812,0.,-23.0141520500183));
#13799=CARTESIAN_POINT('',(-13.6615252494812,0.,-23.0141520500183));
#13800=CARTESIAN_POINT('',(-13.6615252494812,0.,-23.0141520500183));
#13801=CARTESIAN_POINT('',(-13.6615252494812,0.,-23.0141520500183));
#13802=CARTESIAN_POINT('Origin',(-13.2549607753754,0.,-23.7689113616943));
#13803=CARTESIAN_POINT('',(-13.2549607753754,0.,-23.7689113616943));
#13804=CARTESIAN_POINT('',(-13.2549607753754,0.,-23.7689113616943));
#13805=CARTESIAN_POINT('',(-13.2549607753754,0.,-23.7689113616943));
#13806=CARTESIAN_POINT('Origin',(-12.9601120948792,0.,-24.5739054679871));
#13807=CARTESIAN_POINT('',(-12.9601120948792,0.,-24.5739054679871));
#13808=CARTESIAN_POINT('',(-12.9601120948792,0.,-24.5739054679871));
#13809=CARTESIAN_POINT('',(-12.9601120948792,0.,-24.5739054679871));
#13810=CARTESIAN_POINT('Origin',(-12.7829992771149,0.,-25.4127049446106));
#13811=CARTESIAN_POINT('',(-12.7829992771149,0.,-25.4127049446106));
#13812=CARTESIAN_POINT('',(-12.7829992771149,0.,-25.4127049446106));
#13813=CARTESIAN_POINT('',(-12.7829992771149,0.,-25.4127049446106));
#13814=CARTESIAN_POINT('Origin',(-12.9767167568207,0.,-25.6064224243164));
#13815=CARTESIAN_POINT('',(-12.9767167568207,0.,-25.6064224243164));
#13816=CARTESIAN_POINT('',(-12.9767167568207,0.,-25.6064224243164));
#13817=CARTESIAN_POINT('',(-12.9767167568207,0.,-25.6064224243164));
#13818=CARTESIAN_POINT('Origin',(-13.8155162334442,0.,-25.429310798645));
#13819=CARTESIAN_POINT('',(-13.8155162334442,0.,-25.429310798645));
#13820=CARTESIAN_POINT('',(-13.8155162334442,0.,-25.429310798645));
#13821=CARTESIAN_POINT('',(-13.8155162334442,0.,-25.429310798645));
#13822=CARTESIAN_POINT('Origin',(-14.6205115318298,0.,-25.1344633102417));
#13823=CARTESIAN_POINT('',(-14.6205115318298,0.,-25.1344633102417));
#13824=CARTESIAN_POINT('',(-14.6205115318298,0.,-25.1344633102417));
#13825=CARTESIAN_POINT('',(-14.6205115318298,0.,-25.1344633102417));
#13826=CARTESIAN_POINT('Origin',(-15.375269651413,0.,-24.727897644043));
#13827=CARTESIAN_POINT('',(-15.375269651413,0.,-24.727897644043));
#13828=CARTESIAN_POINT('',(-15.375269651413,0.,-24.727897644043));
#13829=CARTESIAN_POINT('',(-15.375269651413,0.,-24.727897644043));
#13830=CARTESIAN_POINT('Origin',(-15.733255147934,0.,-25.0025916099548));
#13831=CARTESIAN_POINT('',(-15.733255147934,0.,-25.0025916099548));
#13832=CARTESIAN_POINT('',(-15.733255147934,0.,-25.0025916099548));
#13833=CARTESIAN_POINT('',(-15.733255147934,0.,-25.0025916099548));
#13834=CARTESIAN_POINT('Origin',(-15.5358910560608,0.,-25.8368563652039));
#13835=CARTESIAN_POINT('',(-15.5358910560608,0.,-25.8368563652039));
#13836=CARTESIAN_POINT('',(-15.5358910560608,0.,-25.8368563652039));
#13837=CARTESIAN_POINT('',(-15.5358910560608,0.,-25.8368563652039));
#13838=CARTESIAN_POINT('Origin',(-15.4594361782074,0.,-26.6907358169556));
#13839=CARTESIAN_POINT('',(-15.4594361782074,0.,-26.6907358169556));
#13840=CARTESIAN_POINT('',(-15.4594361782074,0.,-26.6907358169556));
#13841=CARTESIAN_POINT('',(-15.4594361782074,0.,-26.6907358169556));
#13842=CARTESIAN_POINT('Origin',(-15.5054557323456,0.,-27.5467944145203));
#13843=CARTESIAN_POINT('',(-15.5054557323456,0.,-27.5467944145203));
#13844=CARTESIAN_POINT('',(-15.5054557323456,0.,-27.5467944145203));
#13845=CARTESIAN_POINT('',(-15.5054557323456,0.,-27.5467944145203));
#13846=CARTESIAN_POINT('Origin',(-15.7427108287811,0.,-27.6837730407715));
#13847=CARTESIAN_POINT('',(-15.7427108287811,0.,-27.6837730407715));
#13848=CARTESIAN_POINT('',(-15.7427108287811,0.,-27.6837730407715));
#13849=CARTESIAN_POINT('',(-15.7427108287811,0.,-27.6837730407715));
#13850=CARTESIAN_POINT('Origin',(-16.5070879459381,0.,-27.2955965995789));
#13851=CARTESIAN_POINT('',(-16.5070879459381,0.,-27.2955965995789));
#13852=CARTESIAN_POINT('',(-16.5070879459381,0.,-27.2955965995789));
#13853=CARTESIAN_POINT('',(-16.5070879459381,0.,-27.2955965995789));
#13854=CARTESIAN_POINT('Origin',(-17.2083413600922,0.,-26.8024468421936));
#13855=CARTESIAN_POINT('',(-17.2083413600922,0.,-26.8024468421936));
#13856=CARTESIAN_POINT('',(-17.2083413600922,0.,-26.8024468421936));
#13857=CARTESIAN_POINT('',(-17.2083413600922,0.,-26.8024468421936));
#13858=CARTESIAN_POINT('Origin',(-17.8321552276611,0.,-26.2143898010254));
#13859=CARTESIAN_POINT('',(-17.8321552276611,0.,-26.2143898010254));
#13860=CARTESIAN_POINT('',(-17.8321552276611,0.,-26.2143898010254));
#13861=CARTESIAN_POINT('',(-17.8321552276611,0.,-26.2143898010254));
#13862=CARTESIAN_POINT('Origin',(-18.2490384578705,0.,-26.3870692253113));
#13863=CARTESIAN_POINT('',(-18.2490384578705,0.,-26.3870692253113));
#13864=CARTESIAN_POINT('',(-18.2490384578705,0.,-26.3870692253113));
#13865=CARTESIAN_POINT('',(-18.2490384578705,0.,-26.3870692253113));
#13866=CARTESIAN_POINT('Origin',(-18.2743227481842,0.,-27.2439908981323));
#13867=CARTESIAN_POINT('',(-18.2743227481842,0.,-27.2439908981323));
#13868=CARTESIAN_POINT('',(-18.2743227481842,0.,-27.2439908981323));
#13869=CARTESIAN_POINT('',(-18.2743227481842,0.,-27.2439908981323));
#13870=CARTESIAN_POINT('Origin',(-18.4214746952057,0.,-28.0885624885559));
#13871=CARTESIAN_POINT('',(-18.4214746952057,0.,-28.0885624885559));
#13872=CARTESIAN_POINT('',(-18.4214746952057,0.,-28.0885624885559));
#13873=CARTESIAN_POINT('',(-18.4214746952057,0.,-28.0885624885559));
#13874=CARTESIAN_POINT('Origin',(-18.6874902248383,0.,-28.9035391807556));
#13875=CARTESIAN_POINT('',(-18.6874902248383,0.,-28.9035391807556));
#13876=CARTESIAN_POINT('',(-18.6874902248383,0.,-28.9035391807556));
#13877=CARTESIAN_POINT('',(-18.6874902248383,0.,-28.9035391807556));
#13878=CARTESIAN_POINT('Origin',(-18.952112197876,0.,-28.9744448661804));
#13879=CARTESIAN_POINT('',(-18.952112197876,0.,-28.9744448661804));
#13880=CARTESIAN_POINT('',(-18.952112197876,0.,-28.9744448661804));
#13881=CARTESIAN_POINT('',(-18.952112197876,0.,-28.9744448661804));
#13882=CARTESIAN_POINT('Origin',(-19.5899772644043,0.,-28.4016609191895));
#13883=CARTESIAN_POINT('',(-19.5899772644043,0.,-28.4016609191895));
#13884=CARTESIAN_POINT('',(-19.5899772644043,0.,-28.4016609191895));
#13885=CARTESIAN_POINT('',(-19.5899772644043,0.,-28.4016609191895));
#13886=CARTESIAN_POINT('Origin',(-20.1397013664246,0.,-27.7438163757324));
#13887=CARTESIAN_POINT('',(-20.1397013664246,0.,-27.7438163757324));
#13888=CARTESIAN_POINT('',(-20.1397013664246,0.,-27.7438163757324));
#13889=CARTESIAN_POINT('',(-20.1397013664246,0.,-27.7438163757324));
#13890=CARTESIAN_POINT('Origin',(-20.5900573730469,0.,-27.0143437385559));
#13891=CARTESIAN_POINT('',(-20.5900573730469,0.,-27.0143437385559));
#13892=CARTESIAN_POINT('',(-20.5900573730469,0.,-27.0143437385559));
#13893=CARTESIAN_POINT('',(-20.5900573730469,0.,-27.0143437385559));
#13894=CARTESIAN_POINT('Origin',(-21.0374307632446,0.,-27.0732402801514));
#13895=CARTESIAN_POINT('',(-21.0374307632446,0.,-27.0732402801514));
#13896=CARTESIAN_POINT('',(-21.0374307632446,0.,-27.0732402801514));
#13897=CARTESIAN_POINT('',(-21.0374307632446,0.,-27.0732402801514));
#13898=CARTESIAN_POINT('Origin',(-21.2836384773254,0.,-27.8944182395935));
#13899=CARTESIAN_POINT('',(-21.2836384773254,0.,-27.8944182395935));
#13900=CARTESIAN_POINT('',(-21.2836384773254,0.,-27.8944182395935));
#13901=CARTESIAN_POINT('',(-21.2836384773254,0.,-27.8944182395935));
#13902=CARTESIAN_POINT('Origin',(-21.6443681716919,0.,-28.6721277236939));
#13903=CARTESIAN_POINT('',(-21.6443681716919,0.,-28.6721277236939));
#13904=CARTESIAN_POINT('',(-21.6443681716919,0.,-28.6721277236939));
#13905=CARTESIAN_POINT('',(-21.6443681716919,0.,-28.6721277236939));
#13906=CARTESIAN_POINT('Origin',(-22.112250328064,0.,-29.3904852867126));
#13907=CARTESIAN_POINT('',(-22.112250328064,0.,-29.3904852867126));
#13908=CARTESIAN_POINT('',(-22.112250328064,0.,-29.3904852867126));
#13909=CARTESIAN_POINT('',(-22.112250328064,0.,-29.3904852867126));
#13910=CARTESIAN_POINT('Origin',(-22.3862075805664,0.,-29.3904852867126));
#13911=CARTESIAN_POINT('',(-22.3862075805664,0.,-29.3904852867126));
#13912=CARTESIAN_POINT('',(-22.3862075805664,0.,-29.3904852867126));
#13913=CARTESIAN_POINT('',(-22.3862075805664,0.,-29.3904852867126));
#13914=CARTESIAN_POINT('Origin',(-22.8540921211243,0.,-28.6721277236939));
#13915=CARTESIAN_POINT('',(-22.8540921211243,0.,-28.6721277236939));
#13916=CARTESIAN_POINT('',(-22.8540921211243,0.,-28.6721277236939));
#13917=CARTESIAN_POINT('',(-22.8540921211243,0.,-28.6721277236939));
#13918=CARTESIAN_POINT('Origin',(-23.2148194313049,0.,-27.8944182395935));
#13919=CARTESIAN_POINT('',(-23.2148194313049,0.,-27.8944182395935));
#13920=CARTESIAN_POINT('',(-23.2148194313049,0.,-27.8944182395935));
#13921=CARTESIAN_POINT('',(-23.2148194313049,0.,-27.8944182395935));
#13922=CARTESIAN_POINT('Origin',(-23.4610295295715,0.,-27.0732402801514));
#13923=CARTESIAN_POINT('',(-23.4610295295715,0.,-27.0732402801514));
#13924=CARTESIAN_POINT('',(-23.4610295295715,0.,-27.0732402801514));
#13925=CARTESIAN_POINT('',(-23.4610295295715,0.,-27.0732402801514));
#13926=CARTESIAN_POINT('Origin',(-23.9084029197693,0.,-27.0143437385559));
#13927=CARTESIAN_POINT('',(-23.9084029197693,0.,-27.0143437385559));
#13928=CARTESIAN_POINT('',(-23.9084029197693,0.,-27.0143437385559));
#13929=CARTESIAN_POINT('',(-23.9084029197693,0.,-27.0143437385559));
#13930=CARTESIAN_POINT('Origin',(-24.3587589263916,0.,-27.7438163757324));
#13931=CARTESIAN_POINT('',(-24.3587589263916,0.,-27.7438163757324));
#13932=CARTESIAN_POINT('',(-24.3587589263916,0.,-27.7438163757324));
#13933=CARTESIAN_POINT('',(-24.3587589263916,0.,-27.7438163757324));
#13934=CARTESIAN_POINT('Origin',(-24.9084806442261,0.,-28.4016609191895));
#13935=CARTESIAN_POINT('',(-24.9084806442261,0.,-28.4016609191895));
#13936=CARTESIAN_POINT('',(-24.9084806442261,0.,-28.4016609191895));
#13937=CARTESIAN_POINT('',(-24.9084806442261,0.,-28.4016609191895));
#13938=CARTESIAN_POINT('Origin',(-25.5463457107544,0.,-28.9744448661804));
#13939=CARTESIAN_POINT('',(-25.5463457107544,0.,-28.9744448661804));
#13940=CARTESIAN_POINT('',(-25.5463457107544,0.,-28.9744448661804));
#13941=CARTESIAN_POINT('',(-25.5463457107544,0.,-28.9744448661804));
#13942=CARTESIAN_POINT('Origin',(-25.810968875885,0.,-28.9035391807556));
#13943=CARTESIAN_POINT('',(-25.810968875885,0.,-28.9035391807556));
#13944=CARTESIAN_POINT('',(-25.810968875885,0.,-28.9035391807556));
#13945=CARTESIAN_POINT('',(-25.810968875885,0.,-28.9035391807556));
#13946=CARTESIAN_POINT('Origin',(-26.0769844055176,0.,-28.0885624885559));
#13947=CARTESIAN_POINT('',(-26.0769844055176,0.,-28.0885624885559));
#13948=CARTESIAN_POINT('',(-26.0769844055176,0.,-28.0885624885559));
#13949=CARTESIAN_POINT('',(-26.0769844055176,0.,-28.0885624885559));
#13950=CARTESIAN_POINT('Origin',(-26.2241363525391,0.,-27.2439908981323));
#13951=CARTESIAN_POINT('',(-26.2241363525391,0.,-27.2439908981323));
#13952=CARTESIAN_POINT('',(-26.2241363525391,0.,-27.2439908981323));
#13953=CARTESIAN_POINT('',(-26.2241363525391,0.,-27.2439908981323));
#13954=CARTESIAN_POINT('Origin',(-26.249418258667,0.,-26.3870692253113));
#13955=CARTESIAN_POINT('',(-26.249418258667,0.,-26.3870692253113));
#13956=CARTESIAN_POINT('',(-26.249418258667,0.,-26.3870692253113));
#13957=CARTESIAN_POINT('',(-26.249418258667,0.,-26.3870692253113));
#13958=CARTESIAN_POINT('Origin',(-26.666305065155,0.,-26.2143898010254));
#13959=CARTESIAN_POINT('',(-26.666305065155,0.,-26.2143898010254));
#13960=CARTESIAN_POINT('',(-26.666305065155,0.,-26.2143898010254));
#13961=CARTESIAN_POINT('',(-26.666305065155,0.,-26.2143898010254));
#13962=CARTESIAN_POINT('Origin',(-27.2901177406311,0.,-26.8024468421936));
#13963=CARTESIAN_POINT('',(-27.2901177406311,0.,-26.8024468421936));
#13964=CARTESIAN_POINT('',(-27.2901177406311,0.,-26.8024468421936));
#13965=CARTESIAN_POINT('',(-27.2901177406311,0.,-26.8024468421936));
#13966=CARTESIAN_POINT('Origin',(-27.9913711547852,0.,-27.2955965995789));
#13967=CARTESIAN_POINT('',(-27.9913711547852,0.,-27.2955965995789));
#13968=CARTESIAN_POINT('',(-27.9913711547852,0.,-27.2955965995789));
#13969=CARTESIAN_POINT('',(-27.9913711547852,0.,-27.2955965995789));
#13970=CARTESIAN_POINT('Origin',(-28.7557482719421,0.,-27.6837730407715));
#13971=CARTESIAN_POINT('',(-28.7557482719421,0.,-27.6837730407715));
#13972=CARTESIAN_POINT('',(-28.7557482719421,0.,-27.6837730407715));
#13973=CARTESIAN_POINT('',(-28.7557482719421,0.,-27.6837730407715));
#13974=CARTESIAN_POINT('Origin',(-28.9930033683777,0.,-27.5467944145203));
#13975=CARTESIAN_POINT('',(-28.9930033683777,0.,-27.5467944145203));
#13976=CARTESIAN_POINT('',(-28.9930033683777,0.,-27.5467944145203));
#13977=CARTESIAN_POINT('',(-28.9930033683777,0.,-27.5467944145203));
#13978=CARTESIAN_POINT('Origin',(-29.0390229225159,0.,-26.6907358169556));
#13979=CARTESIAN_POINT('',(-29.0390229225159,0.,-26.6907358169556));
#13980=CARTESIAN_POINT('',(-29.0390229225159,0.,-26.6907358169556));
#13981=CARTESIAN_POINT('',(-29.0390229225159,0.,-26.6907358169556));
#13982=CARTESIAN_POINT('Origin',(-28.9625692367554,0.,-25.8368563652039));
#13983=CARTESIAN_POINT('',(-28.9625692367554,0.,-25.8368563652039));
#13984=CARTESIAN_POINT('',(-28.9625692367554,0.,-25.8368563652039));
#13985=CARTESIAN_POINT('',(-28.9625692367554,0.,-25.8368563652039));
#13986=CARTESIAN_POINT('Origin',(-28.7652039527893,0.,-25.0025916099548));
#13987=CARTESIAN_POINT('',(-28.7652039527893,0.,-25.0025916099548));
#13988=CARTESIAN_POINT('',(-28.7652039527893,0.,-25.0025916099548));
#13989=CARTESIAN_POINT('',(-28.7652039527893,0.,-25.0025916099548));
#13990=CARTESIAN_POINT('Origin',(-29.1231894493103,0.,-24.727897644043));
#13991=CARTESIAN_POINT('',(-29.1231894493103,0.,-24.727897644043));
#13992=CARTESIAN_POINT('',(-29.1231894493103,0.,-24.727897644043));
#13993=CARTESIAN_POINT('',(-29.1231894493103,0.,-24.727897644043));
#13994=CARTESIAN_POINT('Origin',(-29.8779463768005,0.,-25.1344633102417));
#13995=CARTESIAN_POINT('',(-29.8779463768005,0.,-25.1344633102417));
#13996=CARTESIAN_POINT('',(-29.8779463768005,0.,-25.1344633102417));
#13997=CARTESIAN_POINT('',(-29.8779463768005,0.,-25.1344633102417));
#13998=CARTESIAN_POINT('Origin',(-30.6829428672791,0.,-25.429310798645));
#13999=CARTESIAN_POINT('',(-30.6829428672791,0.,-25.429310798645));
#14000=CARTESIAN_POINT('',(-30.6829428672791,0.,-25.429310798645));
#14001=CARTESIAN_POINT('',(-30.6829428672791,0.,-25.429310798645));
#14002=CARTESIAN_POINT('Origin',(-31.5217423439026,0.,-25.6064224243164));
#14003=CARTESIAN_POINT('',(-31.5217423439026,0.,-25.6064224243164));
#14004=CARTESIAN_POINT('',(-31.5217423439026,0.,-25.6064224243164));
#14005=CARTESIAN_POINT('',(-31.5217423439026,0.,-25.6064224243164));
#14006=CARTESIAN_POINT('Origin',(-31.7154598236084,0.,-25.4127049446106));
#14007=CARTESIAN_POINT('',(-31.7154598236084,0.,-25.4127049446106));
#14008=CARTESIAN_POINT('',(-31.7154598236084,0.,-25.4127049446106));
#14009=CARTESIAN_POINT('',(-31.7154598236084,0.,-25.4127049446106));
#14010=CARTESIAN_POINT('Origin',(-31.538348197937,0.,-24.5739054679871));
#14011=CARTESIAN_POINT('',(-31.538348197937,0.,-24.5739054679871));
#14012=CARTESIAN_POINT('',(-31.538348197937,0.,-24.5739054679871));
#14013=CARTESIAN_POINT('',(-31.538348197937,0.,-24.5739054679871));
#14014=CARTESIAN_POINT('Origin',(-31.2434983253479,0.,-23.7689113616943));
#14015=CARTESIAN_POINT('',(-31.2434983253479,0.,-23.7689113616943));
#14016=CARTESIAN_POINT('',(-31.2434983253479,0.,-23.7689113616943));
#14017=CARTESIAN_POINT('',(-31.2434983253479,0.,-23.7689113616943));
#14018=CARTESIAN_POINT('Origin',(-30.8369326591492,0.,-23.0141520500183));
#14019=CARTESIAN_POINT('',(-30.8369326591492,0.,-23.0141520500183));
#14020=CARTESIAN_POINT('',(-30.8369326591492,0.,-23.0141520500183));
#14021=CARTESIAN_POINT('',(-30.8369326591492,0.,-23.0141520500183));
#14022=CARTESIAN_POINT('Origin',(-31.1116290092468,0.,-22.6561665534973));
#14023=CARTESIAN_POINT('',(-31.1116290092468,0.,-22.6561665534973));
#14024=CARTESIAN_POINT('',(-31.1116290092468,0.,-22.6561665534973));
#14025=CARTESIAN_POINT('',(-31.1116290092468,0.,-22.6561665534973));
#14026=CARTESIAN_POINT('Origin',(-31.9458937644958,0.,-22.8535342216492));
#14027=CARTESIAN_POINT('',(-31.9458937644958,0.,-22.8535342216492));
#14028=CARTESIAN_POINT('',(-31.9458937644958,0.,-22.8535342216492));
#14029=CARTESIAN_POINT('',(-31.9458937644958,0.,-22.8535342216492));
#14030=CARTESIAN_POINT('Origin',(-32.7997708320618,0.,-22.9299855232239));
#14031=CARTESIAN_POINT('',(-32.7997708320618,0.,-22.9299855232239));
#14032=CARTESIAN_POINT('',(-32.7997708320618,0.,-22.9299855232239));
#14033=CARTESIAN_POINT('',(-32.7997708320618,0.,-22.9299855232239));
#14034=CARTESIAN_POINT('Origin',(-33.6558318138123,0.,-22.8839659690857));
#14035=CARTESIAN_POINT('',(-33.6558318138123,0.,-22.8839659690857));
#14036=CARTESIAN_POINT('',(-33.6558318138123,0.,-22.8839659690857));
#14037=CARTESIAN_POINT('',(-33.6558318138123,0.,-22.8839659690857));
#14038=CARTESIAN_POINT('Origin',(-33.7928080558777,0.,-22.6467108726501));
#14039=CARTESIAN_POINT('',(-33.7928080558777,0.,-22.6467108726501));
#14040=CARTESIAN_POINT('',(-33.7928080558777,0.,-22.6467108726501));
#14041=CARTESIAN_POINT('',(-33.7928080558777,0.,-22.6467108726501));
#14042=CARTESIAN_POINT('Origin',(-33.4046339988708,0.,-21.8823337554932));
#14043=CARTESIAN_POINT('',(-33.4046339988708,0.,-21.8823337554932));
#14044=CARTESIAN_POINT('',(-33.4046339988708,0.,-21.8823337554932));
#14045=CARTESIAN_POINT('',(-33.4046339988708,0.,-21.8823337554932));
#14046=CARTESIAN_POINT('Origin',(-32.9114842414856,0.,-21.1810803413391));
#14047=CARTESIAN_POINT('',(-32.9114842414856,0.,-21.1810803413391));
#14048=CARTESIAN_POINT('',(-32.9114842414856,0.,-21.1810803413391));
#14049=CARTESIAN_POINT('',(-32.9114842414856,0.,-21.1810803413391));
#14050=CARTESIAN_POINT('Origin',(-32.3234248161316,0.,-20.557267665863));
#14051=CARTESIAN_POINT('',(-32.3234248161316,0.,-20.557267665863));
#14052=CARTESIAN_POINT('',(-32.3234248161316,0.,-20.557267665863));
#14053=CARTESIAN_POINT('',(-32.3234248161316,0.,-20.557267665863));
#14054=CARTESIAN_POINT('Origin',(-32.4961066246033,0.,-20.1403832435608));
#14055=CARTESIAN_POINT('',(-32.4961066246033,0.,-20.1403832435608));
#14056=CARTESIAN_POINT('',(-32.4961066246033,0.,-20.1403832435608));
#14057=CARTESIAN_POINT('',(-32.4961066246033,0.,-20.1403832435608));
#14058=CARTESIAN_POINT('Origin',(-33.3530282974243,0.,-20.1150989532471));
#14059=CARTESIAN_POINT('',(-33.3530282974243,0.,-20.1150989532471));
#14060=CARTESIAN_POINT('',(-33.3530282974243,0.,-20.1150989532471));
#14061=CARTESIAN_POINT('',(-33.3530282974243,0.,-20.1150989532471));
#14062=CARTESIAN_POINT('Origin',(-34.1975975036621,0.,-19.9679470062256));
#14063=CARTESIAN_POINT('',(-34.1975975036621,0.,-19.9679470062256));
#14064=CARTESIAN_POINT('',(-34.1975975036621,0.,-19.9679470062256));
#14065=CARTESIAN_POINT('',(-34.1975975036621,0.,-19.9679470062256));
#14066=CARTESIAN_POINT('Origin',(-35.0125765800476,0.,-19.7019326686859));
#14067=CARTESIAN_POINT('',(-35.0125765800476,0.,-19.7019326686859));
#14068=CARTESIAN_POINT('',(-35.0125765800476,0.,-19.7019326686859));
#14069=CARTESIAN_POINT('',(-35.0125765800476,0.,-19.7019326686859));
#14070=CARTESIAN_POINT('Origin',(-35.0834822654724,0.,-19.4373095035553));
#14071=CARTESIAN_POINT('',(-35.0834822654724,0.,-19.4373095035553));
#14072=CARTESIAN_POINT('',(-35.0834822654724,0.,-19.4373095035553));
#14073=CARTESIAN_POINT('',(-35.0834822654724,0.,-19.4373095035553));
#14074=CARTESIAN_POINT('Origin',(-34.5106959342956,0.,-18.799444437027));
#14075=CARTESIAN_POINT('',(-34.5106959342956,0.,-18.799444437027));
#14076=CARTESIAN_POINT('',(-34.5106959342956,0.,-18.799444437027));
#14077=CARTESIAN_POINT('',(-34.5106959342956,0.,-18.799444437027));
#14078=CARTESIAN_POINT('Origin',(-33.8528561592102,0.,-18.2497215270996));
#14079=CARTESIAN_POINT('',(-33.8528561592102,0.,-18.2497215270996));
#14080=CARTESIAN_POINT('',(-33.8528561592102,0.,-18.2497215270996));
#14081=CARTESIAN_POINT('',(-33.8528561592102,0.,-18.2497215270996));
#14082=CARTESIAN_POINT('Origin',(-33.1233787536621,0.,-17.7993643283844));
#14083=CARTESIAN_POINT('',(-33.1233787536621,0.,-17.7993643283844));
#14084=CARTESIAN_POINT('',(-33.1233787536621,0.,-17.7993643283844));
#14085=CARTESIAN_POINT('',(-33.1233787536621,0.,-17.7993643283844));
#14086=CARTESIAN_POINT('Origin',(-33.1822776794434,0.,-17.3519933223724));
#14087=CARTESIAN_POINT('',(-33.1822776794434,0.,-17.3519933223724));
#14088=CARTESIAN_POINT('',(-33.1822776794434,0.,-17.3519933223724));
#14089=CARTESIAN_POINT('',(-33.1822776794434,0.,-17.3519933223724));
#14090=CARTESIAN_POINT('Origin',(-34.0034556388855,0.,-17.1057832241058));
#14091=CARTESIAN_POINT('',(-34.0034556388855,0.,-17.1057832241058));
#14092=CARTESIAN_POINT('',(-34.0034556388855,0.,-17.1057832241058));
#14093=CARTESIAN_POINT('',(-34.0034556388855,0.,-17.1057832241058));
#14094=CARTESIAN_POINT('Origin',(-34.7811627388,0.,-16.7450547218323));
#14095=CARTESIAN_POINT('',(-34.7811627388,0.,-16.7450547218323));
#14096=CARTESIAN_POINT('',(-34.7811627388,0.,-16.7450547218323));
#14097=CARTESIAN_POINT('',(-34.7811627388,0.,-16.7450547218323));
#14098=CARTESIAN_POINT('Origin',(-35.4995226860046,0.,-16.2771725654602));
#14099=CARTESIAN_POINT('',(-35.4995226860046,0.,-16.2771725654602));
#14100=CARTESIAN_POINT('',(-35.4995226860046,0.,-16.2771725654602));
#14101=CARTESIAN_POINT('',(-35.4995226860046,0.,-16.2771725654602));
#14102=CARTESIAN_POINT('Origin',(-35.4995226860046,0.,-16.0032141208649));
#14103=CARTESIAN_POINT('',(-35.4995226860046,0.,-16.0032141208649));
#14104=CARTESIAN_POINT('',(-35.4995226860046,0.,-16.0032141208649));
#14105=CARTESIAN_POINT('',(-35.4995226860046,0.,-16.0032141208649));
#14106=CARTESIAN_POINT('Origin',(-34.7811627388,0.,-15.5353307723999));
#14107=CARTESIAN_POINT('',(-34.7811627388,0.,-15.5353307723999));
#14108=CARTESIAN_POINT('',(-34.7811627388,0.,-15.5353307723999));
#14109=CARTESIAN_POINT('',(-34.7811627388,0.,-15.5353307723999));
#14110=CARTESIAN_POINT('Origin',(-34.0034556388855,0.,-15.1746022701263));
#14111=CARTESIAN_POINT('',(-34.0034556388855,0.,-15.1746022701263));
#14112=CARTESIAN_POINT('',(-34.0034556388855,0.,-15.1746022701263));
#14113=CARTESIAN_POINT('',(-34.0034556388855,0.,-15.1746022701263));
#14114=CARTESIAN_POINT('Origin',(-33.1822776794434,0.,-14.9283921718597));
#14115=CARTESIAN_POINT('',(-33.1822776794434,0.,-14.9283921718597));
#14116=CARTESIAN_POINT('',(-33.1822776794434,0.,-14.9283921718597));
#14117=CARTESIAN_POINT('',(-33.1822776794434,0.,-14.9283921718597));
#14118=CARTESIAN_POINT('Origin',(-33.1233787536621,0.,-14.4810211658478));
#14119=CARTESIAN_POINT('',(-33.1233787536621,0.,-14.4810211658478));
#14120=CARTESIAN_POINT('',(-33.1233787536621,0.,-14.4810211658478));
#14121=CARTESIAN_POINT('',(-33.1233787536621,0.,-14.4810211658478));
#14122=CARTESIAN_POINT('Origin',(-33.8528561592102,0.,-14.0306639671326));
#14123=CARTESIAN_POINT('',(-33.8528561592102,0.,-14.0306639671326));
#14124=CARTESIAN_POINT('',(-33.8528561592102,0.,-14.0306639671326));
#14125=CARTESIAN_POINT('',(-33.8528561592102,0.,-14.0306639671326));
#14126=CARTESIAN_POINT('Origin',(-34.5106959342956,0.,-13.4809422492981));
#14127=CARTESIAN_POINT('',(-34.5106959342956,0.,-13.4809422492981));
#14128=CARTESIAN_POINT('',(-34.5106959342956,0.,-13.4809422492981));
#14129=CARTESIAN_POINT('',(-34.5106959342956,0.,-13.4809422492981));
#14130=CARTESIAN_POINT('Origin',(-35.0834822654724,0.,-12.8430771827698));
#14131=CARTESIAN_POINT('',(-35.0834822654724,0.,-12.8430771827698));
#14132=CARTESIAN_POINT('',(-35.0834822654724,0.,-12.8430771827698));
#14133=CARTESIAN_POINT('',(-35.0834822654724,0.,-12.8430771827698));
#14134=CARTESIAN_POINT('Origin',(-35.0125765800476,0.,-12.5784528255463));
#14135=CARTESIAN_POINT('',(-35.0125765800476,0.,-12.5784528255463));
#14136=CARTESIAN_POINT('',(-35.0125765800476,0.,-12.5784528255463));
#14137=CARTESIAN_POINT('',(-35.0125765800476,0.,-12.5784528255463));
#14138=CARTESIAN_POINT('Origin',(-34.1975975036621,0.,-12.3124384880066));
#14139=CARTESIAN_POINT('',(-34.1975975036621,0.,-12.3124384880066));
#14140=CARTESIAN_POINT('',(-34.1975975036621,0.,-12.3124384880066));
#14141=CARTESIAN_POINT('',(-34.1975975036621,0.,-12.3124384880066));
#14142=CARTESIAN_POINT('Origin',(-33.3530282974243,0.,-12.165287733078));
#14143=CARTESIAN_POINT('',(-33.3530282974243,0.,-12.165287733078));
#14144=CARTESIAN_POINT('',(-33.3530282974243,0.,-12.165287733078));
#14145=CARTESIAN_POINT('',(-33.3530282974243,0.,-12.165287733078));
#14146=CARTESIAN_POINT('Origin',(-32.4961066246033,0.,-12.1400034427643));
#14147=CARTESIAN_POINT('',(-32.4961066246033,0.,-12.1400034427643));
#14148=CARTESIAN_POINT('',(-32.4961066246033,0.,-12.1400034427643));
#14149=CARTESIAN_POINT('',(-32.4961066246033,0.,-12.1400034427643));
#14150=CARTESIAN_POINT('Origin',(-32.3234248161316,0.,-11.723119020462));
#14151=CARTESIAN_POINT('',(-32.3234248161316,0.,-11.723119020462));
#14152=CARTESIAN_POINT('',(-32.3234248161316,0.,-11.723119020462));
#14153=CARTESIAN_POINT('',(-32.3234248161316,0.,-11.723119020462));
#14154=CARTESIAN_POINT('Origin',(-32.9114842414856,0.,-11.0993051528931));
#14155=CARTESIAN_POINT('',(-32.9114842414856,0.,-11.0993051528931));
#14156=CARTESIAN_POINT('',(-32.9114842414856,0.,-11.0993051528931));
#14157=CARTESIAN_POINT('',(-32.9114842414856,0.,-11.0993051528931));
#14158=CARTESIAN_POINT('Origin',(-33.4046339988708,0.,-10.398051738739));
#14159=CARTESIAN_POINT('',(-33.4046339988708,0.,-10.398051738739));
#14160=CARTESIAN_POINT('',(-33.4046339988708,0.,-10.398051738739));
#14161=CARTESIAN_POINT('',(-33.4046339988708,0.,-10.398051738739));
#14162=CARTESIAN_POINT('Origin',(-33.7928080558777,0.,-9.63367462158203));
#14163=CARTESIAN_POINT('',(-33.7928080558777,0.,-9.63367462158203));
#14164=CARTESIAN_POINT('',(-33.7928080558777,0.,-9.63367462158203));
#14165=CARTESIAN_POINT('',(-33.7928080558777,0.,-9.63367462158203));
#14166=CARTESIAN_POINT('Origin',(-33.6558318138123,0.,-9.39641952514648));
#14167=CARTESIAN_POINT('',(-33.6558318138123,0.,-9.39641952514648));
#14168=CARTESIAN_POINT('',(-33.6558318138123,0.,-9.39641952514648));
#14169=CARTESIAN_POINT('',(-33.6558318138123,0.,-9.39641952514648));
#14170=CARTESIAN_POINT('Origin',(-32.7997708320618,0.,-9.3503999710083));
#14171=CARTESIAN_POINT('',(-32.7997708320618,0.,-9.3503999710083));
#14172=CARTESIAN_POINT('',(-32.7997708320618,0.,-9.3503999710083));
#14173=CARTESIAN_POINT('',(-32.7997708320618,0.,-9.3503999710083));
#14174=CARTESIAN_POINT('Origin',(-31.9458937644958,0.,-9.42685306072235));
#14175=CARTESIAN_POINT('',(-31.9458937644958,0.,-9.42685306072235));
#14176=CARTESIAN_POINT('',(-31.9458937644958,0.,-9.42685306072235));
#14177=CARTESIAN_POINT('',(-31.9458937644958,0.,-9.42685306072235));
#14178=CARTESIAN_POINT('Origin',(-31.1116290092468,0.,-9.62421894073486));
#14179=CARTESIAN_POINT('',(-31.1116290092468,0.,-9.62421894073486));
#14180=CARTESIAN_POINT('',(-31.1116290092468,0.,-9.62421894073486));
#14181=CARTESIAN_POINT('',(-31.1116290092468,0.,-9.62421894073486));
#14182=CARTESIAN_POINT('Origin',(-30.8369326591492,0.,-9.26623284816742));
#14183=CARTESIAN_POINT('',(-30.8369326591492,0.,-9.26623284816742));
#14184=CARTESIAN_POINT('',(-30.8369326591492,0.,-9.26623284816742));
#14185=CARTESIAN_POINT('',(-30.8369326591492,0.,-9.26623284816742));
#14186=CARTESIAN_POINT('Origin',(-31.2434983253479,0.,-8.51147472858429));
#14187=CARTESIAN_POINT('',(-31.2434983253479,0.,-8.51147472858429));
#14188=CARTESIAN_POINT('',(-31.2434983253479,0.,-8.51147472858429));
#14189=CARTESIAN_POINT('',(-31.2434983253479,0.,-8.51147472858429));
#14190=CARTESIAN_POINT('Origin',(-31.538348197937,0.,-7.70647943019867));
#14191=CARTESIAN_POINT('',(-31.538348197937,0.,-7.70647943019867));
#14192=CARTESIAN_POINT('',(-31.538348197937,0.,-7.70647943019867));
#14193=CARTESIAN_POINT('',(-31.538348197937,0.,-7.70647943019867));
#14194=CARTESIAN_POINT('Origin',(-31.7154598236084,0.,-6.86768054962158));
#14195=CARTESIAN_POINT('',(-31.7154598236084,0.,-6.86768054962158));
#14196=CARTESIAN_POINT('',(-31.7154598236084,0.,-6.86768054962158));
#14197=CARTESIAN_POINT('',(-31.7154598236084,0.,-6.86768054962158));
#14198=CARTESIAN_POINT('Origin',(-31.5217423439026,0.,-6.67396247386932));
#14199=CARTESIAN_POINT('',(-31.5217423439026,0.,-6.67396247386932));
#14200=CARTESIAN_POINT('',(-31.5217423439026,0.,-6.67396247386932));
#14201=CARTESIAN_POINT('',(-31.5217423439026,0.,-6.67396247386932));
#14202=CARTESIAN_POINT('Origin',(-30.6829428672791,0.,-6.85107529163361));
#14203=CARTESIAN_POINT('',(-30.6829428672791,0.,-6.85107529163361));
#14204=CARTESIAN_POINT('',(-30.6829428672791,0.,-6.85107529163361));
#14205=CARTESIAN_POINT('',(-30.6829428672791,0.,-6.85107529163361));
#14206=CARTESIAN_POINT('Origin',(-29.8779463768005,0.,-7.14592397212982));
#14207=CARTESIAN_POINT('',(-29.8779463768005,0.,-7.14592397212982));
#14208=CARTESIAN_POINT('',(-29.8779463768005,0.,-7.14592397212982));
#14209=CARTESIAN_POINT('',(-29.8779463768005,0.,-7.14592397212982));
#14210=CARTESIAN_POINT('Origin',(-29.1231894493103,0.,-7.5524890422821));
#14211=CARTESIAN_POINT('',(-29.1231894493103,0.,-7.5524890422821));
#14212=CARTESIAN_POINT('',(-29.1231894493103,0.,-7.5524890422821));
#14213=CARTESIAN_POINT('',(-29.1231894493103,0.,-7.5524890422821));
#14214=CARTESIAN_POINT('Origin',(-28.7652039527893,0.,-7.27779567241669));
#14215=CARTESIAN_POINT('',(-28.7652039527893,0.,-7.27779567241669));
#14216=CARTESIAN_POINT('',(-28.7652039527893,0.,-7.27779567241669));
#14217=CARTESIAN_POINT('',(-28.7652039527893,0.,-7.27779567241669));
#14218=CARTESIAN_POINT('Origin',(-28.9625692367554,0.,-6.44352972507477));
#14219=CARTESIAN_POINT('',(-28.9625692367554,0.,-6.44352972507477));
#14220=CARTESIAN_POINT('',(-28.9625692367554,0.,-6.44352972507477));
#14221=CARTESIAN_POINT('',(-28.9625692367554,0.,-6.44352972507477));
#14222=CARTESIAN_POINT('Origin',(-29.0390229225159,0.,-5.58965146541595));
#14223=CARTESIAN_POINT('',(-29.0390229225159,0.,-5.58965146541595));
#14224=CARTESIAN_POINT('',(-29.0390229225159,0.,-5.58965146541595));
#14225=CARTESIAN_POINT('',(-29.0390229225159,0.,-5.58965146541595));
#14226=CARTESIAN_POINT('Origin',(-28.9930033683777,0.,-4.73359316587448));
#14227=CARTESIAN_POINT('',(-28.9930033683777,0.,-4.73359316587448));
#14228=CARTESIAN_POINT('',(-28.9930033683777,0.,-4.73359316587448));
#14229=CARTESIAN_POINT('',(-28.9930033683777,0.,-4.73359316587448));
#14230=CARTESIAN_POINT('Origin',(-28.7557482719421,0.,-4.59661334753036));
#14231=CARTESIAN_POINT('',(-28.7557482719421,0.,-4.59661334753036));
#14232=CARTESIAN_POINT('',(-28.7557482719421,0.,-4.59661334753036));
#14233=CARTESIAN_POINT('',(-28.7557482719421,0.,-4.59661334753036));
#14234=CARTESIAN_POINT('Origin',(-27.9913711547852,0.,-4.9847885966301));
#14235=CARTESIAN_POINT('',(-27.9913711547852,0.,-4.9847885966301));
#14236=CARTESIAN_POINT('',(-27.9913711547852,0.,-4.9847885966301));
#14237=CARTESIAN_POINT('',(-27.9913711547852,0.,-4.9847885966301));
#14238=CARTESIAN_POINT('Origin',(-27.2901177406311,0.,-5.47793865203857));
#14239=CARTESIAN_POINT('',(-27.2901177406311,0.,-5.47793865203857));
#14240=CARTESIAN_POINT('',(-27.2901177406311,0.,-5.47793865203857));
#14241=CARTESIAN_POINT('',(-27.2901177406311,0.,-5.47793865203857));
#14242=CARTESIAN_POINT('Origin',(-26.666305065155,0.,-6.06599509716034));
#14243=CARTESIAN_POINT('',(-26.666305065155,0.,-6.06599509716034));
#14244=CARTESIAN_POINT('',(-26.666305065155,0.,-6.06599509716034));
#14245=CARTESIAN_POINT('',(-26.666305065155,0.,-6.06599509716034));
#14246=CARTESIAN_POINT('Origin',(-26.249418258667,0.,-5.8933162689209));
#14247=CARTESIAN_POINT('',(-26.249418258667,0.,-5.8933162689209));
#14248=CARTESIAN_POINT('',(-26.249418258667,0.,-5.8933162689209));
#14249=CARTESIAN_POINT('',(-26.249418258667,0.,-5.8933162689209));
#14250=CARTESIAN_POINT('Origin',(-26.2241363525391,0.,-5.0363951921463));
#14251=CARTESIAN_POINT('',(-26.2241363525391,0.,-5.0363951921463));
#14252=CARTESIAN_POINT('',(-26.2241363525391,0.,-5.0363951921463));
#14253=CARTESIAN_POINT('',(-26.2241363525391,0.,-5.0363951921463));
#14254=CARTESIAN_POINT('Origin',(-26.0769844055176,0.,-4.19182449579239));
#14255=CARTESIAN_POINT('',(-26.0769844055176,0.,-4.19182449579239));
#14256=CARTESIAN_POINT('',(-26.0769844055176,0.,-4.19182449579239));
#14257=CARTESIAN_POINT('',(-26.0769844055176,0.,-4.19182449579239));
#14258=CARTESIAN_POINT('Origin',(-25.810968875885,0.,-3.37684631347656));
#14259=CARTESIAN_POINT('',(-25.810968875885,0.,-3.37684631347656));
#14260=CARTESIAN_POINT('',(-25.810968875885,0.,-3.37684631347656));
#14261=CARTESIAN_POINT('',(-25.810968875885,0.,-3.37684631347656));
#14262=CARTESIAN_POINT('Origin',(-25.5463457107544,0.,-3.30594092607498));
#14263=CARTESIAN_POINT('',(-25.5463457107544,0.,-3.30594092607498));
#14264=CARTESIAN_POINT('',(-25.5463457107544,0.,-3.30594092607498));
#14265=CARTESIAN_POINT('',(-25.5463457107544,0.,-3.30594092607498));
#14266=CARTESIAN_POINT('Origin',(-24.9084806442261,0.,-3.87872487306595));
#14267=CARTESIAN_POINT('',(-24.9084806442261,0.,-3.87872487306595));
#14268=CARTESIAN_POINT('',(-24.9084806442261,0.,-3.87872487306595));
#14269=CARTESIAN_POINT('',(-24.9084806442261,0.,-3.87872487306595));
#14270=CARTESIAN_POINT('Origin',(-24.3587589263916,0.,-4.53656822443008));
#14271=CARTESIAN_POINT('',(-24.3587589263916,0.,-4.53656822443008));
#14272=CARTESIAN_POINT('',(-24.3587589263916,0.,-4.53656822443008));
#14273=CARTESIAN_POINT('',(-24.3587589263916,0.,-4.53656822443008));
#14274=CARTESIAN_POINT('Origin',(-23.9084029197693,0.,-5.26604235172272));
#14275=CARTESIAN_POINT('',(-23.9084029197693,0.,-5.26604235172272));
#14276=CARTESIAN_POINT('',(-23.9084029197693,0.,-5.26604235172272));
#14277=CARTESIAN_POINT('',(-23.9084029197693,0.,-5.26604235172272));
#14278=CARTESIAN_POINT('Origin',(-23.4610295295715,0.,-5.20714461803436));
#14279=CARTESIAN_POINT('',(-23.4610295295715,0.,-5.20714461803436));
#14280=CARTESIAN_POINT('',(-23.4610295295715,0.,-5.20714461803436));
#14281=CARTESIAN_POINT('',(-23.4610295295715,0.,-5.20714461803436));
#14282=CARTESIAN_POINT('Origin',(-23.2148194313049,0.,-4.38596576452255));
#14283=CARTESIAN_POINT('',(-23.2148194313049,0.,-4.38596576452255));
#14284=CARTESIAN_POINT('',(-23.2148194313049,0.,-4.38596576452255));
#14285=CARTESIAN_POINT('',(-23.2148194313049,0.,-4.38596576452255));
#14286=CARTESIAN_POINT('Origin',(-22.8540921211243,0.,-3.60825955867767));
#14287=CARTESIAN_POINT('',(-22.8540921211243,0.,-3.60825955867767));
#14288=CARTESIAN_POINT('',(-22.8540921211243,0.,-3.60825955867767));
#14289=CARTESIAN_POINT('',(-22.8540921211243,0.,-3.60825955867767));
#14290=CARTESIAN_POINT('Origin',(-22.3862075805664,0.,-2.88990050554276));
#14291=CARTESIAN_POINT('',(-22.3862075805664,0.,-2.88990050554276));
#14292=CARTESIAN_POINT('',(-22.3862075805664,0.,-2.88990050554276));
#14293=CARTESIAN_POINT('',(-22.3862075805664,0.,-2.88990050554276));
#14294=CARTESIAN_POINT('Origin',(-22.112250328064,0.,-2.88990050554276));
#14295=CARTESIAN_POINT('',(-22.112250328064,0.,-2.88990050554276));
#14296=CARTESIAN_POINT('',(-22.112250328064,0.,-2.88990050554276));
#14297=CARTESIAN_POINT('',(-22.112250328064,0.,-2.88990050554276));
#14298=CARTESIAN_POINT('Origin',(-21.6443681716919,0.,-3.60825955867767));
#14299=CARTESIAN_POINT('',(-21.6443681716919,0.,-3.60825955867767));
#14300=CARTESIAN_POINT('',(-21.6443681716919,0.,-3.60825955867767));
#14301=CARTESIAN_POINT('',(-21.6443681716919,0.,-3.60825955867767));
#14302=CARTESIAN_POINT('Origin',(-21.2836384773254,0.,-4.38596576452255));
#14303=CARTESIAN_POINT('',(-21.2836384773254,0.,-4.38596576452255));
#14304=CARTESIAN_POINT('',(-21.2836384773254,0.,-4.38596576452255));
#14305=CARTESIAN_POINT('',(-21.2836384773254,0.,-4.38596576452255));
#14306=CARTESIAN_POINT('Origin',(-21.0374307632446,0.,-5.20714461803436));
#14307=CARTESIAN_POINT('',(-21.0374307632446,0.,-5.20714461803436));
#14308=CARTESIAN_POINT('',(-21.0374307632446,0.,-5.20714461803436));
#14309=CARTESIAN_POINT('',(-21.0374307632446,0.,-5.20714461803436));
#14310=CARTESIAN_POINT('Origin',(-20.5900573730469,0.,-5.26604235172272));
#14311=CARTESIAN_POINT('',(-20.5900573730469,0.,-5.26604235172272));
#14312=CARTESIAN_POINT('',(-20.5900573730469,0.,-5.26604235172272));
#14313=CARTESIAN_POINT('',(-20.5900573730469,0.,-5.26604235172272));
#14314=CARTESIAN_POINT('Origin',(-20.1397013664246,0.,-4.53656822443008));
#14315=CARTESIAN_POINT('',(-20.1397013664246,0.,-4.53656822443008));
#14316=CARTESIAN_POINT('',(-20.1397013664246,0.,-4.53656822443008));
#14317=CARTESIAN_POINT('',(-20.1397013664246,0.,-4.53656822443008));
#14318=CARTESIAN_POINT('Origin',(-19.5899772644043,0.,-3.87872487306595));
#14319=CARTESIAN_POINT('',(-19.5899772644043,0.,-3.87872487306595));
#14320=CARTESIAN_POINT('',(-19.5899772644043,0.,-3.87872487306595));
#14321=CARTESIAN_POINT('',(-19.5899772644043,0.,-3.87872487306595));
#14322=CARTESIAN_POINT('Origin',(-18.952112197876,0.,-3.30594092607498));
#14323=CARTESIAN_POINT('',(-18.952112197876,0.,-3.30594092607498));
#14324=CARTESIAN_POINT('',(-18.952112197876,0.,-3.30594092607498));
#14325=CARTESIAN_POINT('',(-18.952112197876,0.,-3.30594092607498));
#14326=CARTESIAN_POINT('Origin',(-18.6874902248383,0.,-3.37684631347656));
#14327=CARTESIAN_POINT('',(-18.6874902248383,0.,-3.37684631347656));
#14328=CARTESIAN_POINT('',(-18.6874902248383,0.,-3.37684631347656));
#14329=CARTESIAN_POINT('',(-18.6874902248383,0.,-3.37684631347656));
#14330=CARTESIAN_POINT('Origin',(-18.4214746952057,0.,-4.19182449579239));
#14331=CARTESIAN_POINT('',(-18.4214746952057,0.,-4.19182449579239));
#14332=CARTESIAN_POINT('',(-18.4214746952057,0.,-4.19182449579239));
#14333=CARTESIAN_POINT('',(-18.4214746952057,0.,-4.19182449579239));
#14334=CARTESIAN_POINT('Origin',(-18.2743227481842,0.,-5.0363951921463));
#14335=CARTESIAN_POINT('',(-18.2743227481842,0.,-5.0363951921463));
#14336=CARTESIAN_POINT('Origin',(-37.4537968635559,0.,-11.2055063247681));
#14337=CARTESIAN_POINT('',(-37.4537968635559,0.,-11.2055063247681));
#14338=CARTESIAN_POINT('',(-37.3980689048767,0.,-11.3653028011322));
#14339=CARTESIAN_POINT('',(-37.4537968635559,0.,-11.2055063247681));
#14340=CARTESIAN_POINT('',(-37.3980689048767,0.,-11.3653028011322));
#14341=CARTESIAN_POINT('',(-37.4537968635559,0.,-11.2055063247681));
#14342=CARTESIAN_POINT('Origin',(-37.6153492927551,0.,-10.5628573894501));
#14343=CARTESIAN_POINT('',(-37.6153492927551,0.,-10.5628573894501));
#14344=CARTESIAN_POINT('',(-37.6153492927551,0.,-10.5628573894501));
#14345=CARTESIAN_POINT('',(-37.6153492927551,0.,-10.5628573894501));
#14346=CARTESIAN_POINT('Origin',(-38.2903599739075,0.,-7.55365788936615));
#14347=CARTESIAN_POINT('',(-38.2903599739075,0.,-7.55365788936615));
#14348=CARTESIAN_POINT('',(-38.2903599739075,0.,-7.55365788936615));
#14349=CARTESIAN_POINT('',(-38.2903599739075,0.,-7.55365788936615));
#14350=CARTESIAN_POINT('Origin',(-38.8756418228149,0.,-4.29562658071518));
#14351=CARTESIAN_POINT('',(-38.8756418228149,0.,-4.29562658071518));
#14352=CARTESIAN_POINT('',(-38.8756418228149,0.,-4.29562658071518));
#14353=CARTESIAN_POINT('',(-38.8756418228149,0.,-4.29562658071518));
#14354=CARTESIAN_POINT('Origin',(-38.8877558708191,0.,-4.13416862487793));
#14355=CARTESIAN_POINT('',(-38.8877558708191,0.,-4.13416862487793));
#14356=CARTESIAN_POINT('',(-38.8877558708191,0.,-4.13416862487793));
#14357=CARTESIAN_POINT('',(-38.8877558708191,0.,-4.13416862487793));
#14358=CARTESIAN_POINT('Origin',(-38.8736581802368,0.,-3.97287338972092));
#14359=CARTESIAN_POINT('',(-38.8736581802368,0.,-3.97287338972092));
#14360=CARTESIAN_POINT('',(-38.8736581802368,0.,-3.97287338972092));
#14361=CARTESIAN_POINT('',(-38.8736581802368,0.,-3.97287338972092));
#14362=CARTESIAN_POINT('Origin',(-38.8337135314941,0.,-3.81596654653549));
#14363=CARTESIAN_POINT('',(-38.8337135314941,0.,-3.81596654653549));
#14364=CARTESIAN_POINT('',(-38.8337135314941,0.,-3.81596654653549));
#14365=CARTESIAN_POINT('',(-38.8337135314941,0.,-3.81596654653549));
#14366=CARTESIAN_POINT('Origin',(-38.7689709663391,0.,-3.66756319999695));
#14367=CARTESIAN_POINT('',(-38.7689709663391,0.,-3.66756319999695));
#14368=CARTESIAN_POINT('',(-38.7689709663391,0.,-3.66756319999695));
#14369=CARTESIAN_POINT('',(-38.7689709663391,0.,-3.66756319999695));
#14370=CARTESIAN_POINT('Origin',(-38.6811256408691,0.,-3.5315528512001));
#14371=CARTESIAN_POINT('',(-38.6811256408691,0.,-3.5315528512001));
#14372=CARTESIAN_POINT('',(-38.6811256408691,0.,-3.5315528512001));
#14373=CARTESIAN_POINT('',(-38.6811256408691,0.,-3.5315528512001));
#14374=CARTESIAN_POINT('Origin',(-38.5724878311157,0.,-3.4115007519722));
#14375=CARTESIAN_POINT('',(-38.5724878311157,0.,-3.4115007519722));
#14376=CARTESIAN_POINT('',(-38.5724878311157,0.,-3.4115007519722));
#14377=CARTESIAN_POINT('',(-38.5724878311157,0.,-3.4115007519722));
#14378=CARTESIAN_POINT('Origin',(-38.445897102356,0.,-3.31055492162704));
#14379=CARTESIAN_POINT('',(-38.445897102356,0.,-3.31055492162704));
#14380=CARTESIAN_POINT('',(-38.445897102356,0.,-3.31055492162704));
#14381=CARTESIAN_POINT('',(-38.445897102356,0.,-3.31055492162704));
#14382=CARTESIAN_POINT('Origin',(-38.3046770095825,0.,-3.23136150836945));
#14383=CARTESIAN_POINT('',(-38.3046770095825,0.,-3.23136150836945));
#14384=CARTESIAN_POINT('',(-38.3046770095825,0.,-3.23136150836945));
#14385=CARTESIAN_POINT('',(-38.3046770095825,0.,-3.23136150836945));
#14386=CARTESIAN_POINT('Origin',(-38.1525278091431,0.,-3.1759962439537));
#14387=CARTESIAN_POINT('',(-38.1525278091431,0.,-3.1759962439537));
#14388=CARTESIAN_POINT('',(-38.1525278091431,0.,-3.1759962439537));
#14389=CARTESIAN_POINT('',(-38.1525278091431,0.,-3.1759962439537));
#14390=CARTESIAN_POINT('Origin',(-37.9934310913086,0.,-3.14591079950333));
#14391=CARTESIAN_POINT('',(-37.9934310913086,0.,-3.14591079950333));
#14392=CARTESIAN_POINT('',(-37.9934310913086,0.,-3.14591079950333));
#14393=CARTESIAN_POINT('',(-37.9934310913086,0.,-3.14591079950333));
#14394=CARTESIAN_POINT('Origin',(-37.3045468330383,0.,-3.07586312294006));
#14395=CARTESIAN_POINT('',(-37.3045468330383,0.,-3.07586312294006));
#14396=CARTESIAN_POINT('',(-37.3045468330383,0.,-3.07586312294006));
#14397=CARTESIAN_POINT('',(-37.3045468330383,0.,-3.07586312294006));
#14398=CARTESIAN_POINT('Origin',(-34.1931772232056,0.,-2.83855587244034));
#14399=CARTESIAN_POINT('',(-34.1931772232056,0.,-2.83855587244034));
#14400=CARTESIAN_POINT('',(-34.1931772232056,0.,-2.83855587244034));
#14401=CARTESIAN_POINT('',(-34.1931772232056,0.,-2.83855587244034));
#14402=CARTESIAN_POINT('Origin',(-30.9510493278503,0.,-2.73093789815903));
#14403=CARTESIAN_POINT('',(-30.9510493278503,0.,-2.73093789815903));
#14404=CARTESIAN_POINT('',(-30.9510493278503,0.,-2.73093789815903));
#14405=CARTESIAN_POINT('',(-30.9510493278503,0.,-2.73093789815903));
#14406=CARTESIAN_POINT('Origin',(-30.7822751998901,0.,-2.74341195821762));
#14407=CARTESIAN_POINT('',(-30.7822751998901,0.,-2.74341195821762));
#14408=CARTESIAN_POINT('',(-30.7822751998901,0.,-2.74341195821762));
#14409=CARTESIAN_POINT('',(-30.7822751998901,0.,-2.74341195821762));
#14410=CARTESIAN_POINT('Origin',(-30.6180214881897,0.,-2.78416842222214));
#14411=CARTESIAN_POINT('',(-30.6180214881897,0.,-2.78416842222214));
#14412=CARTESIAN_POINT('',(-30.6180214881897,0.,-2.78416842222214));
#14413=CARTESIAN_POINT('',(-30.6180214881897,0.,-2.78416842222214));
#14414=CARTESIAN_POINT('Origin',(-30.4629898071289,0.,-2.85203844308853));
#14415=CARTESIAN_POINT('',(-30.4629898071289,0.,-2.85203844308853));
#14416=CARTESIAN_POINT('',(-30.4629898071289,0.,-2.85203844308853));
#14417=CARTESIAN_POINT('',(-30.4629898071289,0.,-2.85203844308853));
#14418=CARTESIAN_POINT('Origin',(-30.321626663208,0.,-2.94508039951324));
#14419=CARTESIAN_POINT('',(-30.321626663208,0.,-2.94508039951324));
#14420=CARTESIAN_POINT('',(-30.321626663208,0.,-2.94508039951324));
#14421=CARTESIAN_POINT('',(-30.321626663208,0.,-2.94508039951324));
#14422=CARTESIAN_POINT('Origin',(-30.1979756355286,0.,-3.06062668561935));
#14423=CARTESIAN_POINT('',(-30.1979756355286,0.,-3.06062668561935));
#14424=CARTESIAN_POINT('',(-30.1979756355286,0.,-3.06062668561935));
#14425=CARTESIAN_POINT('',(-30.1979756355286,0.,-3.06062668561935));
#14426=CARTESIAN_POINT('Origin',(-30.095579624176,0.,-3.19537043571472));
#14427=CARTESIAN_POINT('',(-30.095579624176,0.,-3.19537043571472));
#14428=CARTESIAN_POINT('',(-30.095579624176,0.,-3.19537043571472));
#14429=CARTESIAN_POINT('',(-30.095579624176,0.,-3.19537043571472));
#14430=CARTESIAN_POINT('Origin',(-30.0173735618591,0.,-3.3454504609108));
#14431=CARTESIAN_POINT('',(-30.0173735618591,0.,-3.3454504609108));
#14432=CARTESIAN_POINT('',(-30.0173735618591,0.,-3.3454504609108));
#14433=CARTESIAN_POINT('',(-30.0173735618591,0.,-3.3454504609108));
#14434=CARTESIAN_POINT('Origin',(-29.9655914306641,0.,-3.50657016038895));
#14435=CARTESIAN_POINT('',(-29.9655914306641,0.,-3.50657016038895));
#14436=CARTESIAN_POINT('',(-29.9655914306641,0.,-3.50657016038895));
#14437=CARTESIAN_POINT('',(-29.9655914306641,0.,-3.50657016038895));
#14438=CARTESIAN_POINT('Origin',(-29.9417209625244,0.,-3.67411434650421));
#14439=CARTESIAN_POINT('',(-29.9417209625244,0.,-3.67411434650421));
#14440=CARTESIAN_POINT('',(-29.9417209625244,0.,-3.67411434650421));
#14441=CARTESIAN_POINT('',(-29.9417209625244,0.,-3.67411434650421));
#14442=CARTESIAN_POINT('Origin',(-29.946448802948,0.,-3.84328335523605));
#14443=CARTESIAN_POINT('',(-29.946448802948,0.,-3.84328335523605));
#14444=CARTESIAN_POINT('',(-29.946448802948,0.,-3.84328335523605));
#14445=CARTESIAN_POINT('',(-29.946448802948,0.,-3.84328335523605));
#14446=CARTESIAN_POINT('Origin',(-29.9796319007874,0.,-4.00923401117325));
#14447=CARTESIAN_POINT('',(-29.9796319007874,0.,-4.00923401117325));
#14448=CARTESIAN_POINT('',(-29.9796319007874,0.,-4.00923401117325));
#14449=CARTESIAN_POINT('',(-29.9796319007874,0.,-4.00923401117325));
#14450=CARTESIAN_POINT('Origin',(-30.0403261184692,0.,-4.16721105575562));
#14451=CARTESIAN_POINT('',(-30.0403261184692,0.,-4.16721105575562));
#14452=CARTESIAN_POINT('',(-30.0403261184692,0.,-4.16721105575562));
#14453=CARTESIAN_POINT('',(-30.0403261184692,0.,-4.16721105575562));
#14454=CARTESIAN_POINT('Origin',(-30.1267886161804,0.,-4.31269228458404));
#14455=CARTESIAN_POINT('',(-30.1267886161804,0.,-4.31269228458404));
#14456=CARTESIAN_POINT('',(-30.1267886161804,0.,-4.31269228458404));
#14457=CARTESIAN_POINT('',(-30.1267886161804,0.,-4.31269228458404));
#14458=CARTESIAN_POINT('Origin',(-30.2365469932556,0.,-4.44150984287262));
#14459=CARTESIAN_POINT('',(-30.2365469932556,0.,-4.44150984287262));
#14460=CARTESIAN_POINT('',(-30.2365469932556,0.,-4.44150984287262));
#14461=CARTESIAN_POINT('',(-30.2365469932556,0.,-4.44150984287262));
#14462=CARTESIAN_POINT('Origin',(-30.3664565086365,0.,-4.54997450113297));
#14463=CARTESIAN_POINT('',(-30.3664565086365,0.,-4.54997450113297));
#14464=CARTESIAN_POINT('',(-30.3664565086365,0.,-4.54997450113297));
#14465=CARTESIAN_POINT('',(-30.3664565086365,0.,-4.54997450113297));
#14466=CARTESIAN_POINT('Origin',(-31.7180466651917,0.,-5.62524974346161));
#14467=CARTESIAN_POINT('',(-31.7180466651917,0.,-5.62524974346161));
#14468=CARTESIAN_POINT('',(-31.7180466651917,0.,-5.62524974346161));
#14469=CARTESIAN_POINT('',(-31.7180466651917,0.,-5.62524974346161));
#14470=CARTESIAN_POINT('Origin',(-32.9285669326782,0.,-6.85718297958374));
#14471=CARTESIAN_POINT('',(-32.9285669326782,0.,-6.85718297958374));
#14472=CARTESIAN_POINT('',(-32.9285669326782,0.,-6.85718297958374));
#14473=CARTESIAN_POINT('',(-32.9285669326782,0.,-6.85718297958374));
#14474=CARTESIAN_POINT('Origin',(-33.9799809455872,0.,-8.22741806507111));
#14475=CARTESIAN_POINT('',(-33.9799809455872,0.,-8.22741806507111));
#14476=CARTESIAN_POINT('',(-33.9799809455872,0.,-8.22741806507111));
#14477=CARTESIAN_POINT('',(-33.9799809455872,0.,-8.22741806507111));
#14478=CARTESIAN_POINT('Origin',(-34.8566246032715,0.,-9.71554279327392));
#14479=CARTESIAN_POINT('',(-34.8566246032715,0.,-9.71554279327392));
#14480=CARTESIAN_POINT('',(-34.8566246032715,0.,-9.71554279327392));
#14481=CARTESIAN_POINT('',(-34.8566246032715,0.,-9.71554279327392));
#14482=CARTESIAN_POINT('Origin',(-35.5454325675964,0.,-11.2993848323822));
#14483=CARTESIAN_POINT('',(-35.5454325675964,0.,-11.2993848323822));
#14484=CARTESIAN_POINT('',(-35.5454325675964,0.,-11.2993848323822));
#14485=CARTESIAN_POINT('',(-35.5454325675964,0.,-11.2993848323822));
#14486=CARTESIAN_POINT('Origin',(-35.6165814399719,0.,-11.4529407024384));
#14487=CARTESIAN_POINT('',(-35.6165814399719,0.,-11.4529407024384));
#14488=CARTESIAN_POINT('',(-35.6165814399719,0.,-11.4529407024384));
#14489=CARTESIAN_POINT('',(-35.6165814399719,0.,-11.4529407024384));
#14490=CARTESIAN_POINT('Origin',(-35.7126021385193,0.,-11.5922999382019));
#14491=CARTESIAN_POINT('',(-35.7126021385193,0.,-11.5922999382019));
#14492=CARTESIAN_POINT('',(-35.7126021385193,0.,-11.5922999382019));
#14493=CARTESIAN_POINT('',(-35.7126021385193,0.,-11.5922999382019));
#14494=CARTESIAN_POINT('Origin',(-35.8307456970215,0.,-11.7134702205658));
#14495=CARTESIAN_POINT('',(-35.8307456970215,0.,-11.7134702205658));
#14496=CARTESIAN_POINT('',(-35.8307456970215,0.,-11.7134702205658));
#14497=CARTESIAN_POINT('',(-35.8307456970215,0.,-11.7134702205658));
#14498=CARTESIAN_POINT('Origin',(-35.9676337242126,0.,-11.8129849433899));
#14499=CARTESIAN_POINT('',(-35.9676337242126,0.,-11.8129849433899));
#14500=CARTESIAN_POINT('',(-35.9676337242126,0.,-11.8129849433899));
#14501=CARTESIAN_POINT('',(-35.9676337242126,0.,-11.8129849433899));
#14502=CARTESIAN_POINT('Origin',(-36.1193442344665,0.,-11.8879890441895));
#14503=CARTESIAN_POINT('',(-36.1193442344665,0.,-11.8879890441895));
#14504=CARTESIAN_POINT('',(-36.1193442344665,0.,-11.8879890441895));
#14505=CARTESIAN_POINT('',(-36.1193442344665,0.,-11.8879890441895));
#14506=CARTESIAN_POINT('Origin',(-36.2815260887146,0.,-11.9363391399384));
#14507=CARTESIAN_POINT('',(-36.2815260887146,0.,-11.9363391399384));
#14508=CARTESIAN_POINT('',(-36.2815260887146,0.,-11.9363391399384));
#14509=CARTESIAN_POINT('',(-36.2815260887146,0.,-11.9363391399384));
#14510=CARTESIAN_POINT('Origin',(-36.4495396614075,0.,-11.9566464424133));
#14511=CARTESIAN_POINT('',(-36.4495396614075,0.,-11.9566464424133));
#14512=CARTESIAN_POINT('',(-36.4495396614075,0.,-11.9566464424133));
#14513=CARTESIAN_POINT('',(-36.4495396614075,0.,-11.9566464424133));
#14514=CARTESIAN_POINT('Origin',(-36.6185688972473,0.,-11.9483304023743));
#14515=CARTESIAN_POINT('',(-36.6185688972473,0.,-11.9483304023743));
#14516=CARTESIAN_POINT('',(-36.6185688972473,0.,-11.9483304023743));
#14517=CARTESIAN_POINT('',(-36.6185688972473,0.,-11.9483304023743));
#14518=CARTESIAN_POINT('Origin',(-36.78377866745,0.,-11.9116306304932));
#14519=CARTESIAN_POINT('',(-36.78377866745,0.,-11.9116306304932));
#14520=CARTESIAN_POINT('',(-36.78377866745,0.,-11.9116306304932));
#14521=CARTESIAN_POINT('',(-36.78377866745,0.,-11.9116306304932));
#14522=CARTESIAN_POINT('Origin',(-36.9404339790344,0.,-11.847597360611));
#14523=CARTESIAN_POINT('',(-36.9404339790344,0.,-11.847597360611));
#14524=CARTESIAN_POINT('',(-36.9404339790344,0.,-11.847597360611));
#14525=CARTESIAN_POINT('',(-36.9404339790344,0.,-11.847597360611));
#14526=CARTESIAN_POINT('Origin',(-37.0840454101562,0.,-11.758064031601));
#14527=CARTESIAN_POINT('',(-37.0840454101562,0.,-11.758064031601));
#14528=CARTESIAN_POINT('',(-37.0840454101562,0.,-11.758064031601));
#14529=CARTESIAN_POINT('',(-37.0840454101562,0.,-11.758064031601));
#14530=CARTESIAN_POINT('Origin',(-37.2105026245117,0.,-11.6455960273743));
#14531=CARTESIAN_POINT('',(-37.2105026245117,0.,-11.6455960273743));
#14532=CARTESIAN_POINT('',(-37.2105026245117,0.,-11.6455960273743));
#14533=CARTESIAN_POINT('',(-37.2105026245117,0.,-11.6455960273743));
#14534=CARTESIAN_POINT('Origin',(-37.3161888122559,0.,-11.5134131908417));
#14535=CARTESIAN_POINT('',(-37.3161888122559,0.,-11.5134131908417));
#14536=CARTESIAN_POINT('',(-37.3161888122559,0.,-11.5134131908417));
#14537=CARTESIAN_POINT('',(-37.3161888122559,0.,-11.5134131908417));
#14538=CARTESIAN_POINT('Origin',(-37.3980689048767,0.,-11.3653028011322));
#14539=CARTESIAN_POINT('',(-37.3980689048767,0.,-11.3653028011322));
#14540=CARTESIAN_POINT('Origin',(-8.0675345659256,0.,-15.2317762374878));
#14541=CARTESIAN_POINT('',(-8.0675345659256,0.,-15.2317762374878));
#14542=CARTESIAN_POINT('',(-7.98477590084076,0.,-15.3793966770172));
#14543=CARTESIAN_POINT('',(-8.0675345659256,0.,-15.2317762374878));
#14544=CARTESIAN_POINT('',(-7.98477590084076,0.,-15.3793966770172));
#14545=CARTESIAN_POINT('',(-8.0675345659256,0.,-15.2317762374878));
#14546=CARTESIAN_POINT('Origin',(-8.12421441078186,0.,-15.0723159313202));
#14547=CARTESIAN_POINT('',(-8.12421441078186,0.,-15.0723159313202));
#14548=CARTESIAN_POINT('',(-8.12421441078186,0.,-15.0723159313202));
#14549=CARTESIAN_POINT('',(-8.12421441078186,0.,-15.0723159313202));
#14550=CARTESIAN_POINT('Origin',(-8.15319359302521,0.,-14.9055790901184));
#14551=CARTESIAN_POINT('',(-8.15319359302521,0.,-14.9055790901184));
#14552=CARTESIAN_POINT('',(-8.15319359302521,0.,-14.9055790901184));
#14553=CARTESIAN_POINT('',(-8.15319359302521,0.,-14.9055790901184));
#14554=CARTESIAN_POINT('Origin',(-8.40861320495605,0.,-13.1974291801453));
#14555=CARTESIAN_POINT('',(-8.40861320495605,0.,-13.1974291801453));
#14556=CARTESIAN_POINT('',(-8.40861320495605,0.,-13.1974291801453));
#14557=CARTESIAN_POINT('',(-8.40861320495605,0.,-13.1974291801453));
#14558=CARTESIAN_POINT('Origin',(-8.87023866176605,0.,-11.5331208705902));
#14559=CARTESIAN_POINT('',(-8.87023866176605,0.,-11.5331208705902));
#14560=CARTESIAN_POINT('',(-8.87023866176605,0.,-11.5331208705902));
#14561=CARTESIAN_POINT('',(-8.87023866176605,0.,-11.5331208705902));
#14562=CARTESIAN_POINT('Origin',(-9.53119099140167,0.,-9.93745267391205));
#14563=CARTESIAN_POINT('',(-9.53119099140167,0.,-9.93745267391205));
#14564=CARTESIAN_POINT('',(-9.53119099140167,0.,-9.93745267391205));
#14565=CARTESIAN_POINT('',(-9.53119099140167,0.,-9.93745267391205));
#14566=CARTESIAN_POINT('Origin',(-10.3816223144531,0.,-8.4341949224472));
#14567=CARTESIAN_POINT('',(-10.3816223144531,0.,-8.4341949224472));
#14568=CARTESIAN_POINT('',(-10.3816223144531,0.,-8.4341949224472));
#14569=CARTESIAN_POINT('',(-10.3816223144531,0.,-8.4341949224472));
#14570=CARTESIAN_POINT('Origin',(-11.4088642597198,0.,-7.04574525356293));
#14571=CARTESIAN_POINT('',(-11.4088642597198,0.,-7.04574525356293));
#14572=CARTESIAN_POINT('',(-11.4088642597198,0.,-7.04574525356293));
#14573=CARTESIAN_POINT('',(-11.4088642597198,0.,-7.04574525356293));
#14574=CARTESIAN_POINT('Origin',(-11.5062737464905,0.,-6.90735340118408));
#14575=CARTESIAN_POINT('',(-11.5062737464905,0.,-6.90735340118408));
#14576=CARTESIAN_POINT('',(-11.5062737464905,0.,-6.90735340118408));
#14577=CARTESIAN_POINT('',(-11.5062737464905,0.,-6.90735340118408));
#14578=CARTESIAN_POINT('Origin',(-11.5789520740509,0.,-6.75451755523682));
#14579=CARTESIAN_POINT('',(-11.5789520740509,0.,-6.75451755523682));
#14580=CARTESIAN_POINT('',(-11.5789520740509,0.,-6.75451755523682));
#14581=CARTESIAN_POINT('',(-11.5789520740509,0.,-6.75451755523682));
#14582=CARTESIAN_POINT('Origin',(-11.6248166561127,0.,-6.59161508083344));
#14583=CARTESIAN_POINT('',(-11.6248166561127,0.,-6.59161508083344));
#14584=CARTESIAN_POINT('',(-11.6248166561127,0.,-6.59161508083344));
#14585=CARTESIAN_POINT('',(-11.6248166561127,0.,-6.59161508083344));
#14586=CARTESIAN_POINT('Origin',(-11.6425549983978,0.,-6.42331063747406));
#14587=CARTESIAN_POINT('',(-11.6425549983978,0.,-6.42331063747406));
#14588=CARTESIAN_POINT('',(-11.6425549983978,0.,-6.42331063747406));
#14589=CARTESIAN_POINT('',(-11.6425549983978,0.,-6.42331063747406));
#14590=CARTESIAN_POINT('Origin',(-11.63165807724,0.,-6.25442504882812));
#14591=CARTESIAN_POINT('',(-11.63165807724,0.,-6.25442504882812));
#14592=CARTESIAN_POINT('',(-11.63165807724,0.,-6.25442504882812));
#14593=CARTESIAN_POINT('',(-11.63165807724,0.,-6.25442504882812));
#14594=CARTESIAN_POINT('Origin',(-11.5924382209778,0.,-6.08979642391205));
#14595=CARTESIAN_POINT('',(-11.5924382209778,0.,-6.08979642391205));
#14596=CARTESIAN_POINT('',(-11.5924382209778,0.,-6.08979642391205));
#14597=CARTESIAN_POINT('',(-11.5924382209778,0.,-6.08979642391205));
#14598=CARTESIAN_POINT('Origin',(-11.5260171890259,0.,-5.93413889408112));
#14599=CARTESIAN_POINT('',(-11.5260171890259,0.,-5.93413889408112));
#14600=CARTESIAN_POINT('',(-11.5260171890259,0.,-5.93413889408112));
#14601=CARTESIAN_POINT('',(-11.5260171890259,0.,-5.93413889408112));
#14602=CARTESIAN_POINT('Origin',(-11.4342999458313,0.,-5.79191148281097));
#14603=CARTESIAN_POINT('',(-11.4342999458313,0.,-5.79191148281097));
#14604=CARTESIAN_POINT('',(-11.4342999458313,0.,-5.79191148281097));
#14605=CARTESIAN_POINT('',(-11.4342999458313,0.,-5.79191148281097));
#14606=CARTESIAN_POINT('Origin',(-11.3199126720428,0.,-5.66718518733978));
#14607=CARTESIAN_POINT('',(-11.3199126720428,0.,-5.66718518733978));
#14608=CARTESIAN_POINT('',(-11.3199126720428,0.,-5.66718518733978));
#14609=CARTESIAN_POINT('',(-11.3199126720428,0.,-5.66718518733978));
#14610=CARTESIAN_POINT('Origin',(-11.1861312389374,0.,-5.56353509426117));
#14611=CARTESIAN_POINT('',(-11.1861312389374,0.,-5.56353509426117));
#14612=CARTESIAN_POINT('',(-11.1861312389374,0.,-5.56353509426117));
#14613=CARTESIAN_POINT('',(-11.1861312389374,0.,-5.56353509426117));
#14614=CARTESIAN_POINT('Origin',(-11.0367858409882,0.,-5.48392951488495));
#14615=CARTESIAN_POINT('',(-11.0367858409882,0.,-5.48392951488495));
#14616=CARTESIAN_POINT('',(-11.0367858409882,0.,-5.48392951488495));
#14617=CARTESIAN_POINT('',(-11.0367858409882,0.,-5.48392951488495));
#14618=CARTESIAN_POINT('Origin',(-10.876157283783,0.,-5.43064653873444));
#14619=CARTESIAN_POINT('',(-10.876157283783,0.,-5.43064653873444));
#14620=CARTESIAN_POINT('',(-10.876157283783,0.,-5.43064653873444));
#14621=CARTESIAN_POINT('',(-10.876157283783,0.,-5.43064653873444));
#14622=CARTESIAN_POINT('Origin',(-10.7088422775269,0.,-5.40521383285522));
#14623=CARTESIAN_POINT('',(-10.7088422775269,0.,-5.40521383285522));
#14624=CARTESIAN_POINT('',(-10.7088422775269,0.,-5.40521383285522));
#14625=CARTESIAN_POINT('',(-10.7088422775269,0.,-5.40521383285522));
#14626=CARTESIAN_POINT('Origin',(-10.5396354198456,0.,-5.40835976600647));
#14627=CARTESIAN_POINT('',(-10.5396354198456,0.,-5.40835976600647));
#14628=CARTESIAN_POINT('',(-10.5396354198456,0.,-5.40835976600647));
#14629=CARTESIAN_POINT('',(-10.5396354198456,0.,-5.40835976600647));
#14630=CARTESIAN_POINT('Origin',(-10.3733813762665,0.,-5.43999373912811));
#14631=CARTESIAN_POINT('',(-10.3733813762665,0.,-5.43999373912811));
#14632=CARTESIAN_POINT('',(-10.3733813762665,0.,-5.43999373912811));
#14633=CARTESIAN_POINT('',(-10.3733813762665,0.,-5.43999373912811));
#14634=CARTESIAN_POINT('Origin',(-9.73605334758758,0.,-5.62141120433807));
#14635=CARTESIAN_POINT('',(-9.73605334758758,0.,-5.62141120433807));
#14636=CARTESIAN_POINT('',(-9.73605334758758,0.,-5.62141120433807));
#14637=CARTESIAN_POINT('',(-9.73605334758758,0.,-5.62141120433807));
#14638=CARTESIAN_POINT('Origin',(-6.79250657558441,0.,-6.54143393039703));
#14639=CARTESIAN_POINT('',(-6.79250657558441,0.,-6.54143393039703));
#14640=CARTESIAN_POINT('',(-6.79250657558441,0.,-6.54143393039703));
#14641=CARTESIAN_POINT('',(-6.79250657558441,0.,-6.54143393039703));
#14642=CARTESIAN_POINT('Origin',(-3.6783292889595,0.,-7.66358256340027));
#14643=CARTESIAN_POINT('',(-3.6783292889595,0.,-7.66358256340027));
#14644=CARTESIAN_POINT('',(-3.6783292889595,0.,-7.66358256340027));
#14645=CARTESIAN_POINT('',(-3.6783292889595,0.,-7.66358256340027));
#14646=CARTESIAN_POINT('Origin',(-3.53244513273239,0.,-7.7338182926178));
#14647=CARTESIAN_POINT('',(-3.53244513273239,0.,-7.7338182926178));
#14648=CARTESIAN_POINT('',(-3.53244513273239,0.,-7.7338182926178));
#14649=CARTESIAN_POINT('',(-3.53244513273239,0.,-7.7338182926178));
#14650=CARTESIAN_POINT('Origin',(-3.39980810880661,0.,-7.82667636871338));
#14651=CARTESIAN_POINT('',(-3.39980810880661,0.,-7.82667636871338));
#14652=CARTESIAN_POINT('',(-3.39980810880661,0.,-7.82667636871338));
#14653=CARTESIAN_POINT('',(-3.39980810880661,0.,-7.82667636871338));
#14654=CARTESIAN_POINT('Origin',(-3.28389555215836,0.,-7.93972194194794));
#14655=CARTESIAN_POINT('',(-3.28389555215836,0.,-7.93972194194794));
#14656=CARTESIAN_POINT('',(-3.28389555215836,0.,-7.93972194194794));
#14657=CARTESIAN_POINT('',(-3.28389555215836,0.,-7.93972194194794));
#14658=CARTESIAN_POINT('Origin',(-3.18774402141571,0.,-8.06999206542969));
#14659=CARTESIAN_POINT('',(-3.18774402141571,0.,-8.06999206542969));
#14660=CARTESIAN_POINT('',(-3.18774402141571,0.,-8.06999206542969));
#14661=CARTESIAN_POINT('',(-3.18774402141571,0.,-8.06999206542969));
#14662=CARTESIAN_POINT('Origin',(-3.11387717723846,0.,-8.214071393013));
#14663=CARTESIAN_POINT('',(-3.11387717723846,0.,-8.214071393013));
#14664=CARTESIAN_POINT('',(-3.11387717723846,0.,-8.214071393013));
#14665=CARTESIAN_POINT('',(-3.11387717723846,0.,-8.214071393013));
#14666=CARTESIAN_POINT('Origin',(-3.06423008441925,0.,-8.36818218231201));
#14667=CARTESIAN_POINT('',(-3.06423008441925,0.,-8.36818218231201));
#14668=CARTESIAN_POINT('',(-3.06423008441925,0.,-8.36818218231201));
#14669=CARTESIAN_POINT('',(-3.06423008441925,0.,-8.36818218231201));
#14670=CARTESIAN_POINT('Origin',(-3.04010331630707,0.,-8.52828621864319));
#14671=CARTESIAN_POINT('',(-3.04010331630707,0.,-8.52828621864319));
#14672=CARTESIAN_POINT('',(-3.04010331630707,0.,-8.52828621864319));
#14673=CARTESIAN_POINT('',(-3.04010331630707,0.,-8.52828621864319));
#14674=CARTESIAN_POINT('Origin',(-3.04212987422943,0.,-8.69018375873566));
#14675=CARTESIAN_POINT('',(-3.04212987422943,0.,-8.69018375873566));
#14676=CARTESIAN_POINT('',(-3.04212987422943,0.,-8.69018375873566));
#14677=CARTESIAN_POINT('',(-3.04212987422943,0.,-8.69018375873566));
#14678=CARTESIAN_POINT('Origin',(-3.07025760412216,0.,-8.8496333360672));
#14679=CARTESIAN_POINT('',(-3.07025760412216,0.,-8.8496333360672));
#14680=CARTESIAN_POINT('',(-3.07025760412216,0.,-8.8496333360672));
#14681=CARTESIAN_POINT('',(-3.07025760412216,0.,-8.8496333360672));
#14682=CARTESIAN_POINT('Origin',(-3.12374919652939,0.,-9.00245308876038));
#14683=CARTESIAN_POINT('',(-3.12374919652939,0.,-9.00245308876038));
#14684=CARTESIAN_POINT('',(-3.12374919652939,0.,-9.00245308876038));
#14685=CARTESIAN_POINT('',(-3.12374919652939,0.,-9.00245308876038));
#14686=CARTESIAN_POINT('Origin',(-3.40753048658371,0.,-9.63407158851624));
#14687=CARTESIAN_POINT('',(-3.40753048658371,0.,-9.63407158851624));
#14688=CARTESIAN_POINT('',(-3.40753048658371,0.,-9.63407158851624));
#14689=CARTESIAN_POINT('',(-3.40753048658371,0.,-9.63407158851624));
#14690=CARTESIAN_POINT('Origin',(-4.75770056247711,0.,-12.4472498893738));
#14691=CARTESIAN_POINT('',(-4.75770056247711,0.,-12.4472498893738));
#14692=CARTESIAN_POINT('',(-4.75770056247711,0.,-12.4472498893738));
#14693=CARTESIAN_POINT('',(-4.75770056247711,0.,-12.4472498893738));
#14694=CARTESIAN_POINT('Origin',(-6.28556311130524,0.,-15.3088223934174));
#14695=CARTESIAN_POINT('',(-6.28556311130524,0.,-15.3088223934174));
#14696=CARTESIAN_POINT('',(-6.28556311130524,0.,-15.3088223934174));
#14697=CARTESIAN_POINT('',(-6.28556311130524,0.,-15.3088223934174));
#14698=CARTESIAN_POINT('Origin',(-6.38075351715088,0.,-15.4487490653992));
#14699=CARTESIAN_POINT('',(-6.38075351715088,0.,-15.4487490653992));
#14700=CARTESIAN_POINT('',(-6.38075351715088,0.,-15.4487490653992));
#14701=CARTESIAN_POINT('',(-6.38075351715088,0.,-15.4487490653992));
#14702=CARTESIAN_POINT('Origin',(-6.49817645549774,0.,-15.5706191062927));
#14703=CARTESIAN_POINT('',(-6.49817645549774,0.,-15.5706191062927));
#14704=CARTESIAN_POINT('',(-6.49817645549774,0.,-15.5706191062927));
#14705=CARTESIAN_POINT('',(-6.49817645549774,0.,-15.5706191062927));
#14706=CARTESIAN_POINT('Origin',(-6.63447022438049,0.,-15.6709432601929));
#14707=CARTESIAN_POINT('',(-6.63447022438049,0.,-15.6709432601929));
#14708=CARTESIAN_POINT('',(-6.63447022438049,0.,-15.6709432601929));
#14709=CARTESIAN_POINT('',(-6.63447022438049,0.,-15.6709432601929));
#14710=CARTESIAN_POINT('Origin',(-6.78572833538055,0.,-15.7468485832214));
#14711=CARTESIAN_POINT('',(-6.78572833538055,0.,-15.7468485832214));
#14712=CARTESIAN_POINT('',(-6.78572833538055,0.,-15.7468485832214));
#14713=CARTESIAN_POINT('',(-6.78572833538055,0.,-15.7468485832214));
#14714=CARTESIAN_POINT('Origin',(-6.94761991500854,0.,-15.7961595058441));
#14715=CARTESIAN_POINT('',(-6.94761991500854,0.,-15.7961595058441));
#14716=CARTESIAN_POINT('',(-6.94761991500854,0.,-15.7961595058441));
#14717=CARTESIAN_POINT('',(-6.94761991500854,0.,-15.7961595058441));
#14718=CARTESIAN_POINT('Origin',(-7.11550951004028,0.,-15.8174657821655));
#14719=CARTESIAN_POINT('',(-7.11550951004028,0.,-15.8174657821655));
#14720=CARTESIAN_POINT('',(-7.11550951004028,0.,-15.8174657821655));
#14721=CARTESIAN_POINT('',(-7.11550951004028,0.,-15.8174657821655));
#14722=CARTESIAN_POINT('Origin',(-7.28458642959595,0.,-15.8101558685303));
#14723=CARTESIAN_POINT('',(-7.28458642959595,0.,-15.8101558685303));
#14724=CARTESIAN_POINT('',(-7.28458642959595,0.,-15.8101558685303));
#14725=CARTESIAN_POINT('',(-7.28458642959595,0.,-15.8101558685303));
#14726=CARTESIAN_POINT('Origin',(-7.45001077651978,0.,-15.774439573288));
#14727=CARTESIAN_POINT('',(-7.45001077651978,0.,-15.774439573288));
#14728=CARTESIAN_POINT('',(-7.45001077651978,0.,-15.774439573288));
#14729=CARTESIAN_POINT('',(-7.45001077651978,0.,-15.774439573288));
#14730=CARTESIAN_POINT('Origin',(-7.60704219341278,0.,-15.71133852005));
#14731=CARTESIAN_POINT('',(-7.60704219341278,0.,-15.71133852005));
#14732=CARTESIAN_POINT('',(-7.60704219341278,0.,-15.71133852005));
#14733=CARTESIAN_POINT('',(-7.60704219341278,0.,-15.71133852005));
#14734=CARTESIAN_POINT('Origin',(-7.75118470191956,0.,-15.622661113739));
#14735=CARTESIAN_POINT('',(-7.75118470191956,0.,-15.622661113739));
#14736=CARTESIAN_POINT('',(-7.75118470191956,0.,-15.622661113739));
#14737=CARTESIAN_POINT('',(-7.75118470191956,0.,-15.622661113739));
#14738=CARTESIAN_POINT('Origin',(-7.87830948829651,0.,-15.5109477043152));
#14739=CARTESIAN_POINT('',(-7.87830948829651,0.,-15.5109477043152));
#14740=CARTESIAN_POINT('',(-7.87830948829651,0.,-15.5109477043152));
#14741=CARTESIAN_POINT('',(-7.87830948829651,0.,-15.5109477043152));
#14742=CARTESIAN_POINT('Origin',(-7.98477590084076,0.,-15.3793966770172));
#14743=CARTESIAN_POINT('',(-7.98477590084076,0.,-15.3793966770172));
#14744=CARTESIAN_POINT('Origin',(-29.536600112915,0.,-29.407742023468));
#14745=CARTESIAN_POINT('',(-29.536600112915,0.,-29.407742023468));
#14746=CARTESIAN_POINT('',(-29.6020936965942,0.,-29.5637917518616));
#14747=CARTESIAN_POINT('',(-29.536600112915,0.,-29.407742023468));
#14748=CARTESIAN_POINT('',(-29.6020936965942,0.,-29.5637917518616));
#14749=CARTESIAN_POINT('',(-29.536600112915,0.,-29.407742023468));
#14750=CARTESIAN_POINT('Origin',(-29.4457316398621,0.,-29.2649722099304));
#14751=CARTESIAN_POINT('',(-29.4457316398621,0.,-29.2649722099304));
#14752=CARTESIAN_POINT('',(-29.4457316398621,0.,-29.2649722099304));
#14753=CARTESIAN_POINT('',(-29.4457316398621,0.,-29.2649722099304));
#14754=CARTESIAN_POINT('Origin',(-29.3320870399475,0.,-29.1395688056946));
#14755=CARTESIAN_POINT('',(-29.3320870399475,0.,-29.1395688056946));
#14756=CARTESIAN_POINT('',(-29.3320870399475,0.,-29.1395688056946));
#14757=CARTESIAN_POINT('',(-29.3320870399475,0.,-29.1395688056946));
#14758=CARTESIAN_POINT('Origin',(-29.1989231109619,0.,-29.0351271629333));
#14759=CARTESIAN_POINT('',(-29.1989231109619,0.,-29.0351271629333));
#14760=CARTESIAN_POINT('',(-29.1989231109619,0.,-29.0351271629333));
#14761=CARTESIAN_POINT('',(-29.1989231109619,0.,-29.0351271629333));
#14762=CARTESIAN_POINT('Origin',(-29.0500569343567,0.,-28.9546346664429));
#14763=CARTESIAN_POINT('',(-29.0500569343567,0.,-28.9546346664429));
#14764=CARTESIAN_POINT('',(-29.0500569343567,0.,-28.9546346664429));
#14765=CARTESIAN_POINT('',(-29.0500569343567,0.,-28.9546346664429));
#14766=CARTESIAN_POINT('Origin',(-28.8897490501404,0.,-28.9003968238831));
#14767=CARTESIAN_POINT('',(-28.8897490501404,0.,-28.9003968238831));
#14768=CARTESIAN_POINT('',(-28.8897490501404,0.,-28.9003968238831));
#14769=CARTESIAN_POINT('',(-28.8897490501404,0.,-28.9003968238831));
#14770=CARTESIAN_POINT('Origin',(-28.7225890159607,0.,-28.8739705085754));
#14771=CARTESIAN_POINT('',(-28.7225890159607,0.,-28.8739705085754));
#14772=CARTESIAN_POINT('',(-28.7225890159607,0.,-28.8739705085754));
#14773=CARTESIAN_POINT('',(-28.7225890159607,0.,-28.8739705085754));
#14774=CARTESIAN_POINT('Origin',(-28.5533666610718,0.,-28.87610912323));
#14775=CARTESIAN_POINT('',(-28.5533666610718,0.,-28.87610912323));
#14776=CARTESIAN_POINT('',(-28.5533666610718,0.,-28.87610912323));
#14777=CARTESIAN_POINT('',(-28.5533666610718,0.,-28.87610912323));
#14778=CARTESIAN_POINT('Origin',(-28.386926651001,0.,-28.9067530632019));
#14779=CARTESIAN_POINT('',(-28.386926651001,0.,-28.9067530632019));
#14780=CARTESIAN_POINT('',(-28.386926651001,0.,-28.9067530632019));
#14781=CARTESIAN_POINT('',(-28.386926651001,0.,-28.9067530632019));
#14782=CARTESIAN_POINT('Origin',(-28.2280421257019,0.,-28.9650249481201));
#14783=CARTESIAN_POINT('',(-28.2280421257019,0.,-28.9650249481201));
#14784=CARTESIAN_POINT('',(-28.2280421257019,0.,-28.9650249481201));
#14785=CARTESIAN_POINT('',(-28.2280421257019,0.,-28.9650249481201));
#14786=CARTESIAN_POINT('Origin',(-26.6210293769836,0.,-29.5978999137878));
#14787=CARTESIAN_POINT('',(-26.6210293769836,0.,-29.5978999137878));
#14788=CARTESIAN_POINT('',(-26.6210293769836,0.,-29.5978999137878));
#14789=CARTESIAN_POINT('',(-26.6210293769836,0.,-29.5978999137878));
#14790=CARTESIAN_POINT('Origin',(-24.9488830566406,0.,-30.0302767753601));
#14791=CARTESIAN_POINT('',(-24.9488830566406,0.,-30.0302767753601));
#14792=CARTESIAN_POINT('',(-24.9488830566406,0.,-30.0302767753601));
#14793=CARTESIAN_POINT('',(-24.9488830566406,0.,-30.0302767753601));
#14794=CARTESIAN_POINT('Origin',(-23.236517906189,0.,-30.255708694458));
#14795=CARTESIAN_POINT('',(-23.236517906189,0.,-30.255708694458));
#14796=CARTESIAN_POINT('',(-23.236517906189,0.,-30.255708694458));
#14797=CARTESIAN_POINT('',(-23.236517906189,0.,-30.255708694458));
#14798=CARTESIAN_POINT('Origin',(-21.5094447135925,0.,-30.2708411216736));
#14799=CARTESIAN_POINT('',(-21.5094447135925,0.,-30.2708411216736));
#14800=CARTESIAN_POINT('',(-21.5094447135925,0.,-30.2708411216736));
#14801=CARTESIAN_POINT('',(-21.5094447135925,0.,-30.2708411216736));
#14802=CARTESIAN_POINT('Origin',(-19.7933900356293,0.,-30.0754499435425));
#14803=CARTESIAN_POINT('',(-19.7933900356293,0.,-30.0754499435425));
#14804=CARTESIAN_POINT('',(-19.7933900356293,0.,-30.0754499435425));
#14805=CARTESIAN_POINT('',(-19.7933900356293,0.,-30.0754499435425));
#14806=CARTESIAN_POINT('Origin',(-19.6248340606689,0.,-30.0602865219116));
#14807=CARTESIAN_POINT('',(-19.6248340606689,0.,-30.0602865219116));
#14808=CARTESIAN_POINT('',(-19.6248340606689,0.,-30.0602865219116));
#14809=CARTESIAN_POINT('',(-19.6248340606689,0.,-30.0602865219116));
#14810=CARTESIAN_POINT('Origin',(-19.4561350345612,0.,-30.0737619400024));
#14811=CARTESIAN_POINT('',(-19.4561350345612,0.,-30.0737619400024));
#14812=CARTESIAN_POINT('',(-19.4561350345612,0.,-30.0737619400024));
#14813=CARTESIAN_POINT('',(-19.4561350345612,0.,-30.0737619400024));
#14814=CARTESIAN_POINT('Origin',(-19.2921245098114,0.,-30.1154923439026));
#14815=CARTESIAN_POINT('',(-19.2921245098114,0.,-30.1154923439026));
#14816=CARTESIAN_POINT('',(-19.2921245098114,0.,-30.1154923439026));
#14817=CARTESIAN_POINT('',(-19.2921245098114,0.,-30.1154923439026));
#14818=CARTESIAN_POINT('Origin',(-19.1375005245209,0.,-30.1842856407166));
#14819=CARTESIAN_POINT('',(-19.1375005245209,0.,-30.1842856407166));
#14820=CARTESIAN_POINT('',(-19.1375005245209,0.,-30.1842856407166));
#14821=CARTESIAN_POINT('',(-19.1375005245209,0.,-30.1842856407166));
#14822=CARTESIAN_POINT('Origin',(-18.9966893196106,0.,-30.2781653404236));
#14823=CARTESIAN_POINT('',(-18.9966893196106,0.,-30.2781653404236));
#14824=CARTESIAN_POINT('',(-18.9966893196106,0.,-30.2781653404236));
#14825=CARTESIAN_POINT('',(-18.9966893196106,0.,-30.2781653404236));
#14826=CARTESIAN_POINT('Origin',(-18.8737285137176,0.,-30.3944444656372));
#14827=CARTESIAN_POINT('',(-18.8737285137176,0.,-30.3944444656372));
#14828=CARTESIAN_POINT('',(-18.8737285137176,0.,-30.3944444656372));
#14829=CARTESIAN_POINT('',(-18.8737285137176,0.,-30.3944444656372));
#14830=CARTESIAN_POINT('Origin',(-18.7721335887909,0.,-30.5297923088074));
#14831=CARTESIAN_POINT('',(-18.7721335887909,0.,-30.5297923088074));
#14832=CARTESIAN_POINT('',(-18.7721335887909,0.,-30.5297923088074));
#14833=CARTESIAN_POINT('',(-18.7721335887909,0.,-30.5297923088074));
#14834=CARTESIAN_POINT('Origin',(-18.6948192119598,0.,-30.6803393363953));
#14835=CARTESIAN_POINT('',(-18.6948192119598,0.,-30.6803393363953));
#14836=CARTESIAN_POINT('',(-18.6948192119598,0.,-30.6803393363953));
#14837=CARTESIAN_POINT('',(-18.6948192119598,0.,-30.6803393363953));
#14838=CARTESIAN_POINT('Origin',(-18.6439979076385,0.,-30.8417630195618));
#14839=CARTESIAN_POINT('',(-18.6439979076385,0.,-30.8417630195618));
#14840=CARTESIAN_POINT('',(-18.6439979076385,0.,-30.8417630195618));
#14841=CARTESIAN_POINT('',(-18.6439979076385,0.,-30.8417630195618));
#14842=CARTESIAN_POINT('Origin',(-18.6211240291595,0.,-31.0094451904297));
#14843=CARTESIAN_POINT('',(-18.6211240291595,0.,-31.0094451904297));
#14844=CARTESIAN_POINT('',(-18.6211240291595,0.,-31.0094451904297));
#14845=CARTESIAN_POINT('',(-18.6211240291595,0.,-31.0094451904297));
#14846=CARTESIAN_POINT('Origin',(-18.6268556118011,0.,-31.1785864830017));
#14847=CARTESIAN_POINT('',(-18.6268556118011,0.,-31.1785864830017));
#14848=CARTESIAN_POINT('',(-18.6268556118011,0.,-31.1785864830017));
#14849=CARTESIAN_POINT('',(-18.6268556118011,0.,-31.1785864830017));
#14850=CARTESIAN_POINT('Origin',(-18.661025762558,0.,-31.3443350791931));
#14851=CARTESIAN_POINT('',(-18.661025762558,0.,-31.3443350791931));
#14852=CARTESIAN_POINT('',(-18.661025762558,0.,-31.3443350791931));
#14853=CARTESIAN_POINT('',(-18.661025762558,0.,-31.3443350791931));
#14854=CARTESIAN_POINT('Origin',(-18.7226581573486,0.,-31.5019512176514));
#14855=CARTESIAN_POINT('',(-18.7226581573486,0.,-31.5019512176514));
#14856=CARTESIAN_POINT('',(-18.7226581573486,0.,-31.5019512176514));
#14857=CARTESIAN_POINT('',(-18.7226581573486,0.,-31.5019512176514));
#14858=CARTESIAN_POINT('Origin',(-18.809986114502,0.,-31.6469168663025));
#14859=CARTESIAN_POINT('',(-18.809986114502,0.,-31.6469168663025));
#14860=CARTESIAN_POINT('',(-18.809986114502,0.,-31.6469168663025));
#14861=CARTESIAN_POINT('',(-18.809986114502,0.,-31.6469168663025));
#14862=CARTESIAN_POINT('Origin',(-18.9205098152161,0.,-31.7750787734985));
#14863=CARTESIAN_POINT('',(-18.9205098152161,0.,-31.7750787734985));
#14864=CARTESIAN_POINT('',(-18.9205098152161,0.,-31.7750787734985));
#14865=CARTESIAN_POINT('',(-18.9205098152161,0.,-31.7750787734985));
#14866=CARTESIAN_POINT('Origin',(-19.3962848186493,0.,-32.2363138198852));
#14867=CARTESIAN_POINT('',(-19.3962848186493,0.,-32.2363138198852));
#14868=CARTESIAN_POINT('',(-19.3962848186493,0.,-32.2363138198852));
#14869=CARTESIAN_POINT('',(-19.3962848186493,0.,-32.2363138198852));
#14870=CARTESIAN_POINT('Origin',(-21.664822101593,0.,-34.3254852294922));
#14871=CARTESIAN_POINT('',(-21.664822101593,0.,-34.3254852294922));
#14872=CARTESIAN_POINT('',(-21.664822101593,0.,-34.3254852294922));
#14873=CARTESIAN_POINT('',(-21.664822101593,0.,-34.3254852294922));
#14874=CARTESIAN_POINT('Origin',(-24.1937208175659,0.,-36.4613699913025));
#14875=CARTESIAN_POINT('',(-24.1937208175659,0.,-36.4613699913025));
#14876=CARTESIAN_POINT('',(-24.1937208175659,0.,-36.4613699913025));
#14877=CARTESIAN_POINT('',(-24.1937208175659,0.,-36.4613699913025));
#14878=CARTESIAN_POINT('Origin',(-24.3274879455566,0.,-36.5525889396667));
#14879=CARTESIAN_POINT('',(-24.3274879455566,0.,-36.5525889396667));
#14880=CARTESIAN_POINT('',(-24.3274879455566,0.,-36.5525889396667));
#14881=CARTESIAN_POINT('',(-24.3274879455566,0.,-36.5525889396667));
#14882=CARTESIAN_POINT('Origin',(-24.4742250442505,0.,-36.6210293769836));
#14883=CARTESIAN_POINT('',(-24.4742250442505,0.,-36.6210293769836));
#14884=CARTESIAN_POINT('',(-24.4742250442505,0.,-36.6210293769836));
#14885=CARTESIAN_POINT('',(-24.4742250442505,0.,-36.6210293769836));
#14886=CARTESIAN_POINT('Origin',(-24.630081653595,0.,-36.664891242981));
#14887=CARTESIAN_POINT('',(-24.630081653595,0.,-36.664891242981));
#14888=CARTESIAN_POINT('',(-24.630081653595,0.,-36.664891242981));
#14889=CARTESIAN_POINT('',(-24.630081653595,0.,-36.664891242981));
#14890=CARTESIAN_POINT('Origin',(-24.7909712791443,0.,-36.6830229759216));
#14891=CARTESIAN_POINT('',(-24.7909712791443,0.,-36.6830229759216));
#14892=CARTESIAN_POINT('',(-24.7909712791443,0.,-36.6830229759216));
#14893=CARTESIAN_POINT('',(-24.7909712791443,0.,-36.6830229759216));
#14894=CARTESIAN_POINT('Origin',(-24.9526834487915,0.,-36.6749548912048));
#14895=CARTESIAN_POINT('',(-24.9526834487915,0.,-36.6749548912048));
#14896=CARTESIAN_POINT('',(-24.9526834487915,0.,-36.6749548912048));
#14897=CARTESIAN_POINT('',(-24.9526834487915,0.,-36.6749548912048));
#14898=CARTESIAN_POINT('Origin',(-25.1109719276428,0.,-36.6408967971802));
#14899=CARTESIAN_POINT('',(-25.1109719276428,0.,-36.6408967971802));
#14900=CARTESIAN_POINT('',(-25.1109719276428,0.,-36.6408967971802));
#14901=CARTESIAN_POINT('',(-25.1109719276428,0.,-36.6408967971802));
#14902=CARTESIAN_POINT('Origin',(-25.2616882324219,0.,-36.5817379951477));
#14903=CARTESIAN_POINT('',(-25.2616882324219,0.,-36.5817379951477));
#14904=CARTESIAN_POINT('',(-25.2616882324219,0.,-36.5817379951477));
#14905=CARTESIAN_POINT('',(-25.2616882324219,0.,-36.5817379951477));
#14906=CARTESIAN_POINT('Origin',(-25.4008841514587,0.,-36.4990305900574));
#14907=CARTESIAN_POINT('',(-25.4008841514587,0.,-36.4990305900574));
#14908=CARTESIAN_POINT('',(-25.4008841514587,0.,-36.4990305900574));
#14909=CARTESIAN_POINT('',(-25.4008841514587,0.,-36.4990305900574));
#14910=CARTESIAN_POINT('Origin',(-25.5249047279358,0.,-36.3949465751648));
#14911=CARTESIAN_POINT('',(-25.5249047279358,0.,-36.3949465751648));
#14912=CARTESIAN_POINT('',(-25.5249047279358,0.,-36.3949465751648));
#14913=CARTESIAN_POINT('',(-25.5249047279358,0.,-36.3949465751648));
#14914=CARTESIAN_POINT('Origin',(-25.6305050849915,0.,-36.2722134590149));
#14915=CARTESIAN_POINT('',(-25.6305050849915,0.,-36.2722134590149));
#14916=CARTESIAN_POINT('',(-25.6305050849915,0.,-36.2722134590149));
#14917=CARTESIAN_POINT('',(-25.6305050849915,0.,-36.2722134590149));
#14918=CARTESIAN_POINT('Origin',(-26.0356116294861,0.,-35.7106447219849));
#14919=CARTESIAN_POINT('',(-26.0356116294861,0.,-35.7106447219849));
#14920=CARTESIAN_POINT('',(-26.0356116294861,0.,-35.7106447219849));
#14921=CARTESIAN_POINT('',(-26.0356116294861,0.,-35.7106447219849));
#14922=CARTESIAN_POINT('Origin',(-27.7968096733093,0.,-33.1347727775574));
#14923=CARTESIAN_POINT('',(-27.7968096733093,0.,-33.1347727775574));
#14924=CARTESIAN_POINT('',(-27.7968096733093,0.,-33.1347727775574));
#14925=CARTESIAN_POINT('',(-27.7968096733093,0.,-33.1347727775574));
#14926=CARTESIAN_POINT('Origin',(-29.5110750198364,0.,-30.3808188438416));
#14927=CARTESIAN_POINT('',(-29.5110750198364,0.,-30.3808188438416));
#14928=CARTESIAN_POINT('',(-29.5110750198364,0.,-30.3808188438416));
#14929=CARTESIAN_POINT('',(-29.5110750198364,0.,-30.3808188438416));
#14930=CARTESIAN_POINT('Origin',(-29.5846605300903,0.,-30.2284169197083));
#14931=CARTESIAN_POINT('',(-29.5846605300903,0.,-30.2284169197083));
#14932=CARTESIAN_POINT('',(-29.5846605300903,0.,-30.2284169197083));
#14933=CARTESIAN_POINT('',(-29.5846605300903,0.,-30.2284169197083));
#14934=CARTESIAN_POINT('Origin',(-29.6314907073975,0.,-30.0657916069031));
#14935=CARTESIAN_POINT('',(-29.6314907073975,0.,-30.0657916069031));
#14936=CARTESIAN_POINT('',(-29.6314907073975,0.,-30.0657916069031));
#14937=CARTESIAN_POINT('',(-29.6314907073975,0.,-30.0657916069031));
#14938=CARTESIAN_POINT('Origin',(-29.6502280235291,0.,-29.8975968360901));
#14939=CARTESIAN_POINT('',(-29.6502280235291,0.,-29.8975968360901));
#14940=CARTESIAN_POINT('',(-29.6502280235291,0.,-29.8975968360901));
#14941=CARTESIAN_POINT('',(-29.6502280235291,0.,-29.8975968360901));
#14942=CARTESIAN_POINT('Origin',(-29.6403336524963,0.,-29.7286510467529));
#14943=CARTESIAN_POINT('',(-29.6403336524963,0.,-29.7286510467529));
#14944=CARTESIAN_POINT('',(-29.6403336524963,0.,-29.7286510467529));
#14945=CARTESIAN_POINT('',(-29.6403336524963,0.,-29.7286510467529));
#14946=CARTESIAN_POINT('Origin',(-29.6020936965942,0.,-29.5637917518616));
#14947=CARTESIAN_POINT('',(-29.6020936965942,0.,-29.5637917518616));
#14948=CARTESIAN_POINT('Origin',(-12.3718678951263,0.,-27.7890419960022));
#14949=CARTESIAN_POINT('',(-12.3718678951263,0.,-27.7890419960022));
#14950=CARTESIAN_POINT('',(-14.509688615799,0.,-30.2183508872986));
#14951=CARTESIAN_POINT('',(-12.3718678951263,0.,-27.7890419960022));
#14952=CARTESIAN_POINT('',(-14.509688615799,0.,-30.2183508872986));
#14953=CARTESIAN_POINT('',(-12.3718678951263,0.,-27.7890419960022));
#14954=CARTESIAN_POINT('Origin',(-10.3489291667938,0.,-25.2716135978699));
#14955=CARTESIAN_POINT('',(-10.3489291667938,0.,-25.2716135978699));
#14956=CARTESIAN_POINT('',(-10.3489291667938,0.,-25.2716135978699));
#14957=CARTESIAN_POINT('',(-10.3489291667938,0.,-25.2716135978699));
#14958=CARTESIAN_POINT('Origin',(-8.49531173706055,0.,-22.7439069747925));
#14959=CARTESIAN_POINT('',(-8.49531173706055,0.,-22.7439069747925));
#14960=CARTESIAN_POINT('',(-8.49531173706055,0.,-22.7439069747925));
#14961=CARTESIAN_POINT('',(-8.49531173706055,0.,-22.7439069747925));
#14962=CARTESIAN_POINT('Origin',(-6.69359624385834,0.,-20.0447201728821));
#14963=CARTESIAN_POINT('',(-6.69359624385834,0.,-20.0447201728821));
#14964=CARTESIAN_POINT('',(-6.69359624385834,0.,-20.0447201728821));
#14965=CARTESIAN_POINT('',(-6.69359624385834,0.,-20.0447201728821));
#14966=CARTESIAN_POINT('Origin',(-5.0025886297226,0.,-17.2484612464905));
#14967=CARTESIAN_POINT('',(-5.0025886297226,0.,-17.2484612464905));
#14968=CARTESIAN_POINT('',(-5.0025886297226,0.,-17.2484612464905));
#14969=CARTESIAN_POINT('',(-5.0025886297226,0.,-17.2484612464905));
#14970=CARTESIAN_POINT('Origin',(-3.42183381319046,0.,-14.3514657020569));
#14971=CARTESIAN_POINT('',(-3.42183381319046,0.,-14.3514657020569));
#14972=CARTESIAN_POINT('',(-3.42183381319046,0.,-14.3514657020569));
#14973=CARTESIAN_POINT('',(-3.42183381319046,0.,-14.3514657020569));
#14974=CARTESIAN_POINT('Origin',(-1.95138350129128,0.,-11.3497996330261));
#14975=CARTESIAN_POINT('',(-1.95138350129128,0.,-11.3497996330261));
#14976=CARTESIAN_POINT('',(-1.95138350129128,0.,-11.3497996330261));
#14977=CARTESIAN_POINT('',(-1.95138350129128,0.,-11.3497996330261));
#14978=CARTESIAN_POINT('Origin',(-0.597862564027309,0.,-8.25405299663544));
#14979=CARTESIAN_POINT('',(-0.597862564027309,0.,-8.25405299663544));
#14980=CARTESIAN_POINT('',(-0.597862564027309,0.,-8.25405299663544));
#14981=CARTESIAN_POINT('',(-0.597862564027309,0.,-8.25405299663544));
#14982=CARTESIAN_POINT('Origin',(-0.756204128265381,0.,-8.30830097198486));
#14983=CARTESIAN_POINT('',(-0.756204128265381,0.,-8.30830097198486));
#14984=CARTESIAN_POINT('',(-0.756204128265381,0.,-8.30830097198486));
#14985=CARTESIAN_POINT('',(-0.756204128265381,0.,-8.30830097198486));
#14986=CARTESIAN_POINT('Origin',(-0.921377912163734,0.,-8.33537876605988));
#14987=CARTESIAN_POINT('',(-0.921377912163734,0.,-8.33537876605988));
#14988=CARTESIAN_POINT('',(-0.921377912163734,0.,-8.33537876605988));
#14989=CARTESIAN_POINT('',(-0.921377912163734,0.,-8.33537876605988));
#14990=CARTESIAN_POINT('Origin',(-1.08875334262848,0.,-8.33452701568604));
#14991=CARTESIAN_POINT('',(-1.08875334262848,0.,-8.33452701568604));
#14992=CARTESIAN_POINT('',(-1.08875334262848,0.,-8.33452701568604));
#14993=CARTESIAN_POINT('',(-1.08875334262848,0.,-8.33452701568604));
#14994=CARTESIAN_POINT('Origin',(-1.253642141819,0.,-8.30577194690704));
#14995=CARTESIAN_POINT('',(-1.253642141819,0.,-8.30577194690704));
#14996=CARTESIAN_POINT('',(-1.253642141819,0.,-8.30577194690704));
#14997=CARTESIAN_POINT('',(-1.253642141819,0.,-8.30577194690704));
#14998=CARTESIAN_POINT('Origin',(-1.41142502427101,0.,-8.24991703033447));
#14999=CARTESIAN_POINT('',(-1.41142502427101,0.,-8.24991703033447));
#15000=CARTESIAN_POINT('',(-1.41142502427101,0.,-8.24991703033447));
#15001=CARTESIAN_POINT('',(-1.41142502427101,0.,-8.24991703033447));
#15002=CARTESIAN_POINT('Origin',(-1.55768170952797,0.,-8.16852867603302));
#15003=CARTESIAN_POINT('',(-1.55768170952797,0.,-8.16852867603302));
#15004=CARTESIAN_POINT('',(-1.55768170952797,0.,-8.16852867603302));
#15005=CARTESIAN_POINT('',(-1.55768170952797,0.,-8.16852867603302));
#15006=CARTESIAN_POINT('Origin',(-1.68831452727318,0.,-8.06388556957245));
#15007=CARTESIAN_POINT('',(-1.68831452727318,0.,-8.06388556957245));
#15008=CARTESIAN_POINT('',(-1.68831452727318,0.,-8.06388556957245));
#15009=CARTESIAN_POINT('',(-1.68831452727318,0.,-8.06388556957245));
#15010=CARTESIAN_POINT('Origin',(-1.79966554045677,0.,-7.93892085552216));
#15011=CARTESIAN_POINT('',(-1.79966554045677,0.,-7.93892085552216));
#15012=CARTESIAN_POINT('',(-1.79966554045677,0.,-7.93892085552216));
#15013=CARTESIAN_POINT('',(-1.79966554045677,0.,-7.93892085552216));
#15014=CARTESIAN_POINT('Origin',(-1.88861235976219,0.,-7.79713332653046));
#15015=CARTESIAN_POINT('',(-1.88861235976219,0.,-7.79713332653046));
#15016=CARTESIAN_POINT('',(-1.88861235976219,0.,-7.79713332653046));
#15017=CARTESIAN_POINT('',(-1.88861235976219,0.,-7.79713332653046));
#15018=CARTESIAN_POINT('Origin',(-1.95266500115395,0.,-7.64249682426453));
#15019=CARTESIAN_POINT('',(-1.95266500115395,0.,-7.64249682426453));
#15020=CARTESIAN_POINT('',(-1.95266500115395,0.,-7.64249682426453));
#15021=CARTESIAN_POINT('',(-1.95266500115395,0.,-7.64249682426453));
#15022=CARTESIAN_POINT('Origin',(-1.99002772569656,0.,-7.47934281826019));
#15023=CARTESIAN_POINT('',(-1.99002772569656,0.,-7.47934281826019));
#15024=CARTESIAN_POINT('',(-1.99002772569656,0.,-7.47934281826019));
#15025=CARTESIAN_POINT('',(-1.99002772569656,0.,-7.47934281826019));
#15026=CARTESIAN_POINT('Origin',(-1.99965581297874,0.,-7.31224238872528));
#15027=CARTESIAN_POINT('',(-1.99965581297874,0.,-7.31224238872528));
#15028=CARTESIAN_POINT('',(-1.99965581297874,0.,-7.31224238872528));
#15029=CARTESIAN_POINT('',(-1.99965581297874,0.,-7.31224238872528));
#15030=CARTESIAN_POINT('Origin',(-1.98127895593643,0.,-7.14587688446045));
#15031=CARTESIAN_POINT('',(-1.98127895593643,0.,-7.14587688446045));
#15032=CARTESIAN_POINT('',(-1.98127895593643,0.,-7.14587688446045));
#15033=CARTESIAN_POINT('',(-1.98127895593643,0.,-7.14587688446045));
#15034=CARTESIAN_POINT('Origin',(-1.93540945649147,0.,-6.98490738868713));
#15035=CARTESIAN_POINT('',(-1.93540945649147,0.,-6.98490738868713));
#15036=CARTESIAN_POINT('',(-1.93540945649147,0.,-6.98490738868713));
#15037=CARTESIAN_POINT('',(-1.93540945649147,0.,-6.98490738868713));
#15038=CARTESIAN_POINT('Origin',(-1.86333432793617,0.,-6.83384299278259));
#15039=CARTESIAN_POINT('',(-1.86333432793617,0.,-6.83384299278259));
#15040=CARTESIAN_POINT('',(-1.86333432793617,0.,-6.83384299278259));
#15041=CARTESIAN_POINT('',(-1.86333432793617,0.,-6.83384299278259));
#15042=CARTESIAN_POINT('Origin',(-1.76707476377487,0.,-6.69691503047943));
#15043=CARTESIAN_POINT('',(-1.76707476377487,0.,-6.69691503047943));
#15044=CARTESIAN_POINT('',(-1.76707476377487,0.,-6.69691503047943));
#15045=CARTESIAN_POINT('',(-1.76707476377487,0.,-6.69691503047943));
#15046=CARTESIAN_POINT('Origin',(-1.64932385087013,0.,-6.57796084880829));
#15047=CARTESIAN_POINT('',(-1.64932385087013,0.,-6.57796084880829));
#15048=CARTESIAN_POINT('',(-1.64932385087013,0.,-6.57796084880829));
#15049=CARTESIAN_POINT('',(-1.64932385087013,0.,-6.57796084880829));
#15050=CARTESIAN_POINT('Origin',(-1.51338249444962,0.,-6.48031413555145));
#15051=CARTESIAN_POINT('',(-1.51338249444962,0.,-6.48031413555145));
#15052=CARTESIAN_POINT('',(-1.51338249444962,0.,-6.48031413555145));
#15053=CARTESIAN_POINT('',(-1.51338249444962,0.,-6.48031413555145));
#15054=CARTESIAN_POINT('Origin',(-1.36305764317513,0.,-6.40670776367188));
#15055=CARTESIAN_POINT('',(-1.36305764317513,0.,-6.40670776367188));
#15056=CARTESIAN_POINT('',(-1.36305764317513,0.,-6.40670776367188));
#15057=CARTESIAN_POINT('',(-1.36305764317513,0.,-6.40670776367188));
#15058=CARTESIAN_POINT('Origin',(-4.49106127023697,0.,-5.18141210079193));
#15059=CARTESIAN_POINT('',(-4.49106127023697,0.,-5.18141210079193));
#15060=CARTESIAN_POINT('',(-4.49106127023697,0.,-5.18141210079193));
#15061=CARTESIAN_POINT('',(-4.49106127023697,0.,-5.18141210079193));
#15062=CARTESIAN_POINT('Origin',(-7.62563169002533,0.,-4.10661667585373));
#15063=CARTESIAN_POINT('',(-7.62563169002533,0.,-4.10661667585373));
#15064=CARTESIAN_POINT('',(-7.62563169002533,0.,-4.10661667585373));
#15065=CARTESIAN_POINT('',(-7.62563169002533,0.,-4.10661667585373));
#15066=CARTESIAN_POINT('Origin',(-10.7699513435364,0.,-3.179632127285));
#15067=CARTESIAN_POINT('',(-10.7699513435364,0.,-3.179632127285));
#15068=CARTESIAN_POINT('',(-10.7699513435364,0.,-3.179632127285));
#15069=CARTESIAN_POINT('',(-10.7699513435364,0.,-3.179632127285));
#15070=CARTESIAN_POINT('Origin',(-13.9269590377808,0.,-2.39847615361214));
#15071=CARTESIAN_POINT('',(-13.9269590377808,0.,-2.39847615361214));
#15072=CARTESIAN_POINT('',(-13.9269590377808,0.,-2.39847615361214));
#15073=CARTESIAN_POINT('',(-13.9269590377808,0.,-2.39847615361214));
#15074=CARTESIAN_POINT('Origin',(-17.0997107028961,0.,-1.76172241568565));
#15075=CARTESIAN_POINT('',(-17.0997107028961,0.,-1.76172241568565));
#15076=CARTESIAN_POINT('',(-17.0997107028961,0.,-1.76172241568565));
#15077=CARTESIAN_POINT('',(-17.0997107028961,0.,-1.76172241568565));
#15078=CARTESIAN_POINT('Origin',(-20.2913355827332,0.,-1.26852005720139));
#15079=CARTESIAN_POINT('',(-20.2913355827332,0.,-1.26852005720139));
#15080=CARTESIAN_POINT('',(-20.2913355827332,0.,-1.26852005720139));
#15081=CARTESIAN_POINT('',(-20.2913355827332,0.,-1.26852005720139));
#15082=CARTESIAN_POINT('Origin',(-23.4072041511536,0.,-0.927094370126724));
#15083=CARTESIAN_POINT('',(-23.4072041511536,0.,-0.927094370126724));
#15084=CARTESIAN_POINT('',(-23.4072041511536,0.,-0.927094370126724));
#15085=CARTESIAN_POINT('',(-23.4072041511536,0.,-0.927094370126724));
#15086=CARTESIAN_POINT('Origin',(-26.6456270217896,0.,-0.716355666518211));
#15087=CARTESIAN_POINT('',(-26.6456270217896,0.,-0.716355666518211));
#15088=CARTESIAN_POINT('',(-26.6456270217896,0.,-0.716355666518211));
#15089=CARTESIAN_POINT('',(-26.6456270217896,0.,-0.716355666518211));
#15090=CARTESIAN_POINT('Origin',(-29.9127626419067,0.,-0.650028735399246));
#15091=CARTESIAN_POINT('',(-29.9127626419067,0.,-0.650028735399246));
#15092=CARTESIAN_POINT('',(-29.9127626419067,0.,-0.650028735399246));
#15093=CARTESIAN_POINT('',(-29.9127626419067,0.,-0.650028735399246));
#15094=CARTESIAN_POINT('Origin',(-33.2120108604431,0.,-0.729553401470184));
#15095=CARTESIAN_POINT('',(-33.2120108604431,0.,-0.729553401470184));
#15096=CARTESIAN_POINT('',(-33.2120108604431,0.,-0.729553401470184));
#15097=CARTESIAN_POINT('',(-33.2120108604431,0.,-0.729553401470184));
#15098=CARTESIAN_POINT('Origin',(-36.5467524528503,0.,-0.95693863928318));
#15099=CARTESIAN_POINT('',(-36.5467524528503,0.,-0.95693863928318));
#15100=CARTESIAN_POINT('',(-36.5467524528503,0.,-0.95693863928318));
#15101=CARTESIAN_POINT('',(-36.5467524528503,0.,-0.95693863928318));
#15102=CARTESIAN_POINT('Origin',(-39.904510974884,0.,-1.33262857794762));
#15103=CARTESIAN_POINT('',(-39.904510974884,0.,-1.33262857794762));
#15104=CARTESIAN_POINT('',(-39.904510974884,0.,-1.33262857794762));
#15105=CARTESIAN_POINT('',(-39.904510974884,0.,-1.33262857794762));
#15106=CARTESIAN_POINT('Origin',(-39.7783589363098,0.,-1.44263371825218));
#15107=CARTESIAN_POINT('',(-39.7783589363098,0.,-1.44263371825218));
#15108=CARTESIAN_POINT('',(-39.7783589363098,0.,-1.44263371825218));
#15109=CARTESIAN_POINT('',(-39.7783589363098,0.,-1.44263371825218));
#15110=CARTESIAN_POINT('Origin',(-39.6723222732544,0.,-1.57213866710663));
#15111=CARTESIAN_POINT('',(-39.6723222732544,0.,-1.57213866710663));
#15112=CARTESIAN_POINT('',(-39.6723222732544,0.,-1.57213866710663));
#15113=CARTESIAN_POINT('',(-39.6723222732544,0.,-1.57213866710663));
#15114=CARTESIAN_POINT('Origin',(-39.5893716812134,0.,-1.71751528978348));
#15115=CARTESIAN_POINT('',(-39.5893716812134,0.,-1.71751528978348));
#15116=CARTESIAN_POINT('',(-39.5893716812134,0.,-1.71751528978348));
#15117=CARTESIAN_POINT('',(-39.5893716812134,0.,-1.71751528978348));
#15118=CARTESIAN_POINT('Origin',(-39.5318293571472,0.,-1.87469094991684));
#15119=CARTESIAN_POINT('',(-39.5318293571472,0.,-1.87469094991684));
#15120=CARTESIAN_POINT('',(-39.5318293571472,0.,-1.87469094991684));
#15121=CARTESIAN_POINT('',(-39.5318293571472,0.,-1.87469094991684));
#15122=CARTESIAN_POINT('Origin',(-39.5013093948364,0.,-2.03926205635071));
#15123=CARTESIAN_POINT('',(-39.5013093948364,0.,-2.03926205635071));
#15124=CARTESIAN_POINT('',(-39.5013093948364,0.,-2.03926205635071));
#15125=CARTESIAN_POINT('',(-39.5013093948364,0.,-2.03926205635071));
#15126=CARTESIAN_POINT('Origin',(-39.4986653327942,0.,-2.20661878585815));
#15127=CARTESIAN_POINT('',(-39.4986653327942,0.,-2.20661878585815));
#15128=CARTESIAN_POINT('',(-39.4986653327942,0.,-2.20661878585815));
#15129=CARTESIAN_POINT('',(-39.4986653327942,0.,-2.20661878585815));
#15130=CARTESIAN_POINT('Origin',(-39.5239758491516,0.,-2.3720720410347));
#15131=CARTESIAN_POINT('',(-39.5239758491516,0.,-2.3720720410347));
#15132=CARTESIAN_POINT('',(-39.5239758491516,0.,-2.3720720410347));
#15133=CARTESIAN_POINT('',(-39.5239758491516,0.,-2.3720720410347));
#15134=CARTESIAN_POINT('Origin',(-39.5765233039856,0.,-2.53098666667938));
#15135=CARTESIAN_POINT('',(-39.5765233039856,0.,-2.53098666667938));
#15136=CARTESIAN_POINT('',(-39.5765233039856,0.,-2.53098666667938));
#15137=CARTESIAN_POINT('',(-39.5765233039856,0.,-2.53098666667938));
#15138=CARTESIAN_POINT('Origin',(-39.6548390388489,0.,-2.67891138792038));
#15139=CARTESIAN_POINT('',(-39.6548390388489,0.,-2.67891138792038));
#15140=CARTESIAN_POINT('',(-39.6548390388489,0.,-2.67891138792038));
#15141=CARTESIAN_POINT('',(-39.6548390388489,0.,-2.67891138792038));
#15142=CARTESIAN_POINT('Origin',(-39.7567343711853,0.,-2.81170010566711));
#15143=CARTESIAN_POINT('',(-39.7567343711853,0.,-2.81170010566711));
#15144=CARTESIAN_POINT('',(-39.7567343711853,0.,-2.81170010566711));
#15145=CARTESIAN_POINT('',(-39.7567343711853,0.,-2.81170010566711));
#15146=CARTESIAN_POINT('Origin',(-39.8793458938599,0.,-2.92563527822494));
#15147=CARTESIAN_POINT('',(-39.8793458938599,0.,-2.92563527822494));
#15148=CARTESIAN_POINT('',(-39.8793458938599,0.,-2.92563527822494));
#15149=CARTESIAN_POINT('',(-39.8793458938599,0.,-2.92563527822494));
#15150=CARTESIAN_POINT('Origin',(-40.0192451477051,0.,-3.01752328872681));
#15151=CARTESIAN_POINT('',(-40.0192451477051,0.,-3.01752328872681));
#15152=CARTESIAN_POINT('',(-40.0192451477051,0.,-3.01752328872681));
#15153=CARTESIAN_POINT('',(-40.0192451477051,0.,-3.01752328872681));
#15154=CARTESIAN_POINT('Origin',(-40.1725149154663,0.,-3.08479011058807));
#15155=CARTESIAN_POINT('',(-40.1725149154663,0.,-3.08479011058807));
#15156=CARTESIAN_POINT('',(-40.1725149154663,0.,-3.08479011058807));
#15157=CARTESIAN_POINT('',(-40.1725149154663,0.,-3.08479011058807));
#15158=CARTESIAN_POINT('Origin',(-40.334849357605,0.,-3.12555134296417));
#15159=CARTESIAN_POINT('',(-40.334849357605,0.,-3.12555134296417));
#15160=CARTESIAN_POINT('',(-40.334849357605,0.,-3.12555134296417));
#15161=CARTESIAN_POINT('',(-40.334849357605,0.,-3.12555134296417));
#15162=CARTESIAN_POINT('Origin',(-40.5017137527466,0.,-3.13866525888443));
#15163=CARTESIAN_POINT('',(-40.5017137527466,0.,-3.13866525888443));
#15164=CARTESIAN_POINT('',(-40.5017137527466,0.,-3.13866525888443));
#15165=CARTESIAN_POINT('',(-40.5017137527466,0.,-3.13866525888443));
#15166=CARTESIAN_POINT('Origin',(-40.6684255599976,0.,-3.12376499176025));
#15167=CARTESIAN_POINT('',(-40.6684255599976,0.,-3.12376499176025));
#15168=CARTESIAN_POINT('',(-40.6684255599976,0.,-3.12376499176025));
#15169=CARTESIAN_POINT('',(-40.6684255599976,0.,-3.12376499176025));
#15170=CARTESIAN_POINT('Origin',(-40.8303213119507,0.,-3.0812668800354));
#15171=CARTESIAN_POINT('',(-40.8303213119507,0.,-3.0812668800354));
#15172=CARTESIAN_POINT('',(-40.8303213119507,0.,-3.0812668800354));
#15173=CARTESIAN_POINT('',(-40.8303213119507,0.,-3.0812668800354));
#15174=CARTESIAN_POINT('Origin',(-40.9828519821167,0.,-3.01236212253571));
#15175=CARTESIAN_POINT('',(-40.9828519821167,0.,-3.01236212253571));
#15176=CARTESIAN_POINT('',(-40.9828519821167,0.,-3.01236212253571));
#15177=CARTESIAN_POINT('',(-40.9828519821167,0.,-3.01236212253571));
#15178=CARTESIAN_POINT('Origin',(-41.1217641830444,0.,-2.91898101568222));
#15179=CARTESIAN_POINT('',(-41.1217641830444,0.,-2.91898101568222));
#15180=CARTESIAN_POINT('',(-41.1217641830444,0.,-2.91898101568222));
#15181=CARTESIAN_POINT('',(-41.1217641830444,0.,-2.91898101568222));
#15182=CARTESIAN_POINT('Origin',(-40.618896484375,0.,-6.24055802822113));
#15183=CARTESIAN_POINT('',(-40.618896484375,0.,-6.24055802822113));
#15184=CARTESIAN_POINT('',(-40.618896484375,0.,-6.24055802822113));
#15185=CARTESIAN_POINT('',(-40.618896484375,0.,-6.24055802822113));
#15186=CARTESIAN_POINT('Origin',(-39.9824118614197,0.,-9.49257373809814));
#15187=CARTESIAN_POINT('',(-39.9824118614197,0.,-9.49257373809814));
#15188=CARTESIAN_POINT('',(-39.9824118614197,0.,-9.49257373809814));
#15189=CARTESIAN_POINT('',(-39.9824118614197,0.,-9.49257373809814));
#15190=CARTESIAN_POINT('Origin',(-39.2130446434021,0.,-12.6791274547577));
#15191=CARTESIAN_POINT('',(-39.2130446434021,0.,-12.6791274547577));
#15192=CARTESIAN_POINT('',(-39.2130446434021,0.,-12.6791274547577));
#15193=CARTESIAN_POINT('',(-39.2130446434021,0.,-12.6791274547577));
#15194=CARTESIAN_POINT('Origin',(-38.3110404014587,0.,-15.8037543296814));
#15195=CARTESIAN_POINT('',(-38.3110404014587,0.,-15.8037543296814));
#15196=CARTESIAN_POINT('',(-38.3110404014587,0.,-15.8037543296814));
#15197=CARTESIAN_POINT('',(-38.3110404014587,0.,-15.8037543296814));
#15198=CARTESIAN_POINT('Origin',(-37.2761082649231,0.,-18.8698136806488));
#15199=CARTESIAN_POINT('',(-37.2761082649231,0.,-18.8698136806488));
#15200=CARTESIAN_POINT('',(-37.2761082649231,0.,-18.8698136806488));
#15201=CARTESIAN_POINT('',(-37.2761082649231,0.,-18.8698136806488));
#15202=CARTESIAN_POINT('Origin',(-36.1074233055115,0.,-21.8804430961609));
#15203=CARTESIAN_POINT('',(-36.1074233055115,0.,-21.8804430961609));
#15204=CARTESIAN_POINT('',(-36.1074233055115,0.,-21.8804430961609));
#15205=CARTESIAN_POINT('',(-36.1074233055115,0.,-21.8804430961609));
#15206=CARTESIAN_POINT('Origin',(-34.8451733589172,0.,-24.7495770454407));
#15207=CARTESIAN_POINT('',(-34.8451733589172,0.,-24.7495770454407));
#15208=CARTESIAN_POINT('',(-34.8451733589172,0.,-24.7495770454407));
#15209=CARTESIAN_POINT('',(-34.8451733589172,0.,-24.7495770454407));
#15210=CARTESIAN_POINT('Origin',(-33.4084677696228,0.,-27.6595020294189));
#15211=CARTESIAN_POINT('',(-33.4084677696228,0.,-27.6595020294189));
#15212=CARTESIAN_POINT('',(-33.4084677696228,0.,-27.6595020294189));
#15213=CARTESIAN_POINT('',(-33.4084677696228,0.,-27.6595020294189));
#15214=CARTESIAN_POINT('Origin',(-31.8323397636414,0.,-30.5220866203308));
#15215=CARTESIAN_POINT('',(-31.8323397636414,0.,-30.5220866203308));
#15216=CARTESIAN_POINT('',(-31.8323397636414,0.,-30.5220866203308));
#15217=CARTESIAN_POINT('',(-31.8323397636414,0.,-30.5220866203308));
#15218=CARTESIAN_POINT('Origin',(-30.113844871521,0.,-33.3395624160767));
#15219=CARTESIAN_POINT('',(-30.113844871521,0.,-33.3395624160767));
#15220=CARTESIAN_POINT('',(-30.113844871521,0.,-33.3395624160767));
#15221=CARTESIAN_POINT('',(-30.113844871521,0.,-33.3395624160767));
#15222=CARTESIAN_POINT('Origin',(-28.2495498657227,0.,-36.1138391494751));
#15223=CARTESIAN_POINT('',(-28.2495498657227,0.,-36.1138391494751));
#15224=CARTESIAN_POINT('',(-28.2495498657227,0.,-36.1138391494751));
#15225=CARTESIAN_POINT('',(-28.2495498657227,0.,-36.1138391494751));
#15226=CARTESIAN_POINT('Origin',(-26.2453150749207,0.,-38.8338971138));
#15227=CARTESIAN_POINT('',(-26.2453150749207,0.,-38.8338971138));
#15228=CARTESIAN_POINT('',(-26.2453150749207,0.,-38.8338971138));
#15229=CARTESIAN_POINT('',(-26.2453150749207,0.,-38.8338971138));
#15230=CARTESIAN_POINT('Origin',(-26.2128496170044,0.,-38.6686778068542));
#15231=CARTESIAN_POINT('',(-26.2128496170044,0.,-38.6686778068542));
#15232=CARTESIAN_POINT('',(-26.2128496170044,0.,-38.6686778068542));
#15233=CARTESIAN_POINT('',(-26.2128496170044,0.,-38.6686778068542));
#15234=CARTESIAN_POINT('Origin',(-26.1531209945679,0.,-38.5112452507019));
#15235=CARTESIAN_POINT('',(-26.1531209945679,0.,-38.5112452507019));
#15236=CARTESIAN_POINT('',(-26.1531209945679,0.,-38.5112452507019));
#15237=CARTESIAN_POINT('',(-26.1531209945679,0.,-38.5112452507019));
#15238=CARTESIAN_POINT('Origin',(-26.0678267478943,0.,-38.3660697937012));
#15239=CARTESIAN_POINT('',(-26.0678267478943,0.,-38.3660697937012));
#15240=CARTESIAN_POINT('',(-26.0678267478943,0.,-38.3660697937012));
#15241=CARTESIAN_POINT('',(-26.0678267478943,0.,-38.3660697937012));
#15242=CARTESIAN_POINT('Origin',(-25.9593820571899,0.,-38.2372641563415));
#15243=CARTESIAN_POINT('',(-25.9593820571899,0.,-38.2372641563415));
#15244=CARTESIAN_POINT('',(-25.9593820571899,0.,-38.2372641563415));
#15245=CARTESIAN_POINT('',(-25.9593820571899,0.,-38.2372641563415));
#15246=CARTESIAN_POINT('Origin',(-25.830864906311,0.,-38.1284761428833));
#15247=CARTESIAN_POINT('',(-25.830864906311,0.,-38.1284761428833));
#15248=CARTESIAN_POINT('',(-25.830864906311,0.,-38.1284761428833));
#15249=CARTESIAN_POINT('',(-25.830864906311,0.,-38.1284761428833));
#15250=CARTESIAN_POINT('Origin',(-25.6859159469604,0.,-38.0427932739258));
#15251=CARTESIAN_POINT('',(-25.6859159469604,0.,-38.0427932739258));
#15252=CARTESIAN_POINT('',(-25.6859159469604,0.,-38.0427932739258));
#15253=CARTESIAN_POINT('',(-25.6859159469604,0.,-38.0427932739258));
#15254=CARTESIAN_POINT('Origin',(-25.5286455154419,0.,-37.9826426506042));
#15255=CARTESIAN_POINT('',(-25.5286455154419,0.,-37.9826426506042));
#15256=CARTESIAN_POINT('',(-25.5286455154419,0.,-37.9826426506042));
#15257=CARTESIAN_POINT('',(-25.5286455154419,0.,-37.9826426506042));
#15258=CARTESIAN_POINT('Origin',(-25.3635120391846,0.,-37.9497385025024));
#15259=CARTESIAN_POINT('',(-25.3635120391846,0.,-37.9497385025024));
#15260=CARTESIAN_POINT('',(-25.3635120391846,0.,-37.9497385025024));
#15261=CARTESIAN_POINT('',(-25.3635120391846,0.,-37.9497385025024));
#15262=CARTESIAN_POINT('Origin',(-25.1952004432678,0.,-37.9450011253357));
#15263=CARTESIAN_POINT('',(-25.1952004432678,0.,-37.9450011253357));
#15264=CARTESIAN_POINT('',(-25.1952004432678,0.,-37.9450011253357));
#15265=CARTESIAN_POINT('',(-25.1952004432678,0.,-37.9450011253357));
#15266=CARTESIAN_POINT('Origin',(-25.0284790992737,0.,-37.9685711860657));
#15267=CARTESIAN_POINT('',(-25.0284790992737,0.,-37.9685711860657));
#15268=CARTESIAN_POINT('',(-25.0284790992737,0.,-37.9685711860657));
#15269=CARTESIAN_POINT('',(-25.0284790992737,0.,-37.9685711860657));
#15270=CARTESIAN_POINT('Origin',(-24.8680758476257,0.,-38.0197834968567));
#15271=CARTESIAN_POINT('',(-24.8680758476257,0.,-38.0197834968567));
#15272=CARTESIAN_POINT('',(-24.8680758476257,0.,-38.0197834968567));
#15273=CARTESIAN_POINT('',(-24.8680758476257,0.,-38.0197834968567));
#15274=CARTESIAN_POINT('Origin',(-24.7185397148132,0.,-38.0971789360046));
#15275=CARTESIAN_POINT('',(-24.7185397148132,0.,-38.0971789360046));
#15276=CARTESIAN_POINT('',(-24.7185397148132,0.,-38.0971789360046));
#15277=CARTESIAN_POINT('',(-24.7185397148132,0.,-38.0971789360046));
#15278=CARTESIAN_POINT('Origin',(-24.5841073989868,0.,-38.1985664367676));
#15279=CARTESIAN_POINT('',(-24.5841073989868,0.,-38.1985664367676));
#15280=CARTESIAN_POINT('',(-24.5841073989868,0.,-38.1985664367676));
#15281=CARTESIAN_POINT('',(-24.5841073989868,0.,-38.1985664367676));
#15282=CARTESIAN_POINT('Origin',(-24.4685912132263,0.,-38.3210754394531));
#15283=CARTESIAN_POINT('',(-24.4685912132263,0.,-38.3210754394531));
#15284=CARTESIAN_POINT('',(-24.4685912132263,0.,-38.3210754394531));
#15285=CARTESIAN_POINT('',(-24.4685912132263,0.,-38.3210754394531));
#15286=CARTESIAN_POINT('Origin',(-24.3752694129944,0.,-38.4612274169922));
#15287=CARTESIAN_POINT('',(-24.3752694129944,0.,-38.4612274169922));
#15288=CARTESIAN_POINT('',(-24.3752694129944,0.,-38.4612274169922));
#15289=CARTESIAN_POINT('',(-24.3752694129944,0.,-38.4612274169922));
#15290=CARTESIAN_POINT('Origin',(-24.3067836761475,0.,-38.6150527000427));
#15291=CARTESIAN_POINT('',(-24.3067836761475,0.,-38.6150527000427));
#15292=CARTESIAN_POINT('',(-24.3067836761475,0.,-38.6150527000427));
#15293=CARTESIAN_POINT('',(-24.3067836761475,0.,-38.6150527000427));
#15294=CARTESIAN_POINT('Origin',(-24.265079498291,0.,-38.7781834602356));
#15295=CARTESIAN_POINT('',(-24.265079498291,0.,-38.7781834602356));
#15296=CARTESIAN_POINT('',(-24.265079498291,0.,-38.7781834602356));
#15297=CARTESIAN_POINT('',(-24.265079498291,0.,-38.7781834602356));
#15298=CARTESIAN_POINT('Origin',(-24.2513346672058,0.,-38.9459991455078));
#15299=CARTESIAN_POINT('',(-24.2513346672058,0.,-38.9459991455078));
#15300=CARTESIAN_POINT('',(-24.2513346672058,0.,-38.9459991455078));
#15301=CARTESIAN_POINT('',(-24.2513346672058,0.,-38.9459991455078));
#15302=CARTESIAN_POINT('Origin',(-24.2628693580627,0.,-39.0948915481567));
#15303=CARTESIAN_POINT('',(-24.2628693580627,0.,-39.0948915481567));
#15304=CARTESIAN_POINT('',(-24.2628693580627,0.,-39.0948915481567));
#15305=CARTESIAN_POINT('',(-24.2628693580627,0.,-39.0948915481567));
#15306=CARTESIAN_POINT('Origin',(-21.6377329826355,0.,-36.9986081123352));
#15307=CARTESIAN_POINT('',(-21.6377329826355,0.,-36.9986081123352));
#15308=CARTESIAN_POINT('',(-21.6377329826355,0.,-36.9986081123352));
#15309=CARTESIAN_POINT('',(-21.6377329826355,0.,-36.9986081123352));
#15310=CARTESIAN_POINT('Origin',(-19.1396450996399,0.,-34.8213887214661));
#15311=CARTESIAN_POINT('',(-19.1396450996399,0.,-34.8213887214661));
#15312=CARTESIAN_POINT('',(-19.1396450996399,0.,-34.8213887214661));
#15313=CARTESIAN_POINT('',(-19.1396450996399,0.,-34.8213887214661));
#15314=CARTESIAN_POINT('Origin',(-16.7646944522858,0.,-32.561821937561));
#15315=CARTESIAN_POINT('',(-16.7646944522858,0.,-32.561821937561));
#15316=CARTESIAN_POINT('',(-16.7646944522858,0.,-32.561821937561));
#15317=CARTESIAN_POINT('',(-16.7646944522858,0.,-32.561821937561));
#15318=CARTESIAN_POINT('Origin',(-14.509688615799,0.,-30.2183508872986));
#15319=CARTESIAN_POINT('',(-14.509688615799,0.,-30.2183508872986));
#15320=CARTESIAN_POINT('Origin',(-20.8598133735359,0.,-19.872460141778));
#15321=UNCERTAINTY_MEASURE_WITH_UNIT(LENGTH_MEASURE(0.01),#15325,
'DISTANCE_ACCURACY_VALUE',
'Maximum model space distance between geometric entities at asserted c
onnectivities');
#15322=UNCERTAINTY_MEASURE_WITH_UNIT(LENGTH_MEASURE(0.01),#15325,
'DISTANCE_ACCURACY_VALUE',
'Maximum model space distance between geometric entities at asserted c
onnectivities');
#15323=(
GEOMETRIC_REPRESENTATION_CONTEXT(3)
GLOBAL_UNCERTAINTY_ASSIGNED_CONTEXT((#15321))
GLOBAL_UNIT_ASSIGNED_CONTEXT((#15325,#15327,#15328))
REPRESENTATION_CONTEXT('','3D')
);
#15324=(
GEOMETRIC_REPRESENTATION_CONTEXT(3)
GLOBAL_UNCERTAINTY_ASSIGNED_CONTEXT((#15322))
GLOBAL_UNIT_ASSIGNED_CONTEXT((#15325,#15327,#15328))
REPRESENTATION_CONTEXT('','3D')
);
#15325=(
LENGTH_UNIT()
NAMED_UNIT(*)
SI_UNIT(.MILLI.,.METRE.)
);
#15326=(
LENGTH_UNIT()
NAMED_UNIT(*)
SI_UNIT($,.METRE.)
);
#15327=(
NAMED_UNIT(*)
PLANE_ANGLE_UNIT()
SI_UNIT($,.RADIAN.)
);
#15328=(
NAMED_UNIT(*)
SI_UNIT($,.STERADIAN.)
SOLID_ANGLE_UNIT()
);
#15329=SHAPE_DEFINITION_REPRESENTATION(#15330,#15331);
#15330=PRODUCT_DEFINITION_SHAPE('',$,#15333);
#15331=SHAPE_REPRESENTATION('',(#9653),#15323);
#15332=PRODUCT_DEFINITION_CONTEXT('part definition',#15337,'design');
#15333=PRODUCT_DEFINITION('(Unsaved)','(Unsaved)',#15334,#15332);
#15334=PRODUCT_DEFINITION_FORMATION('',$,#15339);
#15335=PRODUCT_RELATED_PRODUCT_CATEGORY('(Unsaved)','(Unsaved)',(#15339));
#15336=APPLICATION_PROTOCOL_DEFINITION('international standard',
'automotive_design',2009,#15337);
#15337=APPLICATION_CONTEXT(
'Core Data for Automotive Mechanical Design Process');
#15338=PRODUCT_CONTEXT('part definition',#15337,'mechanical');
#15339=PRODUCT('(Unsaved)','(Unsaved)',$,(#15338));
#15340=PRESENTATION_STYLE_ASSIGNMENT((#15341));
#15341=SURFACE_STYLE_USAGE(.BOTH.,#15342);
#15342=SURFACE_SIDE_STYLE('',(#15343));
#15343=SURFACE_STYLE_FILL_AREA(#15344);
#15344=FILL_AREA_STYLE('Steel - Satin',(#15345));
#15345=FILL_AREA_STYLE_COLOUR('Steel - Satin',#15346);
#15346=COLOUR_RGB('Steel - Satin',0.627450980392157,0.627450980392157,0.627450980392157);
ENDSEC;
END-ISO-10303-21;
